"Playlist Date","Playlist Time","Playlist Date-time","Playlist Title","Playlist Category","Playlist Duration","DJ ID","DJ Name",Date,Time,Date-time,Artist,Song,Release,Duration,Request,ISRC,"Song custom field",Local,Released,"Artist custom field","Song note",Label,UPC
"Aug 4, 2026","8:00:00 PM",2026-08-04T20:00:00-0700,"08.04.2026 - Michael G",Music,120,173567,"Jim Causey","Aug 4, 2026","9:54:00 PM",2026-08-04T21:54:00-0700,"Steven Wilson","Harmony Korine",Insurgentes,5:10,,,,,,,,"Headphone Dust",
"Aug 4, 2026","8:00:00 PM",2026-08-04T20:00:00-0700,"08.04.2026 - Michael G",Music,120,173567,"Jim Causey","Aug 4, 2026","9:48:28 PM",2026-08-04T21:48:28-0700,"Hello Meteor","Community Corporate","On-World Ordinary Nights",3:50,,QZMEM2615790,,,2026,,,DISTROKID,0821311891442
"Aug 4, 2026","8:00:00 PM",2026-08-04T20:00:00-0700,"08.04.2026 - Michael G",Music,120,173567,"Jim Causey","Aug 4, 2026","9:43:00 PM",2026-08-04T21:43:00-0700,"Plurel (Jeremy Blake)","I Wish I Was Lusine","Velocity 22",,,,,,,,,"Red Means Recording",
"Aug 4, 2026","8:00:00 PM",2026-08-04T20:00:00-0700,"08.04.2026 - Michael G",Music,120,173567,"Jim Causey","Aug 4, 2026","9:39:13 PM",2026-08-04T21:39:13-0700,"Tears Run Rings","Happiness 10","Everything In The End",3:10,,USR7P2421512,,,2024,,,Shelflife,0759159696465
"Aug 4, 2026","8:00:00 PM",2026-08-04T20:00:00-0700,"08.04.2026 - Michael G",Music,120,173567,"Jim Causey","Aug 4, 2026","9:31:36 PM",2026-08-04T21:31:36-0700,"If These Trees Could Talk","Moon Machine","The Hidden Hand",7:58,,USMBR2617118,,,2026,,,"Metal Blade Records",0039841973129
"Aug 4, 2026","8:00:00 PM",2026-08-04T20:00:00-0700,"08.04.2026 - Michael G",Music,120,173567,"Jim Causey","Aug 4, 2026","9:29:45 PM",2026-08-04T21:29:45-0700,"If These Trees Could Talk",Archons,"The Hidden Hand",1:53,,USMBR2617117,,,2026,,,"Metal Blade Records",0039841973129
"Aug 4, 2026","8:00:00 PM",2026-08-04T20:00:00-0700,"08.04.2026 - Michael G",Music,120,173567,"Jim Causey","Aug 4, 2026","9:25:00 PM",2026-08-04T21:25:00-0700,"Russell Carlsson Coe","Bed of Rose","god, who holds the children dear",,,,,,,,,Self-Released,
"Aug 4, 2026","8:00:00 PM",2026-08-04T20:00:00-0700,"08.04.2026 - Michael G",Music,120,173567,"Jim Causey","Aug 4, 2026","9:21:20 PM",2026-08-04T21:21:20-0700,Ladytron,"Misery Remember Me","Misery Remember Me",4:14,,GBCEJ2200056,,,2023,,,"Cooking Vinyl Limited",
"Aug 4, 2026","8:00:00 PM",2026-08-04T20:00:00-0700,"08.04.2026 - Michael G",Music,120,173567,"Jim Causey","Aug 4, 2026","9:16:00 PM",2026-08-04T21:16:00-0700,tonicSky,"Nobody Knows Who I Am","2027 - New Years",,,,,,,,,,
"Aug 4, 2026","8:00:00 PM",2026-08-04T20:00:00-0700,"08.04.2026 - Michael G",Music,120,173567,"Jim Causey","Aug 4, 2026","9:12:33 PM",2026-08-04T21:12:33-0700,"Tourist Activities","Wrong Side","Wrong Side",4:38,,CAHQJ2302871,,,2023,,,"Den Tapes",0055120281891
"Aug 4, 2026","8:00:00 PM",2026-08-04T20:00:00-0700,"08.04.2026 - Michael G",Music,120,173567,"Jim Causey","Aug 4, 2026","9:08:14 PM",2026-08-04T21:08:14-0700,Emancipator,"Wolf Drawn","Soon It Will Be Cold Enough",3:20,,TCABY1497177,,,2006,,,"Loci Records",0859713069510
"Aug 4, 2026","8:00:00 PM",2026-08-04T20:00:00-0700,"08.04.2026 - Michael G",Music,120,173567,"Jim Causey","Aug 4, 2026","9:05:19 PM",2026-08-04T21:05:19-0700,Esbe,"Lullaby Of The Leaves","Late Night Headphones Vol. 1",3:02,,USEAX1900209,,,2010,,,Self-Released,0702334209042
"Aug 4, 2026","8:00:00 PM",2026-08-04T20:00:00-0700,"08.04.2026 - Michael G",Music,120,173567,"Jim Causey","Aug 4, 2026","9:00:00 PM",2026-08-04T21:00:00-0700,"Death Devoir",Bonelock,"Suicide Machine",,,,,,,,,Self-Released?,
"Aug 4, 2026","8:00:00 PM",2026-08-04T20:00:00-0700,"08.04.2026 - Michael G",Music,120,173567,"Jim Causey","Aug 4, 2026","8:55:59 PM",2026-08-04T20:55:59-0700,Air,"Mer du Japon","Pocket Symphony",3:05,,FRU520600008,,,2007,,,Aircheology,3663729030511
"Aug 4, 2026","8:00:00 PM",2026-08-04T20:00:00-0700,"08.04.2026 - Michael G",Music,120,173567,"Jim Causey","Aug 4, 2026","8:50:55 PM",2026-08-04T20:50:55-0700,"Beach House","American Daughter",Become,4:15,,USSUB2254501,,,2023,,,"Subpop Record Group",0098787154566
"Aug 4, 2026","8:00:00 PM",2026-08-04T20:00:00-0700,"08.04.2026 - Michael G",Music,120,173567,"Jim Causey","Aug 4, 2026","8:46:48 PM",2026-08-04T20:46:48-0700,"Lo Moon",Connecticut,"Water / Connecticut",4:25,,QMFME2329112,,,2024,,,"Strngr Recordings",0197190578287
"Aug 4, 2026","8:00:00 PM",2026-08-04T20:00:00-0700,"08.04.2026 - Michael G",Music,120,173567,"Jim Causey","Aug 4, 2026","8:42:00 PM",2026-08-04T20:42:00-0700,"Talk Talk","I Don't Believe In You - 1997 Remastered Version","The Colour Of Spring",5:02,,GBAYE9702148,,,1993,,,"Parlophone UK",0724385713156
"Aug 4, 2026","8:00:00 PM",2026-08-04T20:00:00-0700,"08.04.2026 - Michael G",Music,120,173567,"Jim Causey","Aug 4, 2026","8:36:29 PM",2026-08-04T20:36:29-0700,"Jean-Michel Jarre","Brick England","Electronica 2: The Heart of Noise",4:01,,UK9LA1600103,,,2016,,,SME,0886445770056
"Aug 4, 2026","8:00:00 PM",2026-08-04T20:00:00-0700,"08.04.2026 - Michael G",Music,120,173567,"Jim Causey","Aug 4, 2026","8:33:09 PM",2026-08-04T20:33:09-0700,Kavinsky,Blizzard,OutRun,3:26,,FRS711200280,,,2013,,,"Universal Music Division Virgin Records",00602537292066
"Aug 4, 2026","8:00:00 PM",2026-08-04T20:00:00-0700,"08.04.2026 - Michael G",Music,120,173567,"Jim Causey","Aug 4, 2026","8:30:02 PM",2026-08-04T20:30:02-0700,Kavinsky,Renegade,Reborn,3:17,,FRS712100080,,,2021,,,"Universal Music Division Virgin Records",00602445055395
"Aug 4, 2026","8:00:00 PM",2026-08-04T20:00:00-0700,"08.04.2026 - Michael G",Music,120,173567,"Jim Causey","Aug 4, 2026","8:26:33 PM",2026-08-04T20:26:33-0700,Pogo,"Jungle Dash ","Jungle Dash",3:31,,,,,2016,,,Self-Released,
"Aug 4, 2026","8:00:00 PM",2026-08-04T20:00:00-0700,"08.04.2026 - Michael G",Music,120,173567,"Jim Causey","Aug 4, 2026","8:22:09 PM",2026-08-04T20:22:09-0700,"The Charlatans","Let the Good Times Be Never Ending (Instrumental)","Modern Nature (Expanded Deluxe)",6:31,,GB5KW1501023,,,2024,,,"BMG Rights Management (UK) Limited",4099964027099
"Aug 4, 2026","8:00:00 PM",2026-08-04T20:00:00-0700,"08.04.2026 - Michael G",Music,120,173567,"Jim Causey","Aug 4, 2026","8:15:58 PM",2026-08-04T20:15:58-0700,M83,"Earth To Sea","Fantasy - Chapter 1",6:40,,GB5SH2200006,,,2023,,,Mute,0724596110256
"Aug 4, 2026","8:00:00 PM",2026-08-04T20:00:00-0700,"08.04.2026 - Michael G",Music,120,173567,"Jim Causey","Aug 4, 2026","8:11:29 PM",2026-08-04T20:11:29-0700,Cannons,"These Nights","These Nights",4:39,,USSM12600130,,,2026,,,SME,0196874018224
"Aug 4, 2026","8:00:00 PM",2026-08-04T20:00:00-0700,"08.04.2026 - Michael G",Music,120,173567,"Jim Causey","Aug 4, 2026","8:06:06 PM",2026-08-04T20:06:06-0700,Mogwai,"Fanzine Made Of Flesh","Fanzine Made of Flesh",4:34,,GBGDZ2400076,,,2025,,,"Temporary Residence Ltd.",0656605444260
"Aug 4, 2026","8:00:00 PM",2026-08-04T20:00:00-0700,"08.04.2026 - Michael G",Music,120,173567,"Jim Causey","Aug 4, 2026","8:01:01 PM",2026-08-04T20:01:01-0700,"The Twilight Sad","GET AWAY FROM IT ALL","IT'S THE LONG GOODBYE",5:06,,GBGDZ2500062,,,2026,,,"Rock Action Records",5051083230025
"Jul 28, 2026","8:30:00 PM",2026-07-28T20:30:00-0700,"07.28.2026 - Jim Causey",Music,120,173567,"Jim Causey","Jul 28, 2026","10:16:45 PM",2026-07-28T22:16:45-0700,"Thom Brennan","Alaskan Highway, Pt. 1 (excerpt)","Alaskan Highway",18:00,,USHM22619213,,L,2026,,,"Thom Brennan",823000234776
"Jul 28, 2026","8:30:00 PM",2026-07-28T20:30:00-0700,"07.28.2026 - Jim Causey",Music,120,173567,"Jim Causey","Jul 28, 2026","10:10:37 PM",2026-07-28T22:10:37-0700,"Kaley Lane Eaton","Crowded Park","Live from the Unknown",5:48,,QZTB52628538,,L,2026,,"Performing Thursday, August 13 at the Chapel Performance Center in Seattle for Wayward Music Series","Strange Moon Records",0825642379396
"Jul 28, 2026","8:30:00 PM",2026-07-28T20:30:00-0700,"07.28.2026 - Jim Causey",Music,120,173567,"Jim Causey","Jul 28, 2026","10:03:47 PM",2026-07-28T22:03:47-0700,"Madeline Goldstein","Dream 2 Die (No Heaven)","Dream 2 Die (No Heaven)",4:59,,QMFMF2564626,,L,2026,,,"Artoffact Records",0628070647293
"Jul 28, 2026","8:30:00 PM",2026-07-28T20:30:00-0700,"07.28.2026 - Jim Causey",Music,120,173567,"Jim Causey","Jul 28, 2026","10:00:39 PM",2026-07-28T22:00:39-0700,LEATHERS,Divine,Ultraviolet,3:07,,QM6MZ2447200,,L,2024,,"By request from Jeff!","Artoffact Records",0198391808258
"Jul 28, 2026","8:30:00 PM",2026-07-28T20:30:00-0700,"07.28.2026 - Jim Causey",Music,120,173567,"Jim Causey","Jul 28, 2026","9:56:54 PM",2026-07-28T21:56:54-0700,"Michael Shrieve and Patrick Gleeson","Main Title","The Bedroom Window (soundtrack)",3:53,,,,L,1987,,"Patrick Gleeson died on July 19",,
"Jul 28, 2026","8:30:00 PM",2026-07-28T20:30:00-0700,"07.28.2026 - Jim Causey",Music,120,173567,"Jim Causey","Jul 28, 2026","9:42:26 PM",2026-07-28T21:42:26-0700,"Pink Floyd","Shine On You Crazy Diamond, Pts. 1-5","Wish You Were Here",13:35,,GBN9Y1100085,,,1975,,"Richard Wright, keyboardist for Pink Floyd, was born on this day in 1943",Columbia/Legacy,886445635843
"Jul 28, 2026","8:30:00 PM",2026-07-28T20:30:00-0700,"07.28.2026 - Jim Causey",Music,120,173567,"Jim Causey","Jul 28, 2026","9:37:53 PM",2026-07-28T21:37:53-0700,"Boards of Canada","Into The Magic Land",Inferno,4:35,,GBBPW2602551,,,2026,,,"Warp Records",5056818808869
"Jul 28, 2026","8:30:00 PM",2026-07-28T20:30:00-0700,"07.28.2026 - Jim Causey",Music,120,173567,"Jim Causey","Jul 28, 2026","9:32:51 PM",2026-07-28T21:32:51-0700,Lusine,"Bird's Eye","Bird's Eye",5:18,,US2J72609702,,,2026,,,"Ghostly International",0617308057751
"Jul 28, 2026","8:30:00 PM",2026-07-28T20:30:00-0700,"07.28.2026 - Jim Causey",Music,120,173567,"Jim Causey","Jul 28, 2026","9:30:55 PM",2026-07-28T21:30:55-0700,"Hello Meteor","Momentary Time Delay","Seven Hour Sunset",1:53,,QZTAU2273821,,,2022,,,DISTROKID,0197271698897
"Jul 28, 2026","8:30:00 PM",2026-07-28T20:30:00-0700,"07.28.2026 - Jim Causey",Music,120,173567,"Jim Causey","Jul 28, 2026","9:24:35 PM",2026-07-28T21:24:35-0700,ICEHOUSE,"Electric Blue","Man of Colours",4:24,,AUC441100033,,,1987,,,"Diva Records Pty Ltd",9369999801915
"Jul 28, 2026","8:30:00 PM",2026-07-28T20:30:00-0700,"07.28.2026 - Jim Causey",Music,120,173567,"Jim Causey","Jul 28, 2026","9:21:27 PM",2026-07-28T21:21:27-0700,"Avalon Emerson","Jupiter and Mars","Jupiter and Mars",3:14,,USJ5G2636902,,,2026,,"Performing Sunday, August 9 at Capitol Hill Block Party in Seattle","Dead Oceans",0617308005356
"Jul 28, 2026","8:30:00 PM",2026-07-28T20:30:00-0700,"07.28.2026 - Jim Causey",Music,120,173567,"Jim Causey","Jul 28, 2026","9:16:39 PM",2026-07-28T21:16:39-0700,"White Lies","As I Try Not To Fall Apart","As I Try Not To Fall Apart",4:57,,GBENL2103083,,,2021,,,[PIAS],5400863067236
"Jul 28, 2026","8:30:00 PM",2026-07-28T20:30:00-0700,"07.28.2026 - Jim Causey",Music,120,173567,"Jim Causey","Jul 28, 2026","9:11:12 PM",2026-07-28T21:11:12-0700,"Drab Majesty",Photograph,"I Saw The TV Glow (Original Soundtrack)",5:34,,QMB622402710,,,2024,,,"A24 Music",
"Jul 28, 2026","8:30:00 PM",2026-07-28T20:30:00-0700,"07.28.2026 - Jim Causey",Music,120,173567,"Jim Causey","Jul 28, 2026","9:06:49 PM",2026-07-28T21:06:49-0700,Bootblacks,"When You Want","When You Want",3:49,,QM4TW2475975,,,2024,,,"Artoffact Records",0198391154645
"Jul 28, 2026","8:30:00 PM",2026-07-28T20:30:00-0700,"07.28.2026 - Jim Causey",Music,120,173567,"Jim Causey","Jul 28, 2026","9:02:06 PM",2026-07-28T21:02:06-0700,"The Discussion","In Death and Life","In Death and Life",4:51,,QMFMF2419893,,,2025,,,"Artoffact Records",0199066611579
"Jul 28, 2026","8:30:00 PM",2026-07-28T20:30:00-0700,"07.28.2026 - Jim Causey",Music,120,173567,"Jim Causey","Jul 28, 2026","8:59:05 PM",2026-07-28T20:59:05-0700,ACTORS,Youth,"Youth - Single",3:17,,,,L,2026,,"Performing in Vancouver BC on Friday, October 9 at the Rickshaw",Artofact,
"Jul 28, 2026","8:30:00 PM",2026-07-28T20:30:00-0700,"07.28.2026 - Jim Causey",Music,120,173567,"Jim Causey","Jul 28, 2026","8:53:37 PM",2026-07-28T20:53:37-0700,"Dark Chisme","Breathe, Break it","Breathe, Break it",4:29,,QZTB82526400,,L,2025,,"Performing at Capitol Hill Block Party in Seattle on Friday, August 7","Dark Chisme",0199518257775
"Jul 28, 2026","8:30:00 PM",2026-07-28T20:30:00-0700,"07.28.2026 - Jim Causey",Music,120,173567,"Jim Causey","Jul 28, 2026","8:47:33 PM",2026-07-28T20:47:33-0700,"New Order","The Village","Power, Corruption And Lies",4:37,,GBAAP1500381,,,1983,,,Rhino,0825646008339
"Jul 28, 2026","8:30:00 PM",2026-07-28T20:30:00-0700,"07.28.2026 - Jim Causey",Music,120,173567,"Jim Causey","Jul 28, 2026","8:44:08 PM",2026-07-28T20:44:08-0700,"Boy Harsher",Jeans,Jeans,3:27,,USAT22604489,,,2026,,"Performing on October 11 (sold out!) and October 12 at the Showbox in Seattle!","Atlantic Records",0075679571427
"Jul 28, 2026","8:30:00 PM",2026-07-28T20:30:00-0700,"07.28.2026 - Jim Causey",Music,120,173567,"Jim Causey","Jul 28, 2026","8:39:25 PM",2026-07-28T20:39:25-0700,"Gary Numan","We Are Glass",Telekon,4:47,,GBAZP9700054,,,1980,,,"Beggars Banquet",607618001988
"Jul 28, 2026","8:30:00 PM",2026-07-28T20:30:00-0700,"07.28.2026 - Jim Causey",Music,120,173567,"Jim Causey","Jul 28, 2026","8:34:32 PM",2026-07-28T20:34:32-0700,"FM Attack",Future,Future,5:00,,GBKQU2655427,,,2026,,,"Starfield Music",5054289956324
"Jul 28, 2026","8:30:00 PM",2026-07-28T20:30:00-0700,"07.28.2026 - Jim Causey",Music,120,173567,"Jim Causey","Jul 28, 2026","8:30:52 PM",2026-07-28T20:30:52-0700,Bunadox,"The Prism","The Prism",3:38,,GBWUL2620505,,L,2026,,,"The Ether Room",0824296693957
"Jul 21, 2026","8:30:00 PM",2026-07-21T20:30:00-0700,"07.21.2026 - Michael G",Music,120,173567,"Jim Causey","Jul 21, 2026","10:26:12 PM",2026-07-21T22:26:12-0700,Bluetech,"On the Cusp of Dissolution","Petite Constellations",3:42,,GBJJM2600006,,,2026,,,DIN,5028423260967
"Jul 21, 2026","8:30:00 PM",2026-07-21T20:30:00-0700,"07.21.2026 - Michael G",Music,120,173567,"Jim Causey","Jul 21, 2026","10:20:02 PM",2026-07-21T22:20:02-0700,Tor,"Inkeri - Fejká Remix","Oasis Sky (Remixes)",5:29,,USA2P2200529,,,2022,,,"Tor Music",0192641917738
"Jul 21, 2026","8:30:00 PM",2026-07-21T20:30:00-0700,"07.21.2026 - Michael G",Music,120,173567,"Jim Causey","Jul 21, 2026","10:13:50 PM",2026-07-21T22:13:50-0700,trentemøller,Glow,Memoria,6:23,,DEL022270004,,,2022,,,"In My Room",4250382444725
"Jul 21, 2026","8:30:00 PM",2026-07-21T20:30:00-0700,"07.21.2026 - Michael G",Music,120,173567,"Jim Causey","Jul 21, 2026","10:09:57 PM",2026-07-21T22:09:57-0700,"Flying Lotus","The Eyes of Vengeance",Yasuke,2:59,,GBBPW2100127,,,2021,,,"Warp Records",0801061033439
"Jul 21, 2026","8:30:00 PM",2026-07-21T20:30:00-0700,"07.21.2026 - Michael G",Music,120,173567,"Jim Causey","Jul 21, 2026","10:04:23 PM",2026-07-21T22:04:23-0700,Bonobo,"Age of Phase",Fragments,5:42,,GBCFB2100682,,,2022,,,"Ninja Tune",5054429151855
"Jul 21, 2026","8:30:00 PM",2026-07-21T20:30:00-0700,"07.21.2026 - Michael G",Music,120,173567,"Jim Causey","Jul 21, 2026","10:00:51 PM",2026-07-21T22:00:51-0700,NINA,"One Of Us (Jonny Royall Remix) - Instrumental","One Of Us (EP) [Instrumentals]",3:38,,GB8UU2400536,,,2024,,,"Aztec Records Ltd",5054288207717
"Jul 21, 2026","8:30:00 PM",2026-07-21T20:30:00-0700,"07.21.2026 - Michael G",Music,120,173567,"Jim Causey","Jul 21, 2026","9:55:09 PM",2026-07-21T21:55:09-0700,supercandy,"Huldigen Musik","Some Candy",5:09,,USA2P1910518,,,2019,,,"Crash Symbols",0192641260919
"Jul 21, 2026","8:30:00 PM",2026-07-21T20:30:00-0700,"07.21.2026 - Michael G",Music,120,173567,"Jim Causey","Jul 21, 2026","9:52:00 PM",2026-07-21T21:52:00-0700,Fallen,"Angry Forests","Whispered Hymns",,,,,,,,,Neotantra,
"Jul 21, 2026","8:30:00 PM",2026-07-21T20:30:00-0700,"07.21.2026 - Michael G",Music,120,173567,"Jim Causey","Jul 21, 2026","9:49:04 PM",2026-07-21T21:49:04-0700,"Sea Lemon",Cellar,Cellar,4:05,,QM6N22357278,,,2023,,,"Luminelle Recordings",0197188823689
"Jul 21, 2026","8:30:00 PM",2026-07-21T20:30:00-0700,"07.21.2026 - Michael G",Music,120,173567,"Jim Causey","Jul 21, 2026","9:45:49 PM",2026-07-21T21:45:49-0700,"Eric David Wallace","Cream Puff","Cream Puff",3:21,,TCAHH2327106,,,2023,,,ARC26,0859776209489
"Jul 21, 2026","8:30:00 PM",2026-07-21T20:30:00-0700,"07.21.2026 - Michael G",Music,120,173567,"Jim Causey","Jul 21, 2026","9:43:20 PM",2026-07-21T21:43:20-0700,"Sex Park",Interlude,Interlude,2:39,,QZTB92433813,,,2024,,,Verboden,0198891899008
"Jul 21, 2026","8:30:00 PM",2026-07-21T20:30:00-0700,"07.21.2026 - Michael G",Music,120,173567,"Jim Causey","Jul 21, 2026","9:40:34 PM",2026-07-21T21:40:34-0700,"Kingdom of the Holy Sun","Whispers in My Dream","In the Shadows",3:16,,FR59R1902983,,,2019,,,"Dead Bees records",3615939135203
"Jul 21, 2026","8:30:00 PM",2026-07-21T20:30:00-0700,"07.21.2026 - Michael G",Music,120,173567,"Jim Causey","Jul 21, 2026","9:35:04 PM",2026-07-21T21:35:04-0700,Tample,"Visions - Palaisvert Remix","Visions (PalaisVert remix)",4:39,,FRP622402390,,,2024,,,"Yotanka Records",3617664153040
"Jul 21, 2026","8:30:00 PM",2026-07-21T20:30:00-0700,"07.21.2026 - Michael G",Music,120,173567,"Jim Causey","Jul 21, 2026","9:31:21 PM",2026-07-21T21:31:21-0700,Deserta,"I'm So Tired","I'm So Tired",3:50,,QMGEB2107902,,,2021,,,felte,0617308016277
"Jul 21, 2026","8:30:00 PM",2026-07-21T20:30:00-0700,"07.21.2026 - Michael G",Music,120,173567,"Jim Causey","Jul 21, 2026","9:27:00 PM",2026-07-21T21:27:00-0700,"Sky Cries Mary",Gibraltar,"A Broadcast From The Cosmic Void",,,,,,,,,"Trail Records",
"Jul 21, 2026","8:30:00 PM",2026-07-21T20:30:00-0700,"07.21.2026 - Michael G",Music,120,173567,"Jim Causey","Jul 21, 2026","9:22:52 PM",2026-07-21T21:22:52-0700,"Wolf Alice","Soapy Water","My Love Is Cool",3:42,,GBK3W1000344,,,2016,,,"Dirty Hit/RCA Records",0886448255130
"Jul 21, 2026","8:30:00 PM",2026-07-21T20:30:00-0700,"07.21.2026 - Michael G",Music,120,173567,"Jim Causey","Jul 21, 2026","9:19:44 PM",2026-07-21T21:19:44-0700,Alvvays,"Tom Verlaine","Blue Rev",3:26,,US3R42246504,,,2022,,,"Alvvays Music Inc.",
"Jul 21, 2026","8:30:00 PM",2026-07-21T20:30:00-0700,"07.21.2026 - Michael G",Music,120,173567,"Jim Causey","Jul 21, 2026","9:15:54 PM",2026-07-21T21:15:54-0700,"Tape Waves","Waiting for the Night",Bright,4:00,,QM6P42139140,,,2021,,,"Emotional Response",0196006775186
"Jul 21, 2026","8:30:00 PM",2026-07-21T20:30:00-0700,"07.21.2026 - Michael G",Music,120,173567,"Jim Causey","Jul 21, 2026","9:06:19 PM",2026-07-21T21:06:19-0700,"Kontiki Suite","Magic Carpet Ride","On Sunset Lake",8:30,,GBYNC1200012,,,2013,,,"SiZe Records UK",5055701643594
"Jul 21, 2026","8:30:00 PM",2026-07-21T20:30:00-0700,"07.21.2026 - Michael G",Music,120,173567,"Jim Causey","Jul 21, 2026","9:01:01 PM",2026-07-21T21:01:01-0700,"The Brian Jonestown Massacre",Anemone,"Their Satanic Majesties' Second Request",5:34,,GBSLX0810153,,,2009,,,"hfn music",4250382400240
"Jul 21, 2026","8:30:00 PM",2026-07-21T20:30:00-0700,"07.21.2026 - Michael G",Music,120,173567,"Jim Causey","Jul 21, 2026","8:55:41 PM",2026-07-21T20:55:41-0700,Fejká,"Maara (Sofia Kourtesis Remix)","Azur (Deluxe Edition)",4:21,,DEINP2500028,,,2026,,,Coexist,0820200111012
"Jul 21, 2026","8:30:00 PM",2026-07-21T20:30:00-0700,"07.21.2026 - Michael G",Music,120,173567,"Jim Causey","Jul 21, 2026","8:50:03 PM",2026-07-21T20:50:03-0700,"Talk to Her",Zodiac,Home,4:24,,IT0501601362,,,2018,,,SHYREC,0192562112908
"Jul 21, 2026","8:30:00 PM",2026-07-21T20:30:00-0700,"07.21.2026 - Michael G",Music,120,173567,"Jim Causey","Jul 21, 2026","8:45:41 PM",2026-07-21T20:45:41-0700,Antipole,"Walk With Me","Future Echoes",4:22,,QZTAU2404357,,,2026,,,Antipole,0825682300503
"Jul 21, 2026","8:30:00 PM",2026-07-21T20:30:00-0700,"07.21.2026 - Michael G",Music,120,173567,"Jim Causey","Jul 21, 2026","8:41:32 PM",2026-07-21T20:41:32-0700,"Paris Alexander",Devour,Devour,4:16,,QZDA62162700,,,2021,,,"Blue Door Music Productions",0196051066369
"Jul 21, 2026","8:30:00 PM",2026-07-21T20:30:00-0700,"07.21.2026 - Michael G",Music,120,173567,"Jim Causey","Jul 21, 2026","8:35:36 PM",2026-07-21T20:35:36-0700,"White Lies","Staring At The Sun - Bonus Track","As I Try Not To Fall Apart (Bonus Edition)",4:56,,GBENL2203385,,,2022,,,[PIAS],5400863094096
"Jul 21, 2026","8:30:00 PM",2026-07-21T20:30:00-0700,"07.21.2026 - Michael G",Music,120,173567,"Jim Causey","Jul 21, 2026","8:31:08 PM",2026-07-21T20:31:08-0700,"Tears Run Rings","Be Still",Somewhere,4:38,,USR7P1816403,,,2018,,,Shelflife,0711574857111
"Jul 14, 2026","8:30:00 PM",2026-07-14T20:30:00-0700,"07.14.2026 - Jim Causey",Music,120,173567,"Jim Causey","Jul 14, 2026","10:28:50 PM",2026-07-14T22:28:50-0700,Love,"Alone Again Or - 2015 Remastered Version","Forever Changes (2015 Remastered Version)",3:17,,USEE10609244,,,2018,,,Elektra,0081227418427
"Jul 14, 2026","8:30:00 PM",2026-07-14T20:30:00-0700,"07.14.2026 - Jim Causey",Music,120,173567,"Jim Causey","Jul 14, 2026","10:22:06 PM",2026-07-14T22:22:06-0700,"Dao Strom","owe own","Tender Revolutions",6:48,,QMDA72512856,,,2025,,,"Beacon Sound",0199538391589
"Jul 14, 2026","8:30:00 PM",2026-07-14T20:30:00-0700,"07.14.2026 - Jim Causey",Music,120,173567,"Jim Causey","Jul 14, 2026","10:15:49 PM",2026-07-14T22:15:49-0700,citrine,"facing the wind","line of sight",6:28,,QZES72580047,,,2025,,,"Home Normal",0199083290375
"Jul 14, 2026","8:30:00 PM",2026-07-14T20:30:00-0700,"07.14.2026 - Jim Causey",Music,120,173567,"Jim Causey","Jul 14, 2026","10:07:59 PM",2026-07-14T22:07:59-0700,"Rodrigo Passannanti","The Eternal","Everything Dies",8:37,,GXBDS2516512,,,2025,,,"Cyclical Dreams",5063473558756
"Jul 14, 2026","8:30:00 PM",2026-07-14T20:30:00-0700,"07.14.2026 - Jim Causey",Music,120,173567,"Jim Causey","Jul 14, 2026","10:05:15 PM",2026-07-14T22:05:15-0700,Talkdemonic,"Early and Forever","Early and Forever",2:56,,ushm92553582,,,2025,,,"Bathysphere Records",0199800207655
"Jul 14, 2026","8:30:00 PM",2026-07-14T20:30:00-0700,"07.14.2026 - Jim Causey",Music,120,173567,"Jim Causey","Jul 14, 2026","9:56:10 PM",2026-07-14T21:56:10-0700,"The OO-Ray",Marginals,Marginals,4:41,,QMDA62583295,,,2025,,,"Beacon Sound",0199538303797
"Jul 14, 2026","8:30:00 PM",2026-07-14T20:30:00-0700,"07.14.2026 - Jim Causey",Music,120,173567,"Jim Causey","Jul 14, 2026","9:50:39 PM",2026-07-14T21:50:39-0700,"Margaret Brouwer","Declaration: IV. Whom Do You Call Angel Now?","Brouwer: Reactions",5:30,,HKI192120407,,,2022,,,Naxos,0636943990421
"Jul 14, 2026","8:30:00 PM",2026-07-14T20:30:00-0700,"07.14.2026 - Jim Causey",Music,120,173567,"Jim Causey","Jul 14, 2026","9:48:08 PM",2026-07-14T21:48:08-0700,"Margaret Brouwer","Declaration: II. Scattering in Fear","Brouwer: Reactions",2:30,,HKI192120405,,,2022,,,Naxos,0636943990421
"Jul 14, 2026","8:30:00 PM",2026-07-14T20:30:00-0700,"07.14.2026 - Jim Causey",Music,120,173567,"Jim Causey","Jul 14, 2026","9:43:36 PM",2026-07-14T21:43:36-0700,"Margaret Brouwer","Declaration: I. Thorn","Brouwer: Reactions",4:29,,HKI192120404,,,2022,,,Naxos,0636943990421
"Jul 14, 2026","8:30:00 PM",2026-07-14T20:30:00-0700,"07.14.2026 - Jim Causey",Music,120,173567,"Jim Causey","Jul 14, 2026","9:36:15 PM",2026-07-14T21:36:15-0700,"Mt Fog","Turn into Leaves","Guide to the Unusual",5:37,,QZHN92142174,,,2021,,,"Save the Forest for the Trees",0196251393050
"Jul 14, 2026","8:30:00 PM",2026-07-14T20:30:00-0700,"07.14.2026 - Jim Causey",Music,120,173567,"Jim Causey","Jul 14, 2026","9:30:38 PM",2026-07-14T21:30:38-0700,"Kaley Lane Eaton","The End of the Line","The End of the Line",5:38,,QZWFJ2373659,,,2024,,,"Strange Moon Records",0019307131782
"Jul 14, 2026","8:30:00 PM",2026-07-14T20:30:00-0700,"07.14.2026 - Jim Causey",Music,120,173567,"Jim Causey","Jul 14, 2026","9:21:49 PM",2026-07-14T21:21:49-0700,"Pabellón Sintético","Le Modulor","Machine for living",7:41,,GX5MY2555440,,,2025,,,"Cyclical Dreams",5063812670286
"Jul 14, 2026","8:30:00 PM",2026-07-14T20:30:00-0700,"07.14.2026 - Jim Causey",Music,120,173567,"Jim Causey","Jul 14, 2026","9:15:48 PM",2026-07-14T21:15:48-0700,"Erik Wøllo","Sinuous Path","Aeris Suite",5:29,,USHK92507902,,,2025,,,Projekt:Archive,0617026235929
"Jul 14, 2026","8:30:00 PM",2026-07-14T20:30:00-0700,"07.14.2026 - Jim Causey",Music,120,173567,"Jim Causey","Jul 14, 2026","9:09:16 PM",2026-07-14T21:09:16-0700,"Martin Stürtzer","Threshold Orbit",Protostar,6:38,,USL4R2533205,,,2025,,,Synphaera,0199800545085
"Jul 14, 2026","8:30:00 PM",2026-07-14T20:30:00-0700,"07.14.2026 - Jim Causey",Music,120,173567,"Jim Causey","Jul 14, 2026","9:00:22 PM",2026-07-14T21:00:22-0700,"Luke Requena","Under the Scarlet Fog","Myth and Murmur",8:45,,usl4q2539831,,,2025,,,,
"Jul 14, 2026","8:30:00 PM",2026-07-14T20:30:00-0700,"07.14.2026 - Jim Causey",Music,120,173567,"Jim Causey","Jul 14, 2026","8:55:59 PM",2026-07-14T20:55:59-0700,Other,Mythos,"She Moves Through Worlds",3:52,,QZMEP2592911,,,2025,,,"3394290 Records DK",0199337219794
"Jul 14, 2026","8:30:00 PM",2026-07-14T20:30:00-0700,"07.14.2026 - Jim Causey",Music,120,173567,"Jim Causey","Jul 14, 2026","8:51:08 PM",2026-07-14T20:51:08-0700,"Cut Copy","Belong To You","Belong To You",4:30,,AUQJ32504302,,,2025,,,"Cutters Records",0199350686856
"Jul 14, 2026","8:30:00 PM",2026-07-14T20:30:00-0700,"07.14.2026 - Jim Causey",Music,120,173567,"Jim Causey","Jul 14, 2026","8:43:55 PM",2026-07-14T20:43:55-0700,"Tame Impala","End Of Summer","End Of Summer",7:11,,USQX92502794,,,2025,,,SME,0196873424460
"Jul 14, 2026","8:30:00 PM",2026-07-14T20:30:00-0700,"07.14.2026 - Jim Causey",Music,120,173567,"Jim Causey","Jul 14, 2026","8:39:09 PM",2026-07-14T20:39:09-0700,"Future Islands","Ancient Water","The Far Field",3:55,,GBAFL1600402,,,2017,,,4AD,5059638055611
"Jul 14, 2026","8:30:00 PM",2026-07-14T20:30:00-0700,"07.14.2026 - Jim Causey",Music,120,173567,"Jim Causey","Jul 14, 2026","8:34:01 PM",2026-07-14T20:34:01-0700,"Night Heron","SUN IN MY EYEZ","SUN IN MY EYEZ",5:12,,QMDA72454388,,,2025,,,"Literal Gold Records",0198846863344
"Jul 14, 2026","8:30:00 PM",2026-07-14T20:30:00-0700,"07.14.2026 - Jim Causey",Music,120,173567,"Jim Causey","Jul 14, 2026","8:30:48 PM",2026-07-14T20:30:48-0700,"Sea Lemon","In The Flowers","Diving For A Prize",3:21,,QMFME2487265,,,2025,,,"Luminelle Recordings",0199066146996
"Jul 7, 2026","8:30:00 PM",2026-07-07T20:30:00-0700,"07.07.2026 - Michael G",Music,120,173567,"Jim Causey","Jul 7, 2026","10:21:31 PM",2026-07-07T22:21:31-0700,"Sarah McLachlan","If This Is the End…","Better Broken",5:35,,USC4R2555985,,,2025,,,"Concord Records",
"Jul 7, 2026","8:30:00 PM",2026-07-07T20:30:00-0700,"07.07.2026 - Michael G",Music,120,173567,"Jim Causey","Jul 7, 2026","10:16:00 PM",2026-07-07T22:16:00-0700,Yaima,Desuree,AETHER,,,,,,,,,"Self- Released",
"Jul 7, 2026","8:30:00 PM",2026-07-07T20:30:00-0700,"07.07.2026 - Michael G",Music,120,173567,"Jim Causey","Jul 7, 2026","10:12:20 PM",2026-07-07T22:12:20-0700,"October Project","Eyes of Mercy","October Project",3:35,,USSM10022228,,,1993,,,SME,0888880597441
"Jul 7, 2026","8:30:00 PM",2026-07-07T20:30:00-0700,"07.07.2026 - Michael G",Music,120,173567,"Jim Causey","Jul 7, 2026","10:08:09 PM",2026-07-07T22:08:09-0700,"Afro Celt Sound System",Inion,Capture,4:18,,GBCPA1001326,,,2015,,,"Real World Records",0180030000826
"Jul 7, 2026","8:30:00 PM",2026-07-07T20:30:00-0700,"07.07.2026 - Michael G",Music,120,173567,"Jim Causey","Jul 7, 2026","10:02:04 PM",2026-07-07T22:02:04-0700,"Catherine Wheel","Future Boy","Adam and Eve",5:15,,USSM12207210,,,1997,,,Columbia/Legacy,0196589352408
"Jul 7, 2026","8:30:00 PM",2026-07-07T20:30:00-0700,"07.07.2026 - Michael G",Music,120,173567,"Jim Causey","Jul 7, 2026","9:58:04 PM",2026-07-07T21:58:04-0700,"The Twilight Sad",INHOSPITABLE/HOSPITAL,"IT'S THE LONG GOODBYE",4:06,,GBGDZ2500068,,,2026,,,"Rock Action Records",5051083230025
"Jul 7, 2026","8:30:00 PM",2026-07-07T20:30:00-0700,"07.07.2026 - Michael G",Music,120,173567,"Jim Causey","Jul 7, 2026","9:52:19 PM",2026-07-07T21:52:19-0700,ef,"He Came, He Stayed, He Fell - 20th Anniversary","Give Me Beauty… Or Give Me Death! (20th Anniversary)",5:14,,QM6P42517528,,,2025,,,"Pelagic Records",0199350427305
"Jul 7, 2026","8:30:00 PM",2026-07-07T20:30:00-0700,"07.07.2026 - Michael G",Music,120,173567,"Jim Causey","Jul 7, 2026","9:48:32 PM",2026-07-07T21:48:32-0700,Aukai,Vulture,Vulture,3:14,,QT6EE2577106,,,2025,,,DISTROKID,0199952998517
"Jul 7, 2026","8:30:00 PM",2026-07-07T20:30:00-0700,"07.07.2026 - Michael G",Music,120,173567,"Jim Causey","Jul 7, 2026","9:42:27 PM",2026-07-07T21:42:27-0700,"Carbon Based Lifeforms",Interloper,"Interloper (2015 Remaster)",6:31,,SEYOK1507551,,,2010,,,"Leftfield Records",0885014391036
"Jul 7, 2026","8:30:00 PM",2026-07-07T20:30:00-0700,"07.07.2026 - Michael G",Music,120,173567,"Jim Causey","Jul 7, 2026","9:36:15 PM",2026-07-07T21:36:15-0700,"Sandman Theory","Bring It","Bring It",5:08,,GBRKQ2574167,,,2025,,,"Fuzzy Lounge Sounds",0199257932070
"Jul 7, 2026","8:30:00 PM",2026-07-07T20:30:00-0700,"07.07.2026 - Michael G",Music,120,173567,"Jim Causey","Jul 7, 2026","9:32:26 PM",2026-07-07T21:32:26-0700,"Random Rab","Void Sifter","Void Sifter",4:01,,GBRKQ2578161,,,2025,,,"Random Rab",0198937994933
"Jul 7, 2026","8:30:00 PM",2026-07-07T20:30:00-0700,"07.07.2026 - Michael G",Music,120,173567,"Jim Causey","Jul 7, 2026","9:28:35 PM",2026-07-07T21:28:35-0700,"Future Synth Engineers","Memories of Jupiter","Distant Waves of Analog Shores",4:07,,TCAHD2342039,,,2023,,,Aros,0859774333513
"Jul 7, 2026","8:30:00 PM",2026-07-07T20:30:00-0700,"07.07.2026 - Michael G",Music,120,173567,"Jim Causey","Jul 7, 2026","9:22:24 PM",2026-07-07T21:22:24-0700,Trigona,"Return to Infinity","Radiant Point",6:09,,QZWFP2659432,,,2026,,,"Branch Line Records",0825353699080
"Jul 7, 2026","8:30:00 PM",2026-07-07T20:30:00-0700,"07.07.2026 - Michael G",Music,120,173567,"Jim Causey","Jul 7, 2026","9:16:10 PM",2026-07-07T21:16:10-0700,"LIGHTS OUT ASIA","Ghost Identifier",Hy-Brasil,5:53,,USHMD1220008,,,2012,,,n5MD,0887396877030
"Jul 7, 2026","8:30:00 PM",2026-07-07T20:30:00-0700,"07.07.2026 - Michael G",Music,120,173567,"Jim Causey","Jul 7, 2026","9:11:32 PM",2026-07-07T21:11:32-0700,sleepmakeswaves,"Black Paradise","It's Here, But I Have No Names For It",4:47,,AU4J12300036,,,2024,,,"Bird's Robe",
"Jul 7, 2026","8:30:00 PM",2026-07-07T20:30:00-0700,"07.07.2026 - Michael G",Music,120,173567,"Jim Causey","Jul 7, 2026","9:04:36 PM",2026-07-07T21:04:36-0700,"London Grammar","Lose Your Head (CamelPhat Extended Remix)","The Remixes",5:44,,GBCEN2000158,,,2023,,,SME,0196871173544
"Jul 7, 2026","8:30:00 PM",2026-07-07T20:30:00-0700,"07.07.2026 - Michael G",Music,120,173567,"Jim Causey","Jul 7, 2026","8:59:32 PM",2026-07-07T20:59:32-0700,"The Crystal Method","Bad Stone",Vegas,5:09,,USOU19700310,,,2021,,,"Crystal Method / Geffen",00607703000322
"Jul 7, 2026","8:30:00 PM",2026-07-07T20:30:00-0700,"07.07.2026 - Michael G",Music,120,173567,"Jim Causey","Jul 7, 2026","8:54:00 PM",2026-07-07T20:54:00-0700,Moev,"Moscow Burnt To The Ground","Hold On",,,,,,,,,"Self Released",
"Jul 7, 2026","8:30:00 PM",2026-07-07T20:30:00-0700,"07.07.2026 - Michael G",Music,120,173567,"Jim Causey","Jul 7, 2026","8:48:55 PM",2026-07-07T20:48:55-0700,"Early Internet",Ruminator,Ruminator,3:13,,QZPLS2351734,,,2023,,,DISTROKID,0197993703909
"Jul 7, 2026","8:30:00 PM",2026-07-07T20:30:00-0700,"07.07.2026 - Michael G",Music,120,173567,"Jim Causey","Jul 7, 2026","8:45:36 PM",2026-07-07T20:45:36-0700,"Chatham Rise","Angus Says","Angus Says",3:28,,TCAJQ2595205,,,2025,,,"Infinite Spin",0859706549449
"Jul 7, 2026","8:30:00 PM",2026-07-07T20:30:00-0700,"07.07.2026 - Michael G",Music,120,173567,"Jim Causey","Jul 7, 2026","8:40:00 PM",2026-07-07T20:40:00-0700,Bicep,"CHROMA 009 KR36","CHROMA 000",,,,,,2025,,,"CHROMA (4)",
"Jul 7, 2026","8:30:00 PM",2026-07-07T20:30:00-0700,"07.07.2026 - Michael G",Music,120,173567,"Jim Causey","Jul 7, 2026","8:34:30 PM",2026-07-07T20:34:30-0700,"Moon Duo",Mazes,Mazes,5:01,,US5NR0900326,,,2011,,,"Souterrain Transmissions",4250506802240
"Jul 7, 2026","8:30:00 PM",2026-07-07T20:30:00-0700,"07.07.2026 - Michael G",Music,120,173567,"Jim Causey","Jul 7, 2026","8:32:00 PM",2026-07-07T20:32:00-0700,"Solar Quest","A Jig Or Wot Next","A + B = C IN D #",,,,,,2022,,,"Crammed Disks",
"Jun 30, 2026","8:30:00 PM",2026-06-30T20:30:00-0700,"06.30.2026 - Jim Causey",Music,120,173567,"Jim Causey","Jun 30, 2026","10:26:16 PM",2026-06-30T22:26:16-0700,Enya,"Orinoco Flow","Watermark (Remastered Bonus Track Version)",4:26,,GBAHT0900037,,,1988,,,"WM UK",825646913046
"Jun 30, 2026","8:30:00 PM",2026-06-30T20:30:00-0700,"06.30.2026 - Jim Causey",Music,120,173567,"Jim Causey","Jun 30, 2026","10:23:42 PM",2026-06-30T22:23:42-0700,"Jolanda Moletta & Astrid Williamson",Ondine,Oceanine,3:56,,QM6N22644938,,L,2026,,,"Beacon Sound",820200868664
"Jun 30, 2026","8:30:00 PM",2026-06-30T20:30:00-0700,"06.30.2026 - Jim Causey",Music,120,173567,"Jim Causey","Jun 30, 2026","10:16:38 PM",2026-06-30T22:16:38-0700,"David Arkenstone","Ancient Legend","Valley In The Clouds",3:55,,USTUS2430001,,,1987,,,Narada,1963622716140
"Jun 30, 2026","8:30:00 PM",2026-06-30T20:30:00-0700,"06.30.2026 - Jim Causey",Music,120,173567,"Jim Causey","Jun 30, 2026","10:06:01 PM",2026-06-30T22:06:01-0700,"Kristen Roos","Diablo IV","Universal Synthesizer Interface Vol II",10:27,,CA0WS2315906,,L,2023,,,"Hotham Sound",634457147232
"Jun 30, 2026","8:30:00 PM",2026-06-30T20:30:00-0700,"06.30.2026 - Jim Causey",Music,120,173567,"Jim Causey","Jun 30, 2026","10:01:30 PM",2026-06-30T22:01:30-0700,"Suzanne Ciani & Jonathan Fitoussi","Coral Reef","Golden Apples of the Sun",4:46,,QM6P42360650,,,2023,,,"Obliques / Atmospheric",3760179357547
"Jun 30, 2026","8:30:00 PM",2026-06-30T20:30:00-0700,"06.30.2026 - Jim Causey",Music,120,173567,"Jim Causey","Jun 30, 2026","9:52:22 PM",2026-06-30T21:52:22-0700,['ramp],"hanging gardens (excerpt)","synchronize or die",9:00,,,,,2017,,,,
"Jun 30, 2026","8:30:00 PM",2026-06-30T20:30:00-0700,"06.30.2026 - Jim Causey",Music,120,173567,"Jim Causey","Jun 30, 2026","9:48:04 PM",2026-06-30T21:48:04-0700,"Rudy Adrian","Lunar Shadow","Reflections On A Moonlit Lake",3:47,,USSP52426058,,,2024,,,"Spotted Peccary",0600028260624
"Jun 30, 2026","8:30:00 PM",2026-06-30T20:30:00-0700,"06.30.2026 - Jim Causey",Music,120,173567,"Jim Causey","Jun 30, 2026","9:43:06 PM",2026-06-30T21:43:06-0700,"Harold Budd & Brian Eno","Wind In Lonely Fences - 2004 Digital Remaster","Ambient 2/The Plateaux Of Mirror",3:57,,GBAAA0400439,,,1980,,,"EMI Marketing",00724386649751
"Jun 30, 2026","8:30:00 PM",2026-06-30T20:30:00-0700,"06.30.2026 - Jim Causey",Music,120,173567,"Jim Causey","Jun 30, 2026","9:37:46 PM",2026-06-30T21:37:46-0700,"Nation of Language","Across That Fine Line","Across That Fine Line",5:25,,USLZJ2178507,,,2021,,,"Nation Of Language",0192650902343
"Jun 30, 2026","8:30:00 PM",2026-06-30T20:30:00-0700,"06.30.2026 - Jim Causey",Music,120,173567,"Jim Causey","Jun 30, 2026","9:33:12 PM",2026-06-30T21:33:12-0700,"Boards of Canada","The Word Becomes Flesh",Inferno,5:20,,GBBPW2602550,,,2026,,,"Warp Records",5056818808869
"Jun 30, 2026","8:30:00 PM",2026-06-30T20:30:00-0700,"06.30.2026 - Jim Causey",Music,120,173567,"Jim Causey","Jun 30, 2026","9:27:42 PM",2026-06-30T21:27:42-0700,Lusine,Pendulum,Pendulum,5:33,,US2J72609706,,,2026,,,"Ghostly International",0617308057744
"Jun 30, 2026","8:30:00 PM",2026-06-30T20:30:00-0700,"06.30.2026 - Jim Causey",Music,120,173567,"Jim Causey","Jun 30, 2026","9:23:20 PM",2026-06-30T21:23:20-0700,Lusine,Rafters,"Long Light",2:59,,US2J72302710,,L,2023,,,"Ghostly International",
"Jun 30, 2026","8:30:00 PM",2026-06-30T20:30:00-0700,"06.30.2026 - Jim Causey",Music,120,173567,"Jim Causey","Jun 30, 2026","9:12:59 PM",2026-06-30T21:12:59-0700,"Psychemagik vs Fleetwood Mac",Dreams,Dreams,9:20,,,,,2012,,,Self-Released,
"Jun 30, 2026","8:30:00 PM",2026-06-30T20:30:00-0700,"06.30.2026 - Jim Causey",Music,120,173567,"Jim Causey","Jun 30, 2026","9:08:49 PM",2026-06-30T21:08:49-0700,"Fleetwood Mac","Seven Wonders (2017 Remaster)","Tango in the Night (2017 Remaster) [Deluxe Edition]",3:42,,USRH11603545,,,1987,,,"Rhino/Warner Records",603497872893
"Jun 30, 2026","8:30:00 PM",2026-06-30T20:30:00-0700,"06.30.2026 - Jim Causey",Music,120,173567,"Jim Causey","Jun 30, 2026","9:04:55 PM",2026-06-30T21:04:55-0700,Roosevelt,Everywhere,Everywhere,3:20,,GBKPL1938466,,,2019,,,"Greco-Roman Ltd",5065002111968
"Jun 30, 2026","8:30:00 PM",2026-06-30T20:30:00-0700,"06.30.2026 - Jim Causey",Music,120,173567,"Jim Causey","Jun 30, 2026","9:00:53 PM",2026-06-30T21:00:53-0700,"Midnight High","Perfect Sun","Swimming Lessons",4:03,,QZK6P2306255,,L,2023,,,DISTROKID,0197902328278
"Jun 30, 2026","8:30:00 PM",2026-06-30T20:30:00-0700,"06.30.2026 - Jim Causey",Music,120,173567,"Jim Causey","Jun 30, 2026","8:55:31 PM",2026-06-30T20:55:31-0700,"Hello Meteor","All The Fog That Came In The Night","Species of Special Concern",4:36,,QZZ7V2689686,,L,2026,,,"Evergreen Prefecture",199934570557
"Jun 30, 2026","8:30:00 PM",2026-06-30T20:30:00-0700,"06.30.2026 - Jim Causey",Music,120,173567,"Jim Causey","Jun 30, 2026","8:50:30 PM",2026-06-30T20:50:30-0700,"Hello Meteor","Species of Special Concern","Species of Special Concern",3:54,,QZZ7V2689691,,,2026,,,DISTROKID,0199934570557
"Jun 30, 2026","8:30:00 PM",2026-06-30T20:30:00-0700,"06.30.2026 - Jim Causey",Music,120,173567,"Jim Causey","Jun 30, 2026","8:46:17 PM",2026-06-30T20:46:17-0700,"Peter Gabriel","A Different Drum","Passion: Music for the Last Temptation of Christ",4:41,,GBCPB0900702,,,1989,,,"Real World",884108003510
"Jun 30, 2026","8:30:00 PM",2026-06-30T20:30:00-0700,"06.30.2026 - Jim Causey",Music,120,173567,"Jim Causey","Jun 30, 2026","8:44:45 PM",2026-06-30T20:44:45-0700,"Peter Gabriel","In Doubt","Passion: Music for the Last Temptation of Christ",1:32,,GBCPB0900701,,,1989,,,"Real World",884108003510
"Jun 30, 2026","8:30:00 PM",2026-06-30T20:30:00-0700,"06.30.2026 - Jim Causey",Music,120,173567,"Jim Causey","Jun 30, 2026","8:44:06 PM",2026-06-30T20:44:06-0700,"Peter Gabriel","Of These, Hope","Passion: Music for the Last Temptation of Christ",3:56,,GBCPB0900698,,,1989,,,"Real World",884108003510
"Jun 30, 2026","8:30:00 PM",2026-06-30T20:30:00-0700,"06.30.2026 - Jim Causey",Music,120,173567,"Jim Causey","Jun 30, 2026","8:40:17 PM",2026-06-30T20:40:17-0700,"Boards of Canada","Prophecy At 1420 MHz","Prophecy At 1420 MHz",5:04,,GBBPW2602542,,,2026,,,"Warp Records",5056818808876
"Jun 30, 2026","8:30:00 PM",2026-06-30T20:30:00-0700,"06.30.2026 - Jim Causey",Music,120,173567,"Jim Causey","Jun 30, 2026","8:40:09 PM",2026-06-30T20:40:09-0700,"Boards of Canada",Introit,Inferno,0:36,,GBBPW2602541,,,2026,,,"Warp Records",5056818808906
"Jun 30, 2026","8:30:00 PM",2026-06-30T20:30:00-0700,"06.30.2026 - Jim Causey",Music,120,173567,"Jim Causey","Jun 30, 2026","8:35:42 PM",2026-06-30T20:35:42-0700,Santigold,"Disparate Youth","Master of My Make-Believe",4:45,,GBAHS1100389,,,2012,,,"East West Records UK Ltd",0075679962973
"Jun 30, 2026","8:30:00 PM",2026-06-30T20:30:00-0700,"06.30.2026 - Jim Causey",Music,120,173567,"Jim Causey","Jun 30, 2026","8:31:02 PM",2026-06-30T20:31:02-0700,"Andrew Riley","Anxious Shadow","Anxious Shadow",3:36,,USWU30200114,,L,2026,,,"The Bicycle Music Company",00601501406300
"Jun 23, 2026","8:30:00 PM",2026-06-23T20:30:00-0700,"Convergence Zone",Music,120,189849,"Michael G.","Jun 23, 2026","10:30:17 PM",2026-06-23T22:30:17-0700,"Soft Mirage","Ionian Dream","Ionian Dream",3:03,,,,L,2012,,,Kinnta,
"Jun 23, 2026","8:30:00 PM",2026-06-23T20:30:00-0700,"Convergence Zone",Music,120,189849,"Michael G.","Jun 23, 2026","10:22:05 PM",2026-06-23T22:22:05-0700,Whitewaits,"One More Day","One More Day",4:47,,QT6FE2545025,,L,2025,,,"Mood Music / Liquefaction",0199946820541
"Jun 23, 2026","8:30:00 PM",2026-06-23T20:30:00-0700,"Convergence Zone",Music,120,189849,"Michael G.","Jun 23, 2026","10:13:16 PM",2026-06-23T22:13:16-0700,"Nation of Language","Inept Apollo (Tom Sharkett Remix)","Inept Apollo (Tom Sharkett Remix)",6:53,,USSUB2573801,,,2026,,,"Sub Pop Records",0098787173864
"Jun 23, 2026","8:30:00 PM",2026-06-23T20:30:00-0700,"Convergence Zone",Music,120,189849,"Michael G.","Jun 23, 2026","10:11:01 PM",2026-06-23T22:11:01-0700,N/Ation,"Palm Beach","Stop The Party!",3:12,,,,L,2026,,"New album from independent Seattle producer N/Ation",,
"Jun 23, 2026","8:30:00 PM",2026-06-23T20:30:00-0700,"Convergence Zone",Music,120,189849,"Michael G.","Jun 23, 2026","10:07:32 PM",2026-06-23T22:07:32-0700,Vervex,"Dancing With The Damned (feat. Christine Goodwyne)",Olympic,2:37,,QT4K32582976,,L,2025,,"Pool Kids' vocalist Christine Goodwyne joined Seattle's Vertex on this one","Washingtones Records",692788617640
"Jun 23, 2026","8:30:00 PM",2026-06-23T20:30:00-0700,"Convergence Zone",Music,120,189849,"Michael G.","Jun 23, 2026","9:56:11 PM",2026-06-23T21:56:11-0700,"Tourist Activities",Calamine,"Off My Mind",3:56,,CACWV1989019,,L,2019,,,"Den Tapes",0628810219971
"Jun 23, 2026","8:30:00 PM",2026-06-23T20:30:00-0700,"Convergence Zone",Music,120,189849,"Michael G.","Jun 23, 2026","9:52:01 PM",2026-06-23T21:52:01-0700,Miniatures,"Anybody Silent",Dis,4:30,,NZRI11400251,,,2017,,,Miniatures,9421031749095
"Jun 23, 2026","8:30:00 PM",2026-06-23T20:30:00-0700,"Convergence Zone",Music,120,189849,"Michael G.","Jun 23, 2026","9:47:37 PM",2026-06-23T21:47:37-0700,"The Naked And Famous","Hearts Like Ours","In Rolling Waves",4:32,,GBUM71304340,,,2020,,,"UMG Recordings, Inc.",00602507427870
"Jun 23, 2026","8:30:00 PM",2026-06-23T20:30:00-0700,"Convergence Zone",Music,120,189849,"Michael G.","Jun 23, 2026","9:41:39 PM",2026-06-23T21:41:39-0700,Hatchie,"Only One Laughing","Only One Laughing",4:06,,US38W2550302,,,2025,,,"Secretly Canadian",0656605050362
"Jun 23, 2026","8:30:00 PM",2026-06-23T20:30:00-0700,"Convergence Zone",Music,120,189849,"Michael G.","Jun 23, 2026","9:38:36 PM",2026-06-23T21:38:36-0700,BALTHVS,"Year of the Snake","Year of the Snake",3:06,,GBRKQ2500107,,,2025,,,"Mixto Records",0198937848977
"Jun 23, 2026","8:30:00 PM",2026-06-23T20:30:00-0700,"Convergence Zone",Music,120,189849,"Michael G.","Jun 23, 2026","9:34:29 PM",2026-06-23T21:34:29-0700,"Black Market Karma","Heavy Headed","Animal Jive",4:18,,GBT4M1600021,,,2016,,,Ultrafonica,859707125550
"Jun 23, 2026","8:30:00 PM",2026-06-23T20:30:00-0700,"Convergence Zone",Music,120,189849,"Michael G.","Jun 23, 2026","9:24:54 PM",2026-06-23T21:24:54-0700,"Gloomish Throne","Fall Like Stars","Beyond Radiant Veils",3:32,,,,L,2026,,"New from Seattle's Gloomish Throne",,
"Jun 23, 2026","8:30:00 PM",2026-06-23T20:30:00-0700,"Convergence Zone",Music,120,189849,"Michael G.","Jun 23, 2026","9:21:04 PM",2026-06-23T21:21:04-0700,Ringfinger,"An Apparition","In A Black Frame",3:45,,QZTAS2315618,,L,2023,,"Darkwave from Vancouver, BC","NGP x Verboden",0197992249996
"Jun 23, 2026","8:30:00 PM",2026-06-23T20:30:00-0700,"Convergence Zone",Music,120,189849,"Michael G.","Jun 23, 2026","9:17:31 PM",2026-06-23T21:17:31-0700,"Sisters of Mercy",Alice,"Some Girls Wander by Mistake",4:00,,GBAHS1700452,,,1992,,,"WM UK",0190295782801
"Jun 23, 2026","8:30:00 PM",2026-06-23T20:30:00-0700,"Convergence Zone",Music,120,189849,"Michael G.","Jun 23, 2026","9:11:24 PM",2026-06-23T21:11:24-0700,Wolftron,Opalite,Opalite,4:20,,QZTB52660706,,L,2026,,"New music from the Seattle darkwave group, active since 2016","607509 Records DK2",0825626988408
"Jun 23, 2026","8:30:00 PM",2026-06-23T20:30:00-0700,"Convergence Zone",Music,120,189849,"Michael G.","Jun 23, 2026","9:09:55 PM",2026-06-23T21:09:55-0700,StreetCreature,"Sun Drinker","My Blood is an Ocean",2:06,,,,L,2026,,"Brand New from Seattle's own StreetCreature - https://ultra-terrestrial.bandcamp.com/album/my-blood-is-an-ocean",,
"Jun 23, 2026","8:30:00 PM",2026-06-23T20:30:00-0700,"Convergence Zone",Music,120,189849,"Michael G.","Jun 23, 2026","9:06:10 PM",2026-06-23T21:06:10-0700,Beelzebeth,UKG1_002,"SEA UKG 1",3:22,,,,L,2026,,"New self-released single from Seatlte-based breakcore, UK Garage, and DnB artist",,
"Jun 23, 2026","8:30:00 PM",2026-06-23T20:30:00-0700,"Convergence Zone",Music,120,189849,"Michael G.","Jun 23, 2026","8:54:01 PM",2026-06-23T20:54:01-0700,Desario,"Ghost Magnets",Hinterland,3:17,,QZZ772674206,,,2026,,,DISTROKID,0825324463832
"Jun 23, 2026","8:30:00 PM",2026-06-23T20:30:00-0700,"Convergence Zone",Music,120,189849,"Michael G.","Jun 23, 2026","8:49:09 PM",2026-06-23T20:49:09-0700,Ride,"Portland Rocks",Interplay,5:03,,GBDNH2400010,,,2024,,,"Wichita Recordings Ltd.",5400863145866
"Jun 23, 2026","8:30:00 PM",2026-06-23T20:30:00-0700,"Convergence Zone",Music,120,189849,"Michael G.","Jun 23, 2026","8:44:55 PM",2026-06-23T20:44:55-0700,"MAgenta wAve",Ventriloquist,"The Well",4:20,,QT6G22542718,,L,2026,,"Seattle band Magenta Wave will perform live in Olympia on Saturday, August 29 - part of the line=up for South Sound Block Party: https://www.southsoundblockparty.com/","Magenta Wave",0199941749434
"Jun 23, 2026","8:30:00 PM",2026-06-23T20:30:00-0700,"Convergence Zone",Music,120,189849,"Michael G.","Jun 23, 2026","8:38:26 PM",2026-06-23T20:38:26-0700,"The Cure",Torture,"Kiss Me, Kiss Me, Kiss Me",4:13,,USEE19901198,,,1987,,,Elektra,0075596073721
"Jun 23, 2026","8:30:00 PM",2026-06-23T20:30:00-0700,"Convergence Zone",Music,120,189849,"Michael G.","Jun 23, 2026","8:31:36 PM",2026-06-23T20:31:36-0700,"The Cult","She Sells Sanctuary (Long Version)","She Sells Sanctuary - EP",6:59,,GBAZP8500056,,,1985,,,"Beggars Banquet",607618013554
"Jun 16, 2026","8:30:00 PM",2026-06-16T20:30:00-0700,"06.16.2026 - Jim Causey",Music,120,173567,"Jim Causey","Jun 16, 2026","10:30:29 PM",2026-06-16T22:30:29-0700,"Hello Meteor","Diffuse Light and its Properties","Species of Special Concern",4:07,,,,L,2026,,,"Evergreen Prefecture",
"Jun 16, 2026","8:30:00 PM",2026-06-16T20:30:00-0700,"06.16.2026 - Jim Causey",Music,120,173567,"Jim Causey","Jun 16, 2026","10:18:12 PM",2026-06-16T22:18:12-0700,Redshift,"Quenzer: Live in the Studio 2002","BERLIN: A Tribute Album for Mark Shreeve",11:46,,GBKPL1026616,,,2023,,,,0842108059975
"Jun 16, 2026","8:30:00 PM",2026-06-16T20:30:00-0700,"06.16.2026 - Jim Causey",Music,120,173567,"Jim Causey","Jun 16, 2026","10:05:59 PM",2026-06-16T22:05:59-0700,"Chuck Van Zyl",Nightshift,"BERLIN: A Tribute Album for Mark Shreeve",11:20,,USDY42365683,,,2023,,,,
"Jun 16, 2026","8:30:00 PM",2026-06-16T20:30:00-0700,"06.16.2026 - Jim Causey",Music,120,173567,"Jim Causey","Jun 16, 2026","9:58:17 PM",2026-06-16T21:58:17-0700,"Pabellón Sintético",Bauhaus,"Mies van der Rohe's dreams",8:06,,GX38U2385477,,,2023,,,"Cyclical Dreams",5063292622003
"Jun 16, 2026","8:30:00 PM",2026-06-16T20:30:00-0700,"06.16.2026 - Jim Causey",Music,120,173567,"Jim Causey","Jun 16, 2026","9:53:09 PM",2026-06-16T21:53:09-0700,uh,sister,humanus,5:07,,UK4UM2200088,,,2023,,,"PRAH Recordings",5060918152197
"Jun 16, 2026","8:30:00 PM",2026-06-16T20:30:00-0700,"06.16.2026 - Jim Causey",Music,120,173567,"Jim Causey","Jun 16, 2026","9:45:51 PM",2026-06-16T21:45:51-0700,"Boards of Canada","The Word Becomes Flesh",Inferno,5:20,,GBBPW2602550,,,2026,,,"Warp Records",5056818808869
"Jun 16, 2026","8:30:00 PM",2026-06-16T20:30:00-0700,"06.16.2026 - Jim Causey",Music,120,173567,"Jim Causey","Jun 16, 2026","9:42:05 PM",2026-06-16T21:42:05-0700,Bonobo,"Me and You","Me and You",3:49,,GBCFB2600152,,,2026,,"""Distance in Static"" - thew new LP from Bomobo - releases in September","Ninja Tune",5054429212389
"Jun 16, 2026","8:30:00 PM",2026-06-16T20:30:00-0700,"06.16.2026 - Jim Causey",Music,120,173567,"Jim Causey","Jun 16, 2026","9:38:54 PM",2026-06-16T21:38:54-0700,"Anne Hathaway","Burial (from Mother Mary)","Burial (from Mother Mary)",3:10,,QMB622605301,,,2026,,,"A24 Music",0617308043518
"Jun 16, 2026","8:30:00 PM",2026-06-16T20:30:00-0700,"06.16.2026 - Jim Causey",Music,120,173567,"Jim Causey","Jun 16, 2026","9:32:31 PM",2026-06-16T21:32:31-0700,"Tame Impala","Breathe Deeper","The Slow Rush",6:13,,AUUM71900929,,,2020,,"Coming to Climate Pledge Arena on September 1st and 2nd","Universal Music Australia Pty. Ltd.",602508571893
"Jun 16, 2026","8:30:00 PM",2026-06-16T20:30:00-0700,"06.16.2026 - Jim Causey",Music,120,173567,"Jim Causey","Jun 16, 2026","9:28:20 PM",2026-06-16T21:28:20-0700,"Austra and Patrick Holland","Siren Reprise","Siren Reprise",4:11,,GBCEL2500665,,,2026,,,"Domino Recording Co.",0887829153496
"Jun 16, 2026","8:30:00 PM",2026-06-16T20:30:00-0700,"06.16.2026 - Jim Causey",Music,120,173567,"Jim Causey","Jun 16, 2026","9:22:45 PM",2026-06-16T21:22:45-0700,Spacemoth,"Telepathic Butterflies","Inward Eye",3:50,,QMFMG2566121,,,2026,,"Performing in Portland, OR on Friday, August 21","Greenway Records",199806530801
"Jun 16, 2026","8:30:00 PM",2026-06-16T20:30:00-0700,"06.16.2026 - Jim Causey",Music,120,173567,"Jim Causey","Jun 16, 2026","9:17:10 PM",2026-06-16T21:17:10-0700,"Cocteau Twins","Heaven Or Las Vegas","Heaven Or Las Vegas (Remastered)",4:58,,GBAFL9000039,,,1990,,,4AD,0652637001921
"Jun 16, 2026","8:30:00 PM",2026-06-16T20:30:00-0700,"06.16.2026 - Jim Causey",Music,120,173567,"Jim Causey","Jun 16, 2026","9:14:28 PM",2026-06-16T21:14:28-0700,"The Handsome Family","Far From Any Road","Singing Bones",2:48,,US2X80436005,,,2020,,,"Harvest Records (US1A)",00602547451613
"Jun 16, 2026","8:30:00 PM",2026-06-16T20:30:00-0700,"06.16.2026 - Jim Causey",Music,120,173567,"Jim Causey","Jun 16, 2026","9:10:38 PM",2026-06-16T21:10:38-0700,"The The","Slow Emotion Replay",Dusk,3:55,,GBBBM0102251,,,1993,,,Epic,696998661721
"Jun 16, 2026","8:30:00 PM",2026-06-16T20:30:00-0700,"06.16.2026 - Jim Causey",Music,120,173567,"Jim Causey","Jun 16, 2026","9:06:21 PM",2026-06-16T21:06:21-0700,"The Smiths","Bigmouth Strikes Again - 2011 Remastered Version","The Queen Is Dead",3:13,,GBAHT1700332,,,1986,,"""The Queen is Dead"" released on this day in 1986","Warner Music UK",0190295783365
"Jun 16, 2026","8:30:00 PM",2026-06-16T20:30:00-0700,"06.16.2026 - Jim Causey",Music,120,173567,"Jim Causey","Jun 16, 2026","9:02:09 PM",2026-06-16T21:02:09-0700,"Dum Dum Girls","There Is a Light That Never Goes Out","He Gets Me High",4:16,,USSUB1091704,,,2011,,,"Sub Pop Records",0098787091762
"Jun 16, 2026","8:30:00 PM",2026-06-16T20:30:00-0700,"06.16.2026 - Jim Causey",Music,120,173567,"Jim Causey","Jun 16, 2026","8:58:57 PM",2026-06-16T20:58:57-0700,"The Police","Synchronicity I (Remastered 2003)","Synchronicity (Remastered 2003)",3:23,,GBAAM0201104,,,1983,,"Released on this day in 1983","Polydor Records",600753731703
"Jun 16, 2026","8:30:00 PM",2026-06-16T20:30:00-0700,"06.16.2026 - Jim Causey",Music,120,173567,"Jim Causey","Jun 16, 2026","8:54:11 PM",2026-06-16T20:54:11-0700,"Death Cab for Cutie feat.Lauren Mayberry","Northern Lights","Thank You for Today",3:55,,USAT21802834,,L,2018,,"Performing at Bumbershoot in September!","Atlantic Records",0075679869951
"Jun 16, 2026","8:30:00 PM",2026-06-16T20:30:00-0700,"06.16.2026 - Jim Causey",Music,120,173567,"Jim Causey","Jun 16, 2026","8:50:13 PM",2026-06-16T20:50:13-0700,"The Midnight","'Til the Stars Come Out - Demo","Syndicate (Deluxe)",4:00,,USUS12600232,,,2026,,,SME,0196874338339
"Jun 16, 2026","8:30:00 PM",2026-06-16T20:30:00-0700,"06.16.2026 - Jim Causey",Music,120,173567,"Jim Causey","Jun 16, 2026","8:43:23 PM",2026-06-16T20:43:23-0700,"Dark Chisme","Beautiful Obsession Killer","Dark Chisme",4:27,,QZHN82458431,,L,2024,,"Performing at Funhouse in Seattle on Saturday, August 15","Chismosa Records",0198469513107
"Jun 16, 2026","8:30:00 PM",2026-06-16T20:30:00-0700,"06.16.2026 - Jim Causey",Music,120,173567,"Jim Causey","Jun 16, 2026","8:38:26 PM",2026-06-16T20:38:26-0700,"Madeline Goldstein","Dream 2 Die (No Heaven)","Dream 2 Die (No Heaven)",4:59,,QMFMF2564626,,L,2026,,,"Artoffact Records",0628070647293
"Jun 16, 2026","8:30:00 PM",2026-06-16T20:30:00-0700,"06.16.2026 - Jim Causey",Music,120,173567,"Jim Causey","Jun 16, 2026","8:34:22 PM",2026-06-16T20:34:22-0700,"Night Heron","LEMON TREE","LEMON TREE",4:01,,QMDA72454394,,L,2025,,,"Literal Gold Records",0198846863344
"Jun 16, 2026","8:30:00 PM",2026-06-16T20:30:00-0700,"06.16.2026 - Jim Causey",Music,120,173567,"Jim Causey","Jun 16, 2026","8:30:52 PM",2026-06-16T20:30:52-0700,Meltt,"Up All Night","Up All Night",3:17,,CAN112502317,,L,2026,,"Performing at Neumos in Seattle on Wednesday, September 23","Nettwerk Music Group",0067003187251
"Jun 9, 2026","8:30:00 PM",2026-06-09T20:30:00-0700,"06.09.2026 - Michael G",Music,120,173567,"Jim Causey","Jun 9, 2026","10:23:47 PM",2026-06-09T22:23:47-0700,"Greg Klamt","Fluxus Quo","Fluxus Quo",4:06,,USSP59703015,,,1997,,,"Spotted Peccary",0600028030227
"Jun 9, 2026","8:30:00 PM",2026-06-09T20:30:00-0700,"06.09.2026 - Michael G",Music,120,173567,"Jim Causey","Jun 9, 2026","10:19:25 PM",2026-06-09T22:19:25-0700,Hooverphonic,Inhaler,"A New Stereophonic Sound Spectacular",5:11,,BEU019601001,,,2013,,,Columbia/Legacy,0886443186392
"Jun 9, 2026","8:30:00 PM",2026-06-09T20:30:00-0700,"06.09.2026 - Michael G",Music,120,173567,"Jim Causey","Jun 9, 2026","10:07:30 PM",2026-06-09T22:07:30-0700,"Still Corners","The Trip","Strange Pleasures",6:14,,USSUB1203501,,,2023,,,"Subpop Record Group",0098787103564
"Jun 9, 2026","8:30:00 PM",2026-06-09T20:30:00-0700,"06.09.2026 - Michael G",Music,120,173567,"Jim Causey","Jun 9, 2026","10:03:05 PM",2026-06-09T22:03:05-0700,"The Fauns","Shake Your Hair","Shake Your Hair",4:36,,UKFGV2300167,,,2024,,,"Invada Records UK",5051083197793
"Jun 9, 2026","8:30:00 PM",2026-06-09T20:30:00-0700,"06.09.2026 - Michael G",Music,120,173567,"Jim Causey","Jun 9, 2026","9:58:45 PM",2026-06-09T21:58:45-0700,"The End Of The Ocean","May Be for the Better",Pacific•atlantic,4:27,,TCAAW1129442,,,2011,,,Futurerecordings,0859705509475
"Jun 9, 2026","8:30:00 PM",2026-06-09T20:30:00-0700,"06.09.2026 - Michael G",Music,120,173567,"Jim Causey","Jun 9, 2026","9:52:51 PM",2026-06-09T21:52:51-0700,"Dreamstate Logic","First Contact",Starbound,6:51,,QZES62374545,,,2023,,,"Dreamstate Logic",0197630270443
"Jun 9, 2026","8:30:00 PM",2026-06-09T20:30:00-0700,"06.09.2026 - Michael G",Music,120,173567,"Jim Causey","Jun 9, 2026","9:34:06 PM",2026-06-09T21:34:06-0700,"David Scott Cole","Rain Shadow","How it Started",6:56,,QZES62568265,,,2025,,,"Understory Records",0199083863623
"Jun 9, 2026","8:30:00 PM",2026-06-09T20:30:00-0700,"06.09.2026 - Michael G",Music,120,173567,"Jim Causey","Jun 9, 2026","9:29:34 PM",2026-06-09T21:29:34-0700,"Blue Six","The World Unseen","""Signs & Wonders""",4:51,,US33Q1402202,,,2014,,,"Naked Music",0804223002229
"Jun 9, 2026","8:30:00 PM",2026-06-09T20:30:00-0700,"06.09.2026 - Michael G",Music,120,173567,"Jim Causey","Jun 9, 2026","9:23:58 PM",2026-06-09T21:23:58-0700,"Acid Lab",Listen,Listen,5:00,,DEUX42502901,,,2025,,,"Defrostatica Records",8718723288224
"Jun 9, 2026","8:30:00 PM",2026-06-09T20:30:00-0700,"06.09.2026 - Michael G",Music,120,173567,"Jim Causey","Jun 9, 2026","9:17:11 PM",2026-06-09T21:17:11-0700,"If These Trees Could Talk","The Giving Tree","The Bones of a Dying World",6:03,,USMBR1611842,,,2016,,,"Metal Blade Records",0039841921823
"Jun 9, 2026","8:30:00 PM",2026-06-09T20:30:00-0700,"06.09.2026 - Michael G",Music,120,173567,"Jim Causey","Jun 9, 2026","9:13:35 PM",2026-06-09T21:13:35-0700,"Heroes Del Silencio","Malas Intenciones","The Platinum Collection",3:47,,ES5080500614,,,2006,,,"WM Spain",5099997988854
"Jun 9, 2026","8:30:00 PM",2026-06-09T20:30:00-0700,"06.09.2026 - Michael G",Music,120,173567,"Jim Causey","Jun 9, 2026","9:10:03 PM",2026-06-09T21:10:03-0700,"Moonlit Sailor","Colors In Stereo","Colors In Stereo",3:39,,US4KH1153102,,,2011,,,"Deep Elm",0601137053121
"Jun 9, 2026","8:30:00 PM",2026-06-09T20:30:00-0700,"06.09.2026 - Michael G",Music,120,173567,"Jim Causey","Jun 9, 2026","9:04:33 PM",2026-06-09T21:04:33-0700,ODESZA,"Say My Name - Hayden James Remix","Say My Name Remixes",4:28,,GBCFB1404226,,,2014,,,"Counter Records",5054429000221
"Jun 9, 2026","8:30:00 PM",2026-06-09T20:30:00-0700,"06.09.2026 - Michael G",Music,120,173567,"Jim Causey","Jun 9, 2026","8:59:58 PM",2026-06-09T20:59:58-0700,Télépopmusik,"Breathe (feat. Angela McCluskey)","Genetic World",4:42,,FR06S0100640,,,2001,,,"Universal Music Division Virgin Records Distribution Deal",602567548744
"Jun 9, 2026","8:30:00 PM",2026-06-09T20:30:00-0700,"06.09.2026 - Michael G",Music,120,173567,"Jim Causey","Jun 9, 2026","8:54:11 PM",2026-06-09T20:54:11-0700,"Elephant Stone","A Silent Moment","Elephant Stone",5:16,,CAA171230069,,,2013,,,"Hidden Pony",00060270202054
"Jun 9, 2026","8:30:00 PM",2026-06-09T20:30:00-0700,"06.09.2026 - Michael G",Music,120,173567,"Jim Causey","Jun 9, 2026","8:47:51 PM",2026-06-09T20:47:51-0700,"Beats Antique",Ouroboros,Ouroboros,5:41,,TCAFD2058888,,,2020,,,"Beats Antique Records",0859742555534
"Jun 9, 2026","8:30:00 PM",2026-06-09T20:30:00-0700,"06.09.2026 - Michael G",Music,120,173567,"Jim Causey","Jun 9, 2026","8:41:28 PM",2026-06-09T20:41:28-0700,"Desert Dwellers","Dreams Within a Dream (Symbolico Remix)","Dreams Within a Dream (Symbolico Remix)",6:45,,QZADU2519901,,,2025,,,"Desert Trax",0717147085608
"Jun 9, 2026","8:30:00 PM",2026-06-09T20:30:00-0700,"06.09.2026 - Michael G",Music,120,173567,"Jim Causey","Jun 9, 2026","8:36:36 PM",2026-06-09T20:36:36-0700,"Thievery Corporation","Holographic Universe","The Cosmic Game",3:42,,USESL0508111,,,2023,,,"UNIVERSAL MUSIC COLOMBIA",
"Jun 9, 2026","8:30:00 PM",2026-06-09T20:30:00-0700,"06.09.2026 - Michael G",Music,120,173567,"Jim Causey","Jun 9, 2026","8:30:22 PM",2026-06-09T20:30:22-0700,"Afro Celt Sound System","Rise Above",Pod,6:17,,GBCPA0300727,,,2012,,,"Real World Records",0884108011522
"Jun 2, 2026","8:30:00 PM",2026-06-02T20:30:00-0700,"06.02.2026 - Jim Causey",Music,120,173567,"Jim Causey","Jun 2, 2026","10:29:36 PM",2026-06-02T22:29:36-0700,"Sumner James, Z Pocket","destroyed everything,","Piano + Clarinet",2:39,,usl4q2359670,,,2023,,,"Bathysphere Records",
"Jun 2, 2026","8:30:00 PM",2026-06-02T20:30:00-0700,"06.02.2026 - Jim Causey",Music,120,173567,"Jim Causey","Jun 2, 2026","10:26:32 PM",2026-06-02T22:26:32-0700,"Sumner James, Z Pocket","we touched nothing,","Piano + Clarinet",3:09,,USL4Q2359669,,,2023,,,"Bathysphere Records",0198015301516
"Jun 2, 2026","8:30:00 PM",2026-06-02T20:30:00-0700,"06.02.2026 - Jim Causey",Music,120,173567,"Jim Causey","Jun 2, 2026","10:20:40 PM",2026-06-02T22:20:40-0700,"Patricia Wolf","The Mechanical Age",See-Through,4:51,,DEG932201014,,L,2022,,,Balmat,4062548044331
"Jun 2, 2026","8:30:00 PM",2026-06-02T20:30:00-0700,"06.02.2026 - Jim Causey",Music,120,173567,"Jim Causey","Jun 2, 2026","10:13:09 PM",2026-06-02T22:13:09-0700,"Andreas Vollenweider","The Glass Hall (Choose the Crystal) / The Play of the Five Balls / The Five Planets / Canopy Choir","White Winds (Seeker's Journey)",7:37,,FR96X2094205,,,1984,,,"AVAF Music",3616406550741
"Jun 2, 2026","8:30:00 PM",2026-06-02T20:30:00-0700,"06.02.2026 - Jim Causey",Music,120,173567,"Jim Causey","Jun 2, 2026","10:08:35 PM",2026-06-02T22:08:35-0700,"Boards of Canada","Blood In The Labyrinth",Inferno,4:56,,,,,2026,,,"Warp Records",5056818808906
"Jun 2, 2026","8:30:00 PM",2026-06-02T20:30:00-0700,"06.02.2026 - Jim Causey",Music,120,173567,"Jim Causey","Jun 2, 2026","10:04:44 PM",2026-06-02T22:04:44-0700,"Boards of Canada","Age Of Capricorn",Inferno,3:53,,,,,2026,,,"Warp Records",5056818808906
"Jun 2, 2026","8:30:00 PM",2026-06-02T20:30:00-0700,"06.02.2026 - Jim Causey",Music,120,173567,"Jim Causey","Jun 2, 2026","10:00:10 PM",2026-06-02T22:00:10-0700,Panabrite,"Neptune Visions in the Cryst","Sub-Aquatic Meditation",4:14,,BEK111118005,,L,2012,,,Aguirre,5051813595073
"Jun 2, 2026","8:30:00 PM",2026-06-02T20:30:00-0700,"06.02.2026 - Jim Causey",Music,120,173567,"Jim Causey","Jun 2, 2026","9:57:36 PM",2026-06-02T21:57:36-0700,"Laurel Halo",Belleville,Atlas,2:23,,DEG932301498,,,2023,,,Awe,4062548065206
"Jun 2, 2026","8:30:00 PM",2026-06-02T20:30:00-0700,"06.02.2026 - Jim Causey",Music,120,173567,"Jim Causey","Jun 2, 2026","9:54:24 PM",2026-06-02T21:54:24-0700,"Freundliche Kreisel",Spannung,Gespensterland,3:12,,DELI52303871,,,2023,,,"Bureau B",4015698847772
"Jun 2, 2026","8:30:00 PM",2026-06-02T20:30:00-0700,"06.02.2026 - Jim Causey",Music,120,173567,"Jim Causey","Jun 2, 2026","9:50:23 PM",2026-06-02T21:50:23-0700,"Crystal Quartez",Anima,Erospace,4:15,,QZHN32565856,,L,2025,,,DISTROKID,0199081277798
"Jun 2, 2026","8:30:00 PM",2026-06-02T20:30:00-0700,"06.02.2026 - Jim Causey",Music,120,173567,"Jim Causey","Jun 2, 2026","9:45:42 PM",2026-06-02T21:45:42-0700,"Visible Cloaks","Valve (feat. Miyako Koda)",Reassemblage,3:24,,US6PQ1600028,,L,2017,,,"RVNG Intl.",716670165702
"Jun 2, 2026","8:30:00 PM",2026-06-02T20:30:00-0700,"06.02.2026 - Jim Causey",Music,120,173567,"Jim Causey","Jun 2, 2026","9:40:54 PM",2026-06-02T21:40:54-0700,B.Michaael,"They Melted","They Melted",5:01,,QZTRX2359165,,,2023,,,"Orange Milk",0197773299141
"Jun 2, 2026","8:30:00 PM",2026-06-02T20:30:00-0700,"06.02.2026 - Jim Causey",Music,120,173567,"Jim Causey","Jun 2, 2026","9:37:45 PM",2026-06-02T21:37:45-0700,"The Soulless Party",Vigilamus,"The Stone Tape - analysing a ghost by electronic means",3:07,,,,,2023,,,"Hidden Britain Tapes",
"Jun 2, 2026","8:30:00 PM",2026-06-02T20:30:00-0700,"06.02.2026 - Jim Causey",Music,120,173567,"Jim Causey","Jun 2, 2026","9:31:17 PM",2026-06-02T21:31:17-0700,"Herbie Hancock","Perfect Machine","Perfect Machine (Expanded Edition)",6:35,,USSM18300600,,,1988,,,SME,0886444279239
"Jun 2, 2026","8:30:00 PM",2026-06-02T20:30:00-0700,"06.02.2026 - Jim Causey",Music,120,173567,"Jim Causey","Jun 2, 2026","9:26:48 PM",2026-06-02T21:26:48-0700,"Boards of Canada","Hydrogen Helium Lithium Leviathan",Inferno,4:45,,GBBPW2602543,,,2026,,,"Warp Records",5056818808869
"Jun 2, 2026","8:30:00 PM",2026-06-02T20:30:00-0700,"06.02.2026 - Jim Causey",Music,120,173567,"Jim Causey","Jun 2, 2026","9:19:32 PM",2026-06-02T21:19:32-0700,"Magdalena Bay","Ashes to Ashes - triple j Like A Version","Ashes to Ashes (triple j Like A Version)",5:39,,AUAB02500071,,,2025,,,"triple j",0199350242632
"Jun 2, 2026","8:30:00 PM",2026-06-02T20:30:00-0700,"06.02.2026 - Jim Causey",Music,120,173567,"Jim Causey","Jun 2, 2026","9:15:09 PM",2026-06-02T21:15:09-0700,"Roxy Music","The Space Between",Avalon,4:30,,GBAAA9900093,,,2000,,,"EG Records",00724384746056
"Jun 2, 2026","8:30:00 PM",2026-06-02T20:30:00-0700,"06.02.2026 - Jim Causey",Music,120,173567,"Jim Causey","Jun 2, 2026","9:10:12 PM",2026-06-02T21:10:12-0700,"Pink Floyd","One Slip - 2011 Remastered Version","A Momentary Lapse Of Reason (2011 Remastered Version)",5:09,,GBN9X1100004,,,1985,,,"Parlophone UK",5099902984759
"Jun 2, 2026","8:30:00 PM",2026-06-02T20:30:00-0700,"06.02.2026 - Jim Causey",Music,120,173567,"Jim Causey","Jun 2, 2026","9:04:54 PM",2026-06-02T21:04:54-0700,"Drab Majesty","Dot in the Sky","The Demonstration",5:27,,QMBZ91673224,,,2017,,,"Dais Records",0191018390570
"Jun 2, 2026","8:30:00 PM",2026-06-02T20:30:00-0700,"06.02.2026 - Jim Causey",Music,120,173567,"Jim Causey","Jun 2, 2026","9:03:54 PM",2026-06-02T21:03:54-0700,"Drab Majesty",Induction,"The Demonstration",0:59,,QMBZ91673223,,,2017,,,"Dais Records",191018390570
"Jun 2, 2026","8:30:00 PM",2026-06-02T20:30:00-0700,"06.02.2026 - Jim Causey",Music,120,173567,"Jim Causey","Jun 2, 2026","9:01:11 PM",2026-06-02T21:01:11-0700,"Drab Majesty","Hath No Form","The Demonstration",2:44,,QMBZ91673227,,,2017,,,"Dais Records",0646263945490
"Jun 2, 2026","8:30:00 PM",2026-06-02T20:30:00-0700,"06.02.2026 - Jim Causey",Music,120,173567,"Jim Causey","Jun 2, 2026","8:57:33 PM",2026-06-02T20:57:33-0700,"FM Attack",Séance,Séance,3:41,,QZFYY2255105,,L,2022,,,"Starfield Music",0196698493023
"Jun 2, 2026","8:30:00 PM",2026-06-02T20:30:00-0700,"06.02.2026 - Jim Causey",Music,120,173567,"Jim Causey","Jun 2, 2026","8:55:36 PM",2026-06-02T20:55:36-0700,"Hotel Pools","going up",controller,2:14,,,,L,2026,,,"Stratford Ct",
"Jun 2, 2026","8:30:00 PM",2026-06-02T20:30:00-0700,"06.02.2026 - Jim Causey",Music,120,173567,"Jim Causey","Jun 2, 2026","8:54:14 PM",2026-06-02T20:54:14-0700,"Hotel Pools","First Impression",controller,1:30,,,,L,2026,,,"Stratford Ct",
"Jun 2, 2026","8:30:00 PM",2026-06-02T20:30:00-0700,"06.02.2026 - Jim Causey",Music,120,173567,"Jim Causey","Jun 2, 2026","8:50:16 PM",2026-06-02T20:50:16-0700,"Hello Meteor","Below The Waterfall Room","Species of Special Concern",4:10,,QZZ7V2689687,,L,2026,,"𝑅𝑎𝑖𝑛 𝑜𝑛-𝑤𝑜𝑟𝑙𝑑 𝑖𝑠 𝑎 𝑙𝑖𝑣𝑖𝑛𝑔 𝑑𝑜𝑐𝑢𝑚𝑒𝑛𝑡 𝑜𝑓 𝑒𝑣𝑒𝑟𝑦𝑤𝘩𝑒𝑟𝑒 𝑖𝑡 𝘩𝑎𝑠 𝑏𝑒𝑒𝑛",DISTROKID,0199934570557
"Jun 2, 2026","8:30:00 PM",2026-06-02T20:30:00-0700,"06.02.2026 - Jim Causey",Music,120,173567,"Jim Causey","Jun 2, 2026","8:48:53 PM",2026-06-02T20:48:53-0700,"Freundliche Kreisel",Entwirklichung,Gespensterland,1:22,,DELI52303874,,,2023,,,"Bureau B",4015698847772
"Jun 2, 2026","8:30:00 PM",2026-06-02T20:30:00-0700,"06.02.2026 - Jim Causey",Music,120,173567,"Jim Causey","Jun 2, 2026","8:42:19 PM",2026-06-02T20:42:19-0700,"Mt Fog","Look Inside","Every Stone is Green",3:39,,QT6EY2593038,,L,2026,,"Mt Fog have a live show coming up on June 27 - stay tuned to find out more about the venue!","Save the Forest for the Trees",821311305130
"Jun 2, 2026","8:30:00 PM",2026-06-02T20:30:00-0700,"06.02.2026 - Jim Causey",Music,120,173567,"Jim Causey","Jun 2, 2026","8:38:45 PM",2026-06-02T20:38:45-0700,"Still Corners","Secret World","Secret World",3:40,,QZCWY2300007,,,2023,,,"Wrecking Light Records",3617380591409
"Jun 2, 2026","8:30:00 PM",2026-06-02T20:30:00-0700,"06.02.2026 - Jim Causey",Music,120,173567,"Jim Causey","Jun 2, 2026","8:35:23 PM",2026-06-02T20:35:23-0700,"Echo of the Low Light","Earthly Blooms","Earthly Blooms - Single",3:45,,,,L,2026,,,Independent,825200505083
"Jun 2, 2026","8:30:00 PM",2026-06-02T20:30:00-0700,"06.02.2026 - Jim Causey",Music,120,173567,"Jim Causey","Jun 2, 2026","8:30:03 PM",2026-06-02T20:30:03-0700,"Small Black",Tampa,"Cheap Dreams",5:15,,QZK6H2096834,,,2021,,,"100% Electronica",720665588148
"May 26, 2026","8:30:00 PM",2026-05-26T20:30:00-0700,"05.26.2026 - Michael G",Music,120,173567,"Jim Causey","May 26, 2026","10:20:54 PM",2026-05-26T22:20:54-0700,"Max Stephens","The Center","Eternal Recurrence (vol. 1)",7:12,,QZWFH2525733,,,2025,,,"Workshop Home",0199512711198
"May 26, 2026","8:30:00 PM",2026-05-26T20:30:00-0700,"05.26.2026 - Michael G",Music,120,173567,"Jim Causey","May 26, 2026","10:16:20 PM",2026-05-26T22:16:20-0700,"Chronotope Project",Enigma,Kaleidoscope,4:48,,USSP52628048,,,2026,,,"Spotted Peccary",0600028490526
"May 26, 2026","8:30:00 PM",2026-05-26T20:30:00-0700,"05.26.2026 - Michael G",Music,120,173567,"Jim Causey","May 26, 2026","10:10:18 PM",2026-05-26T22:10:18-0700,"God Is An Astronaut","Frozen Twilight","A Moment of Stillness (2011 Remastered Edition)",6:17,,TCABC1197621,,,2011,,,"Revive Records",0013964381979
"May 26, 2026","8:30:00 PM",2026-05-26T20:30:00-0700,"05.26.2026 - Michael G",Music,120,173567,"Jim Causey","May 26, 2026","10:04:00 PM",2026-05-26T22:04:00-0700,Shearwater,"More and More","The New World",,,,,,2026,,,,
"May 26, 2026","8:30:00 PM",2026-05-26T20:30:00-0700,"05.26.2026 - Michael G",Music,120,173567,"Jim Causey","May 26, 2026","9:59:07 PM",2026-05-26T21:59:07-0700,"Pink Floyd","High Hopes","The Division Bell",8:31,,GBN9X1100022,,,1994,,,Columbia/Legacy,886445627572
"May 26, 2026","8:30:00 PM",2026-05-26T20:30:00-0700,"05.26.2026 - Michael G",Music,120,173567,"Jim Causey","May 26, 2026","9:54:00 PM",2026-05-26T21:54:00-0700,"Wetman (Remix by Meridian)","Inside (Meridian Remix)","(HVS11) Wetman Remixes Part One",,,,,,2026,,,,
"May 26, 2026","8:30:00 PM",2026-05-26T20:30:00-0700,"05.26.2026 - Michael G",Music,120,173567,"Jim Causey","May 26, 2026","9:48:00 PM",2026-05-26T21:48:00-0700,RandomPerson21,"Rayleigh Scattering",Forecast,,,,,,2026,,,,
"May 26, 2026","8:30:00 PM",2026-05-26T20:30:00-0700,"05.26.2026 - Michael G",Music,120,173567,"Jim Causey","May 26, 2026","9:41:37 PM",2026-05-26T21:41:37-0700,"BT (Brian Wayne Transeau)","The Uncanny Valley (Night Mode)","Metaversal (Night Mode)",6:38,,,,,2026,,,,
"May 26, 2026","8:30:00 PM",2026-05-26T20:30:00-0700,"05.26.2026 - Michael G",Music,120,173567,"Jim Causey","May 26, 2026","9:38:00 PM",2026-05-26T21:38:00-0700,Sirendia,"The In Between (Remix)","Hear My Call",,,,,,2026,,,,
"May 26, 2026","8:30:00 PM",2026-05-26T20:30:00-0700,"05.26.2026 - Michael G",Music,120,173567,"Jim Causey","May 26, 2026","9:33:45 PM",2026-05-26T21:33:45-0700,"Laryssa Okada",Soulcrushed,Stutter,3:54,,USL4R2502957,,,2025,,,"Laryssa Okada",0199800575761
"May 26, 2026","8:30:00 PM",2026-05-26T20:30:00-0700,"05.26.2026 - Michael G",Music,120,173567,"Jim Causey","May 26, 2026","9:29:48 PM",2026-05-26T21:29:48-0700,"Noble Oak","Tides Turn","Tides Turn",4:17,,CAL452214001,,,2023,,,"Last Gang",0634164914028
"May 26, 2026","8:30:00 PM",2026-05-26T20:30:00-0700,"05.26.2026 - Michael G",Music,120,173567,"Jim Causey","May 26, 2026","9:23:02 PM",2026-05-26T21:23:02-0700,Trigona,"Refracting Rays","Radiant Point",6:32,,QZWFP2659433,,,2026,,,"Branch Line Records",0825353699080
"May 26, 2026","8:30:00 PM",2026-05-26T20:30:00-0700,"05.26.2026 - Michael G",Music,120,173567,"Jim Causey","May 26, 2026","9:18:58 PM",2026-05-26T21:18:58-0700,"The Charlatans","Sproston Green (us Version)","Melting Pot",4:19,,GBAZP9700260,,,1997,,,"Beggars Banquet",5059638130042
"May 26, 2026","8:30:00 PM",2026-05-26T20:30:00-0700,"05.26.2026 - Michael G",Music,120,173567,"Jim Causey","May 26, 2026","9:15:22 PM",2026-05-26T21:15:22-0700,"Pencey Sloe","All Ok","Don't Believe, Watch Out",4:12,,DES561926603,,,2019,,,Prophecy,0884388726628
"May 26, 2026","8:30:00 PM",2026-05-26T20:30:00-0700,"05.26.2026 - Michael G",Music,120,173567,"Jim Causey","May 26, 2026","9:08:14 PM",2026-05-26T21:08:14-0700,"The War On Drugs","Eyes To The Wind","Lost In The Dream",5:56,,US38W1431006,,,2014,,,"Secretly Canadian",0656605031064
"May 26, 2026","8:30:00 PM",2026-05-26T20:30:00-0700,"05.26.2026 - Michael G",Music,120,173567,"Jim Causey","May 26, 2026","9:03:51 PM",2026-05-26T21:03:51-0700,"Bridal Veil","You Keep Calling",Morpho,4:30,,QMBZ91970122,,,2019,,,"Emily Overstreet",0194491557515
"May 26, 2026","8:30:00 PM",2026-05-26T20:30:00-0700,"05.26.2026 - Michael G",Music,120,173567,"Jim Causey","May 26, 2026","9:00:13 PM",2026-05-26T21:00:13-0700,"The Third Sound","Another Time, Another Place","Another Time, Another Place",3:43,,UKRNU2100925,,,2024,,,"Fuzz Club",5060978393530
"May 26, 2026","8:30:00 PM",2026-05-26T20:30:00-0700,"05.26.2026 - Michael G",Music,120,173567,"Jim Causey","May 26, 2026","8:54:11 PM",2026-05-26T20:54:11-0700,"Catherine Wheel",Salt,Ferment,5:31,,USWWW0134802,,,1992,,,"Island Mercury",00731451251023
"May 26, 2026","8:30:00 PM",2026-05-26T20:30:00-0700,"05.26.2026 - Michael G",Music,120,173567,"Jim Causey","May 26, 2026","8:49:11 PM",2026-05-26T20:49:11-0700,"Pale Saints",Featherframe,"In Ribbons",4:38,,GBAFL9200013,,,1992,,,4AD,5059638075299
"May 26, 2026","8:30:00 PM",2026-05-26T20:30:00-0700,"05.26.2026 - Michael G",Music,120,173567,"Jim Causey","May 26, 2026","8:42:58 PM",2026-05-26T20:42:58-0700,Coastlands,Bottomfeeder,"The Further Still",6:18,,QMPKX1874382,,,2018,,,"Dunk! Records",0193078871488
"May 26, 2026","8:30:00 PM",2026-05-26T20:30:00-0700,"05.26.2026 - Michael G",Music,120,173567,"Jim Causey","May 26, 2026","8:39:00 PM",2026-05-26T20:39:00-0700,"Lullabies From A Gemini",Landfill,"From: A Gemini",4:24,,,,,2026,,,,
"May 26, 2026","8:30:00 PM",2026-05-26T20:30:00-0700,"05.26.2026 - Michael G",Music,120,173567,"Jim Causey","May 26, 2026","8:36:00 PM",2026-05-26T20:36:00-0700,"Carpenter Brut","Start Your Engines","Leather Temple",3:53,,,,,2026,,,,
"May 26, 2026","8:30:00 PM",2026-05-26T20:30:00-0700,"05.26.2026 - Michael G",Music,120,173567,"Jim Causey","May 26, 2026","8:30:00 PM",2026-05-26T20:30:00-0700,"Nouveau Arcade","Bad Tattoo","Die Happy!",2:57,,,,L,2026,,,Ninety9Lives,
"May 19, 2026","8:30:00 PM",2026-05-19T20:30:00-0700,"Convergence Zone",Music,120,174269,"Jim Causey","May 19, 2026","10:28:42 PM",2026-05-19T22:28:42-0700,"Matt Maeson",Cringe,Cringe,3:36,,USAT21603312,,,2016,,,"Atlantic Records",0075679902467
"May 19, 2026","8:30:00 PM",2026-05-19T20:30:00-0700,"Convergence Zone",Music,120,174269,"Jim Causey","May 19, 2026","10:21:49 PM",2026-05-19T22:21:49-0700,"Lisa Bella Donna","Rahmenerzählung (excerpt)","Portals: A Kosmische Journey Through Outer Worlds and Inner Space",8:31,,US25X2002406,,,2020,,,"Behind The Sky Music",0669158548224
"May 19, 2026","8:30:00 PM",2026-05-19T20:30:00-0700,"Convergence Zone",Music,120,174269,"Jim Causey","May 19, 2026","10:13:07 PM",2026-05-19T22:13:07-0700,Pollard/Daniel/Booth,"Eindhoven IV",5,9:42,,,,,2013,,,"English Electric Music Company",
"May 19, 2026","8:30:00 PM",2026-05-19T20:30:00-0700,"Convergence Zone",Music,120,174269,"Jim Causey","May 19, 2026","10:10:07 PM",2026-05-19T22:10:07-0700,"Hans Zimmer","Herald of the Change (excerpt)","Dune (Original Motion Picture Soundtrack)",3:00,,USNLR2101179,,,2021,,,"WaterTower Music",0794043205743
"May 19, 2026","8:30:00 PM",2026-05-19T20:30:00-0700,"Convergence Zone",Music,120,174269,"Jim Causey","May 19, 2026","10:02:50 PM",2026-05-19T22:02:50-0700,"Michael Stearns","Corridors of Time","Chronos (2022 Remaster)",7:43,,USHK92225801,,,1985,,,Projekt:Archive,0617026225821
"May 19, 2026","8:30:00 PM",2026-05-19T20:30:00-0700,"Convergence Zone",Music,120,174269,"Jim Causey","May 19, 2026","10:00:10 PM",2026-05-19T22:00:10-0700,"David Arkenstone","Infinite Dreaming","Infinite Dreaming",4:19,,US86A2500627,,,2026,,,emeraldwave,
"May 19, 2026","8:30:00 PM",2026-05-19T20:30:00-0700,"Convergence Zone",Music,120,174269,"Jim Causey","May 19, 2026","9:52:47 PM",2026-05-19T21:52:47-0700,"Dreamstate Logic","Transmissions From Alcyone",Starbound,7:36,,QZES62374551,,L,2023,,,"Dreamstate Logic",0197630270443
"May 19, 2026","8:30:00 PM",2026-05-19T20:30:00-0700,"Convergence Zone",Music,120,174269,"Jim Causey","May 19, 2026","9:46:59 PM",2026-05-19T21:46:59-0700,"Ian Boddy","Boddy Love",Axiom,5:58,,GBJJM2000048,,,2020,,,DiN,5028423200642
"May 19, 2026","8:30:00 PM",2026-05-19T20:30:00-0700,"Convergence Zone",Music,120,174269,"Jim Causey","May 19, 2026","9:36:05 PM",2026-05-19T21:36:05-0700,Perge,Epicentre,"Mutually Assured Destruction",11:42,,,,,2022,,,,
"May 19, 2026","8:30:00 PM",2026-05-19T20:30:00-0700,"Convergence Zone",Music,120,174269,"Jim Causey","May 19, 2026","9:30:48 PM",2026-05-19T21:30:48-0700,"Boards of Canada","Prophecy At 1420 MHz","Prophecy At 1420 MHz",5:04,,GBBPW2602542,,,2026,,,"Warp Records",5056818808876
"May 19, 2026","8:30:00 PM",2026-05-19T20:30:00-0700,"Convergence Zone",Music,120,174269,"Jim Causey","May 19, 2026","9:30:00 PM",2026-05-19T21:30:00-0700,"Boards of Canada",Introit,Inferno,0:36,,GBBPW2602541,,,2026,,,"Warp Records",5056818808906
"May 19, 2026","8:30:00 PM",2026-05-19T20:30:00-0700,"Convergence Zone",Music,120,174269,"Jim Causey","May 19, 2026","9:23:44 PM",2026-05-19T21:23:44-0700,"Tara Clerkin Trio","The Turning Ground","The Turning Ground",4:25,,QMBZ92367750,,,2023,,,"World of Echo",0197189579387
"May 19, 2026","8:30:00 PM",2026-05-19T20:30:00-0700,"Convergence Zone",Music,120,174269,"Jim Causey","May 19, 2026","9:19:56 PM",2026-05-19T21:19:56-0700,"Still Corners","Lose More Slowly","Dream Talk",4:03,,QZCWY2300006,,,2024,,,"Wrecking Light Records",3617382631684
"May 19, 2026","8:30:00 PM",2026-05-19T20:30:00-0700,"Convergence Zone",Music,120,174269,"Jim Causey","May 19, 2026","9:17:12 PM",2026-05-19T21:17:12-0700,"Japanese Breakfast","Men in Bars","For Melancholy Brunettes (& sad women)",2:49,,USJ5G2442508,,,2025,,,"Dead Oceans",0656605172569
"May 19, 2026","8:30:00 PM",2026-05-19T20:30:00-0700,"Convergence Zone",Music,120,174269,"Jim Causey","May 19, 2026","9:09:42 PM",2026-05-19T21:09:42-0700,"Father John Misty","Being You",Mahashmashana,5:11,,USSUB2466606,,,2024,,,"Sub Pop Records",0098787166668
"May 19, 2026","8:30:00 PM",2026-05-19T20:30:00-0700,"Convergence Zone",Music,120,174269,"Jim Causey","May 19, 2026","9:05:47 PM",2026-05-19T21:05:47-0700,"New Constellations ft. Night Heron","Sun Chasing the Rain","It Comes in Waves",3:57,,,,L,2026,,,Nettwerk,
"May 19, 2026","8:30:00 PM",2026-05-19T20:30:00-0700,"Convergence Zone",Music,120,174269,"Jim Causey","May 19, 2026","9:00:06 PM",2026-05-19T21:00:06-0700,"Night Heron","SUN IN MY EYEZ","SUN IN MY EYEZ",5:12,,QMDA72454388,,L,2025,,,"Literal Gold Records",0198846863344
"May 19, 2026","8:30:00 PM",2026-05-19T20:30:00-0700,"Convergence Zone",Music,120,174269,"Jim Causey","May 19, 2026","8:55:28 PM",2026-05-19T20:55:28-0700,Hooverphonic,"Club Montepulciano","Blue Wonder Power Milk",3:40,,BEU019801027,,,1998,,,Columbia,5099748981097
"May 19, 2026","8:30:00 PM",2026-05-19T20:30:00-0700,"Convergence Zone",Music,120,174269,"Jim Causey","May 19, 2026","8:51:42 PM",2026-05-19T20:51:42-0700,Ladytron,"Blue Jeans","Light & Magic",4:14,,CAN111000541,,,2001,,"See Ladytron at the Neptune in Seattle on May 31st","Nettwerk Music Group",67003320665
"May 19, 2026","8:30:00 PM",2026-05-19T20:30:00-0700,"Convergence Zone",Music,120,174269,"Jim Causey","May 19, 2026","8:47:46 PM",2026-05-19T20:47:46-0700,Packaging,"Always Calling","Always Calling",3:31,,QZGKC2504601,,L,2025,,,"Share It Music",0098787604665
"May 19, 2026","8:30:00 PM",2026-05-19T20:30:00-0700,"Convergence Zone",Music,120,174269,"Jim Causey","May 19, 2026","8:41:56 PM",2026-05-19T20:41:56-0700,"Death Cab for Cutie","Northern Lights","Thank You for Today",3:55,,USAT21802834,,L,2018,,"Death Cab for Cutie will perform at Bumbershoot on Labor Day weekend!","Atlantic Records",0075679869951
"May 19, 2026","8:30:00 PM",2026-05-19T20:30:00-0700,"Convergence Zone",Music,120,174269,"Jim Causey","May 19, 2026","8:36:38 PM",2026-05-19T20:36:38-0700,"Tame Impala","One More Year","The Slow Rush",5:24,,AUUM71900926,,,2020,,"September 1st &amp; 2nd - Climate Pledge Arena in Seattle","UMG Recordings, Inc.",00602507353841
"May 19, 2026","8:30:00 PM",2026-05-19T20:30:00-0700,"Convergence Zone",Music,120,174269,"Jim Causey","May 19, 2026","8:32:31 PM",2026-05-19T20:32:31-0700,"Peter Gabriel","This Is the Picture (Excellent Birds)",So,4:22,,GBCPB1200870,,,1986,,"""So"" released on this day in 1987!",Non-Wea/Other,884108003503
"May 19, 2026","8:30:00 PM",2026-05-19T20:30:00-0700,"Convergence Zone",Music,120,174269,"Jim Causey","May 19, 2026","8:29:52 PM",2026-05-19T20:29:52-0700,"Echo of the Low Light","Earthly Blooms","Earthly Blooms - Single",3:45,,,,L,2026,,"Brand new!",Independent,825200505083
"May 12, 2026","8:30:00 PM",2026-05-12T20:30:00-0700,"05.12.2026 - Michael G",Music,120,173567,"Jim Causey","May 12, 2026","10:23:00 PM",2026-05-12T22:23:00-0700,"Steve Layton",70,70,,,,,,,,,"Self Released",
"May 12, 2026","8:30:00 PM",2026-05-12T20:30:00-0700,"05.12.2026 - Michael G",Music,120,173567,"Jim Causey","May 12, 2026","10:17:23 PM",2026-05-12T22:17:23-0700,"Spitfire Tree","Snow Song","Snow Song",4:47,,USCGJ2690329,,,2026,,,"Spitfire Tree",0199900964403
"May 12, 2026","8:30:00 PM",2026-05-12T20:30:00-0700,"05.12.2026 - Michael G",Music,120,173567,"Jim Causey","May 12, 2026","10:13:10 PM",2026-05-12T22:13:10-0700,aetheres,mist,"seasons of wither",4:16,,QZWFJ2677651,,,2026,,,ARCHAEA,0825393738978
"May 12, 2026","8:30:00 PM",2026-05-12T20:30:00-0700,"05.12.2026 - Michael G",Music,120,173567,"Jim Causey","May 12, 2026","10:12:00 PM",2026-05-12T22:12:00-0700,"Russell Coe",Mist,"Seasons of Wither",,,,,,,,,"Self-Released (?)",
"May 12, 2026","8:30:00 PM",2026-05-12T20:30:00-0700,"05.12.2026 - Michael G",Music,120,173567,"Jim Causey","May 12, 2026","10:07:00 PM",2026-05-12T22:07:00-0700,TERRACE,"Avoidant (Personality)","ABSOLUTION (EP Instrumental)",,,,,,,,,"Self-Released (?)",
"May 12, 2026","8:30:00 PM",2026-05-12T20:30:00-0700,"05.12.2026 - Michael G",Music,120,173567,"Jim Causey","May 12, 2026","10:03:15 PM",2026-05-12T22:03:15-0700,Abronia,"New Imposition","Shapes Unravel",4:26,,USX9P2564737,,,2026,,,"Cardinal Fuzz / Feeding Tube",0199800864452
"May 12, 2026","8:30:00 PM",2026-05-12T20:30:00-0700,"05.12.2026 - Michael G",Music,120,173567,"Jim Causey","May 12, 2026","9:59:15 PM",2026-05-12T21:59:15-0700,Subaqueous,"Offer of Lore","Shatter Spell",4:01,,USQY51787617,,,2017,,,"Merkaba Music",0191515907172
"May 12, 2026","8:30:00 PM",2026-05-12T20:30:00-0700,"05.12.2026 - Michael G",Music,120,173567,"Jim Causey","May 12, 2026","9:52:59 PM",2026-05-12T21:52:59-0700,Jakob,Harmonia,Sines,6:05,,NZSF11400004,,,2019,,,jaKob,9420058726744
"May 12, 2026","8:30:00 PM",2026-05-12T20:30:00-0700,"05.12.2026 - Michael G",Music,120,173567,"Jim Causey","May 12, 2026","9:50:00 PM",2026-05-12T21:50:00-0700,"Exit Exile","Say Nothing","Before and After You've Gone",,,,,,,,,"Self-Released (?)",
"May 12, 2026","8:30:00 PM",2026-05-12T20:30:00-0700,"05.12.2026 - Michael G",Music,120,173567,"Jim Causey","May 12, 2026","9:47:48 PM",2026-05-12T21:47:48-0700,Echomecha,ARMOR,BEEP,2:39,,QZMEP2496751,,,2024,,,Echomecha,0198094023132
"May 12, 2026","8:30:00 PM",2026-05-12T20:30:00-0700,"05.12.2026 - Michael G",Music,120,173567,"Jim Causey","May 12, 2026","9:44:53 PM",2026-05-12T21:44:53-0700,"Brief Candles","View Sonic","Unfinished Nature",3:10,,QMBZ92415754,,,2024,,,"Triple Eye Industries",0198846027081
"May 12, 2026","8:30:00 PM",2026-05-12T20:30:00-0700,"05.12.2026 - Michael G",Music,120,173567,"Jim Causey","May 12, 2026","9:41:00 PM",2026-05-12T21:41:00-0700,"Sam Rosenzweig",Xwing,"Motion Study",,,,,,,,,"Self-Released (?)",
"May 12, 2026","8:30:00 PM",2026-05-12T20:30:00-0700,"05.12.2026 - Michael G",Music,120,173567,"Jim Causey","May 12, 2026","9:37:19 PM",2026-05-12T21:37:19-0700,"Evan West","When Life Becomes Too Fast","Make It Your Own",3:03,,QZWFL2684330,,,2026,,,"803518 Records DK",0825373768100
"May 12, 2026","8:30:00 PM",2026-05-12T20:30:00-0700,"05.12.2026 - Michael G",Music,120,173567,"Jim Causey","May 12, 2026","9:34:13 PM",2026-05-12T21:34:13-0700,"Night Heron","CUTTIN ME LOOSE","ESCAPISM B_SIDES",3:13,,QMDA72563774,,,2025,,,"Night Heron",0745687072956
"May 12, 2026","8:30:00 PM",2026-05-12T20:30:00-0700,"05.12.2026 - Michael G",Music,120,173567,"Jim Causey","May 12, 2026","9:30:04 PM",2026-05-12T21:30:04-0700,L'Eclair,"Lovin N Affection","Lagniappe Sessions",4:00,,USD8D2636003,,,2026,,,"Innovative Leisure",0810874028013
"May 12, 2026","8:30:00 PM",2026-05-12T20:30:00-0700,"05.12.2026 - Michael G",Music,120,173567,"Jim Causey","May 12, 2026","9:22:48 PM",2026-05-12T21:22:48-0700,Mogwai,Boltfor,Boltfor,6:44,,GBGDZ2200015,,,2022,,,"Temporary Residence Ltd.",0656605440767
"May 12, 2026","8:30:00 PM",2026-05-12T20:30:00-0700,"05.12.2026 - Michael G",Music,120,173567,"Jim Causey","May 12, 2026","9:18:53 PM",2026-05-12T21:18:53-0700,"Waves Crashing","Marine Garden","Marine Garden",3:59,,QZTAS2621977,,,2026,,,DISTROKID,0825682638286
"May 12, 2026","8:30:00 PM",2026-05-12T20:30:00-0700,"05.12.2026 - Michael G",Music,120,173567,"Jim Causey","May 12, 2026","9:13:06 PM",2026-05-12T21:13:06-0700,Idiogram,"Butcher's Parcel",Hyperaccumulator,6:14,,GXAJ32300002,,,2025,,,Idiogram,5056826822659
"May 12, 2026","8:30:00 PM",2026-05-12T20:30:00-0700,"05.12.2026 - Michael G",Music,120,173567,"Jim Causey","May 12, 2026","9:06:00 PM",2026-05-12T21:06:00-0700,Trigona,"Speed Light Alpha","Radiant Point",,,,,,,,,,
"May 12, 2026","8:30:00 PM",2026-05-12T20:30:00-0700,"05.12.2026 - Michael G",Music,120,173567,"Jim Causey","May 12, 2026","9:00:26 PM",2026-05-12T21:00:26-0700,aDORable,"Sunshine Smile","Forgotten 90's Alternative",5:03,,TCAFJ2185595,,,1993,,,SBK,0859745501958
"May 12, 2026","8:30:00 PM",2026-05-12T20:30:00-0700,"05.12.2026 - Michael G",Music,120,173567,"Jim Causey","May 12, 2026","8:57:16 PM",2026-05-12T20:57:16-0700,"Beach Vacation","Heal Again","Heal Again",2:35,,QZTL92571630,,,2025,,,Independent,0764656467197
"May 12, 2026","8:30:00 PM",2026-05-12T20:30:00-0700,"05.12.2026 - Michael G",Music,120,173567,"Jim Causey","May 12, 2026","8:54:14 PM",2026-05-12T20:54:14-0700,DIIV,Sometime,"Sometime / Human / Geist",3:09,,US8YA1110189,,,2022,,,"Captured Tracks",0817949035334
"May 12, 2026","8:30:00 PM",2026-05-12T20:30:00-0700,"05.12.2026 - Michael G",Music,120,173567,"Jim Causey","May 12, 2026","8:50:12 PM",2026-05-12T20:50:12-0700,"Kitchens of Distinction","Drive That Fast","Strange Free World",5:36,,GBBTF9000055,,,1991,,,"One Little Independent Records",5016958092030
"May 12, 2026","8:30:00 PM",2026-05-12T20:30:00-0700,"05.12.2026 - Michael G",Music,120,173567,"Jim Causey","May 12, 2026","8:44:54 PM",2026-05-12T20:44:54-0700,Slowdive,"Star Roving","Star Roving",5:39,,USJ5G1713202,,,2017,,,"Dead Oceans",0656605143279
"May 12, 2026","8:30:00 PM",2026-05-12T20:30:00-0700,"05.12.2026 - Michael G",Music,120,173567,"Jim Causey","May 12, 2026","8:39:21 PM",2026-05-12T20:39:21-0700,"Ulrika Spacek","Everything All the Time - Live","Live to 388, NYC",4:13,,GBMA22408036,,,2024,,,"Oysterland Recordings",5063549017293
"May 12, 2026","8:30:00 PM",2026-05-12T20:30:00-0700,"05.12.2026 - Michael G",Music,120,173567,"Jim Causey","May 12, 2026","8:35:30 PM",2026-05-12T20:35:30-0700,"Flyying Colours","Like You Said","Flyying Colours",3:57,,AUZN31300643,,,2013,,,"Universal Music Australia Pty. Ltd.",00602537569458
"May 12, 2026","8:30:00 PM",2026-05-12T20:30:00-0700,"05.12.2026 - Michael G",Music,120,173567,"Jim Causey","May 12, 2026","8:30:52 PM",2026-05-12T20:30:52-0700,"Black Nite Crash",Signals,Signals,4:48,,TCAHT2484819,,,2024,,,"Neon Sigh",0859782560291
"May 5, 2026","8:30:00 PM",2026-05-05T20:30:00-0700,"05.05.2026 - Jim Causey",Music,120,173567,"Jim Causey","May 5, 2026","10:21:16 PM",2026-05-05T22:21:16-0700,"Dao Strom","owe own","Tender Revolutions",6:48,,QMDA72512856,,,2025,,,"Beacon Sound",0199538391589
"May 5, 2026","8:30:00 PM",2026-05-05T20:30:00-0700,"05.05.2026 - Jim Causey",Music,120,173567,"Jim Causey","May 5, 2026","10:14:59 PM",2026-05-05T22:14:59-0700,citrine,"facing the wind","line of sight",6:28,,QZES72580047,,,2025,,,"Home Normal",0199083290375
"May 5, 2026","8:30:00 PM",2026-05-05T20:30:00-0700,"05.05.2026 - Jim Causey",Music,120,173567,"Jim Causey","May 5, 2026","10:07:05 PM",2026-05-05T22:07:05-0700,"Rodrigo Passannanti","The Eternal","Everything Dies",8:37,,GXBDS2516512,,,2025,,,"Cyclical Dreams",5063473558756
"May 5, 2026","8:30:00 PM",2026-05-05T20:30:00-0700,"05.05.2026 - Jim Causey",Music,120,173567,"Jim Causey","May 5, 2026","10:04:21 PM",2026-05-05T22:04:21-0700,Talkdemonic,"Early and Forever","Early and Forever",2:56,,ushm92553582,,,2025,,,"Bathysphere Records",0199800207655
"May 5, 2026","8:30:00 PM",2026-05-05T20:30:00-0700,"05.05.2026 - Jim Causey",Music,120,173567,"Jim Causey","May 5, 2026","9:55:16 PM",2026-05-05T21:55:16-0700,"The OO-Ray",Marginals,Marginals,4:41,,QMDA62583295,,,2025,,,"Beacon Sound",0199538303797
"May 5, 2026","8:30:00 PM",2026-05-05T20:30:00-0700,"05.05.2026 - Jim Causey",Music,120,173567,"Jim Causey","May 5, 2026","9:49:47 PM",2026-05-05T21:49:47-0700,"Margaret Brouwer","Declaration: IV. Whom Do You Call Angel Now?","Brouwer: Reactions",5:30,,HKI192120407,,,2022,,,Naxos,0636943990421
"May 5, 2026","8:30:00 PM",2026-05-05T20:30:00-0700,"05.05.2026 - Jim Causey",Music,120,173567,"Jim Causey","May 5, 2026","9:47:15 PM",2026-05-05T21:47:15-0700,"Margaret Brouwer","Declaration: II. Scattering in Fear","Brouwer: Reactions",2:30,,HKI192120405,,,2022,,,Naxos,0636943990421
"May 5, 2026","8:30:00 PM",2026-05-05T20:30:00-0700,"05.05.2026 - Jim Causey",Music,120,173567,"Jim Causey","May 5, 2026","9:42:44 PM",2026-05-05T21:42:44-0700,"Margaret Brouwer","Declaration: I. Thorn","Brouwer: Reactions",4:29,,HKI192120404,,,2022,,,Naxos,0636943990421
"May 5, 2026","8:30:00 PM",2026-05-05T20:30:00-0700,"05.05.2026 - Jim Causey",Music,120,173567,"Jim Causey","May 5, 2026","9:35:22 PM",2026-05-05T21:35:22-0700,"Mt Fog","Turn into Leaves","Guide to the Unusual",5:37,,QZHN92142174,,,2021,,,"Save the Forest for the Trees",0196251393050
"May 5, 2026","8:30:00 PM",2026-05-05T20:30:00-0700,"05.05.2026 - Jim Causey",Music,120,173567,"Jim Causey","May 5, 2026","9:29:45 PM",2026-05-05T21:29:45-0700,"Kaley Lane Eaton","The End of the Line","The End of the Line",5:38,,QZWFJ2373659,,,2024,,,"Strange Moon Records",0019307131782
"May 5, 2026","8:30:00 PM",2026-05-05T20:30:00-0700,"05.05.2026 - Jim Causey",Music,120,173567,"Jim Causey","May 5, 2026","9:21:37 PM",2026-05-05T21:21:37-0700,"Pabellón Sintético","Le Modulor","Machine for living",7:41,,GX5MY2555440,,,2025,,,"Cyclical Dreams",
"May 5, 2026","8:30:00 PM",2026-05-05T20:30:00-0700,"05.05.2026 - Jim Causey",Music,120,173567,"Jim Causey","May 5, 2026","9:15:36 PM",2026-05-05T21:15:36-0700,"Erik Wøllo","Sinuous Path","Aeris Suite",5:29,,USHK92507902,,,2025,,,Projekt:Archive,0617026235929
"May 5, 2026","8:30:00 PM",2026-05-05T20:30:00-0700,"05.05.2026 - Jim Causey",Music,120,173567,"Jim Causey","May 5, 2026","9:09:05 PM",2026-05-05T21:09:05-0700,"Martin Stürtzer","Threshold Orbit",Protostar,6:38,,USL4R2533205,,,2025,,,Synphaera,0199800545085
"May 5, 2026","8:30:00 PM",2026-05-05T20:30:00-0700,"05.05.2026 - Jim Causey",Music,120,173567,"Jim Causey","May 5, 2026","9:00:10 PM",2026-05-05T21:00:10-0700,"Luke Requena","Under the Scarlet Fog","Myth and Murmur",8:45,,usl4q2539831,,,2025,,,,
"May 5, 2026","8:30:00 PM",2026-05-05T20:30:00-0700,"05.05.2026 - Jim Causey",Music,120,173567,"Jim Causey","May 5, 2026","8:55:48 PM",2026-05-05T20:55:48-0700,Other,Mythos,"She Moves Through Worlds",3:52,,QZMEP2592911,,,2025,,,"3394290 Records DK",0199337219794
"May 5, 2026","8:30:00 PM",2026-05-05T20:30:00-0700,"05.05.2026 - Jim Causey",Music,120,173567,"Jim Causey","May 5, 2026","8:50:56 PM",2026-05-05T20:50:56-0700,"Cut Copy","Belong To You","Belong To You",4:30,,AUQJ32504302,,,2025,,,"Cutters Records",0199350686856
"May 5, 2026","8:30:00 PM",2026-05-05T20:30:00-0700,"05.05.2026 - Jim Causey",Music,120,173567,"Jim Causey","May 5, 2026","8:43:45 PM",2026-05-05T20:43:45-0700,"Tame Impala","End Of Summer","End Of Summer",7:11,,USQX92502794,,,2025,,,SME,0196873424460
"May 5, 2026","8:30:00 PM",2026-05-05T20:30:00-0700,"05.05.2026 - Jim Causey",Music,120,173567,"Jim Causey","May 5, 2026","8:38:58 PM",2026-05-05T20:38:58-0700,"Future Islands","Ancient Water","The Far Field",3:55,,GBAFL1600402,,,2017,,,4AD,5059638055611
"May 5, 2026","8:30:00 PM",2026-05-05T20:30:00-0700,"05.05.2026 - Jim Causey",Music,120,173567,"Jim Causey","May 5, 2026","8:33:51 PM",2026-05-05T20:33:51-0700,"Night Heron","SUN IN MY EYEZ","SUN IN MY EYEZ",5:12,,QMDA72454388,,,2025,,,"Literal Gold Records",0198846863344
"May 5, 2026","8:30:00 PM",2026-05-05T20:30:00-0700,"05.05.2026 - Jim Causey",Music,120,173567,"Jim Causey","May 5, 2026","8:30:38 PM",2026-05-05T20:30:38-0700,"Sea Lemon","In The Flowers","Diving For A Prize",3:21,,QMFME2487265,,,2025,,,"Luminelle Recordings",0199066146996
"Apr 28, 2026","8:30:00 PM",2026-04-28T20:30:00-0700,"04.28.2026 - Michael G",Music,120,173567,"Jim Causey","Apr 28, 2026","10:21:00 PM",2026-04-28T22:21:00-0700,Bluetech,"Null Cycle Part 4","Driftworks Archives III: Null Cycle",,,,,,,,,"Behind The Sky Music",
"Apr 28, 2026","8:30:00 PM",2026-04-28T20:30:00-0700,"04.28.2026 - Michael G",Music,120,173567,"Jim Causey","Apr 28, 2026","10:13:00 PM",2026-04-28T22:13:00-0700,"All India Radio","Vega (Live at the NSC Nov 2025)","Live at the Northcote Social Club (Nov 2025)",,,,,,,,,,
"Apr 28, 2026","8:30:00 PM",2026-04-28T20:30:00-0700,"04.28.2026 - Michael G",Music,120,173567,"Jim Causey","Apr 28, 2026","10:05:21 PM",2026-04-28T22:05:21-0700,"Father John Misty",Screamland,Screamland,6:51,,USSUB2466605,,,2024,,,"Bella Union",3617661727138
"Apr 28, 2026","8:30:00 PM",2026-04-28T20:30:00-0700,"04.28.2026 - Michael G",Music,120,173567,"Jim Causey","Apr 28, 2026","10:02:14 PM",2026-04-28T22:02:14-0700,"Fleet Foxes","Sim Sala Bim","Helplessness Blues",3:13,,USSUB1188803,,,2011,,,"Sub Pop Records",0098787088861
"Apr 28, 2026","8:30:00 PM",2026-04-28T20:30:00-0700,"04.28.2026 - Michael G",Music,120,173567,"Jim Causey","Apr 28, 2026","9:59:53 PM",2026-04-28T21:59:53-0700,"Saxon Shore","Amber, Ember, Glow","Four Months of Darkness",2:29,,USA970305702,,,2003,,,"Broken Factory",
"Apr 28, 2026","8:30:00 PM",2026-04-28T20:30:00-0700,"04.28.2026 - Michael G",Music,120,173567,"Jim Causey","Apr 28, 2026","9:55:30 PM",2026-04-28T21:55:30-0700,"Alexander Brandon","Night Assignment (New York Streets)","Conspiravision: Deus Ex Remixed",4:16,,QZ6K42000477,,,2020,,,"Materia Collective",0811576033435
"Apr 28, 2026","8:30:00 PM",2026-04-28T20:30:00-0700,"04.28.2026 - Michael G",Music,120,173567,"Jim Causey","Apr 28, 2026","9:50:56 PM",2026-04-28T21:50:56-0700,"Coral Grief","Avenue You","Air Between Us",3:26,,US33X2524405,,,2025,,,"Suicide Squeeze Records",0617308100594
"Apr 28, 2026","8:30:00 PM",2026-04-28T20:30:00-0700,"04.28.2026 - Michael G",Music,120,173567,"Jim Causey","Apr 28, 2026","9:47:38 PM",2026-04-28T21:47:38-0700,Softcult,Uzumaki,"Year Of The Snake",3:31,,UKMD42100067,,,2022,,,"Easy Life Records",0196292467505
"Apr 28, 2026","8:30:00 PM",2026-04-28T20:30:00-0700,"04.28.2026 - Michael G",Music,120,173567,"Jim Causey","Apr 28, 2026","9:43:28 PM",2026-04-28T21:43:28-0700,"New German Cinema","My Mistake","My Mistake",4:16,,QMGEB2611909,,,2026,,,felte,0617308017762
"Apr 28, 2026","8:30:00 PM",2026-04-28T20:30:00-0700,"04.28.2026 - Michael G",Music,120,173567,"Jim Causey","Apr 28, 2026","9:37:13 PM",2026-04-28T21:37:13-0700,Yaima,"Rebirth - Live @ Colorado Sound Studios","Moongate Live @ Colorado Sound Studios",4:57,,QZNJV2404690,,,2024,,,YAIMA,0789557733950
"Apr 28, 2026","8:30:00 PM",2026-04-28T20:30:00-0700,"04.28.2026 - Michael G",Music,120,173567,"Jim Causey","Apr 28, 2026","9:34:29 PM",2026-04-28T21:34:29-0700,"Mellow Candle","Heaven Heath","Swaddling Songs",2:59,,GBBBA7274310,,,2008,,,"Decca Music Group Ltd.",00028947594925
"Apr 28, 2026","8:30:00 PM",2026-04-28T20:30:00-0700,"04.28.2026 - Michael G",Music,120,173567,"Jim Causey","Apr 28, 2026","9:30:28 PM",2026-04-28T21:30:28-0700,"Elephant Stone","Heavy Moon","Elephant Stone",4:10,,CAA171230066,,,2013,,,"Hidden Pony",00060270202054
"Apr 28, 2026","8:30:00 PM",2026-04-28T20:30:00-0700,"04.28.2026 - Michael G",Music,120,173567,"Jim Causey","Apr 28, 2026","9:25:26 PM",2026-04-28T21:25:26-0700,"Five and Tens","Until Then","Brothers in the Groove",5:09,,CBE3S2400009,,,2024,,,"Vidal Recordings",0859786276594
"Apr 28, 2026","8:30:00 PM",2026-04-28T20:30:00-0700,"04.28.2026 - Michael G",Music,120,173567,"Jim Causey","Apr 28, 2026","9:22:15 PM",2026-04-28T21:22:15-0700,"mega cat","Rat Fight","Rat Fight",3:26,,QZGKC2301601,,,2024,,,"Share It Music",0098787601664
"Apr 28, 2026","8:30:00 PM",2026-04-28T20:30:00-0700,"04.28.2026 - Michael G",Music,120,173567,"Jim Causey","Apr 28, 2026","9:18:00 PM",2026-04-28T21:18:00-0700,"Death Devoir","和我同归于尽 (Go Down With Me)","快照怪兽 (Snapshot Monster)",,,,,,,,,"Self Released",
"Apr 28, 2026","8:30:00 PM",2026-04-28T20:30:00-0700,"04.28.2026 - Michael G",Music,120,173567,"Jim Causey","Apr 28, 2026","9:14:00 PM",2026-04-28T21:14:00-0700,Afrocop,"Seeking New Strata",Afrocop,,,,,,,,,"Wax Thematique",
"Apr 28, 2026","8:30:00 PM",2026-04-28T20:30:00-0700,"04.28.2026 - Michael G",Music,120,173567,"Jim Causey","Apr 28, 2026","9:10:33 PM",2026-04-28T21:10:33-0700,Justice,"The End","The End",4:14,,FR8EU2300130,,,2024,,,"Because Music",
"Apr 28, 2026","8:30:00 PM",2026-04-28T20:30:00-0700,"04.28.2026 - Michael G",Music,120,173567,"Jim Causey","Apr 28, 2026","9:05:00 PM",2026-04-28T21:05:00-0700,Thundercat,"No More Lies (feat. Tame Impala)",Distracted,,,,,,,,,Brainfeeder,
"Apr 28, 2026","8:30:00 PM",2026-04-28T20:30:00-0700,"04.28.2026 - Michael G",Music,120,173567,"Jim Causey","Apr 28, 2026","9:01:10 PM",2026-04-28T21:01:10-0700,Justice,Neverender,Neverender,4:26,,FR8EU2300010,,,2024,,,"Because Music",
"Apr 28, 2026","8:30:00 PM",2026-04-28T20:30:00-0700,"04.28.2026 - Michael G",Music,120,173567,"Jim Causey","Apr 28, 2026","8:56:00 PM",2026-04-28T20:56:00-0700,"Mexican Rare Groove",Discodellia,"AFROMEXICAN, VOL. 5",4:40,,SE5752309377,,,2023,,,Tropical,7316217957802
"Apr 28, 2026","8:30:00 PM",2026-04-28T20:30:00-0700,"04.28.2026 - Michael G",Music,120,173567,"Jim Causey","Apr 28, 2026","8:49:07 PM",2026-04-28T20:49:07-0700,"Jungle by Night","Pompette Encore","Pompette Encore",6:32,,NLC242100597,,,2023,,,"V2 Records Benelux",8717931347785
"Apr 28, 2026","8:30:00 PM",2026-04-28T20:30:00-0700,"04.28.2026 - Michael G",Music,120,173567,"Jim Causey","Apr 28, 2026","8:45:02 PM",2026-04-28T20:45:02-0700,"Scott Lawrence","I'm Not That","Here Is the Night (Late Set)",4:14,,QMJ2H2600009,,,2026,,,Onetwocreate,0823000054688
"Apr 28, 2026","8:30:00 PM",2026-04-28T20:30:00-0700,"04.28.2026 - Michael G",Music,120,173567,"Jim Causey","Apr 28, 2026","8:41:20 PM",2026-04-28T20:41:20-0700,BALTHVS,"Inner Heights","Transmutations: Prelude",3:46,,QZ5FN2644196,,,2026,,,BALTHVS,0199891510719
"Apr 28, 2026","8:30:00 PM",2026-04-28T20:30:00-0700,"04.28.2026 - Michael G",Music,120,173567,"Jim Causey","Apr 28, 2026","8:36:09 PM",2026-04-28T20:36:09-0700,Roosevelt,"In The Dark","In The Dark",4:18,,GBCFB2400817,,,2024,,,"Counter Records",5054429197051
"Apr 28, 2026","8:30:00 PM",2026-04-28T20:30:00-0700,"04.28.2026 - Michael G",Music,120,173567,"Jim Causey","Apr 28, 2026","8:31:38 PM",2026-04-28T20:31:38-0700,Hideotronic,"Beaches of Mars - Instrumental","Beaches of Mars (Instrumentals)",5:19,,GXJBY2673406,,,2024,,,Independent,5063960505058
"Apr 21, 2026","8:30:00 PM",2026-04-21T20:30:00-0700,"Convergence Zone",Music,120,174269,"Jim Causey","Apr 21, 2026","10:28:46 PM",2026-04-21T22:28:46-0700,"Domenica Diavoleria","Prostrate Under his Regalia","Flicker Statue Eyes",4:08,,QZNWW2670236,,L,2026,,,"Eiderdown Records",0825204644740
"Apr 21, 2026","8:30:00 PM",2026-04-21T20:30:00-0700,"Convergence Zone",Music,120,174269,"Jim Causey","Apr 21, 2026","10:25:38 PM",2026-04-21T22:25:38-0700,"Patricia Wolf","Nocturnal Migration (excerpt)","The Secret Lives Of Birds",3:12,,QM6MZ2484444,,,2024,,,"Nite Hive",0198391883507
"Apr 21, 2026","8:30:00 PM",2026-04-21T20:30:00-0700,"Convergence Zone",Music,120,174269,"Jim Causey","Apr 21, 2026","10:18:40 PM",2026-04-21T22:18:40-0700,Orbital,"Halcyon & On (Jon Hopkins Remix)","30 Something",7:09,,GBAAP2200026,,,2022,,,"London Music Stream",0190296152856
"Apr 21, 2026","8:30:00 PM",2026-04-21T20:30:00-0700,"Convergence Zone",Music,120,174269,"Jim Causey","Apr 21, 2026","10:12:13 PM",2026-04-21T22:12:13-0700,"The War On Drugs","Red Eyes","Lost in the Dream",4:59,,US38W1431002,,,2013,,,"Secretly Canadian",0656605031033
"Apr 21, 2026","8:30:00 PM",2026-04-21T20:30:00-0700,"Convergence Zone",Music,120,174269,"Jim Causey","Apr 21, 2026","10:08:17 PM",2026-04-21T22:08:17-0700,"Fleet Foxes (feat. the Resistance Revival Chorus)","Can I Believe You - Solstice Version","A Very Lonely Solstice",3:59,,USEP42107015,,L,2021,,"From the live-streamed concert on December 21, 2020",Anti/Epitaph,0045778790265
"Apr 21, 2026","8:30:00 PM",2026-04-21T20:30:00-0700,"Convergence Zone",Music,120,174269,"Jim Causey","Apr 21, 2026","10:04:02 PM",2026-04-21T22:04:02-0700,"Dead Can Dance","American Dreaming - Live from Paramount Theatre, Seattle, WA. September 17th, 2005","Live from Paramount Theatre, Seattle, WA. September 17th, 2005",4:41,,UK3XT2100413,,,2005,,,"The Show",5056495329558
"Apr 21, 2026","8:30:00 PM",2026-04-21T20:30:00-0700,"Convergence Zone",Music,120,174269,"Jim Causey","Apr 21, 2026","9:59:25 PM",2026-04-21T21:59:25-0700,Other,Induction,"She Moves Through Worlds",4:46,,QZMEP2592915,,L,2025,,,"3394290 Records DK",199337219794
"Apr 21, 2026","8:30:00 PM",2026-04-21T20:30:00-0700,"Convergence Zone",Music,120,174269,"Jim Causey","Apr 21, 2026","9:53:02 PM",2026-04-21T21:53:02-0700,"Drab Majesty","Dot in the Sky","The Demonstration",5:26,,QMBZ91673224,,,2017,,,"Dais Records",0646263945490
"Apr 21, 2026","8:30:00 PM",2026-04-21T20:30:00-0700,"Convergence Zone",Music,120,174269,"Jim Causey","Apr 21, 2026","9:52:00 PM",2026-04-21T21:52:00-0700,"Drab Majesty",Induction,"The Demonstration",0:59,,QMBZ91673223,,,2017,,,"Dais Records",191018390570
"Apr 21, 2026","8:30:00 PM",2026-04-21T20:30:00-0700,"Convergence Zone",Music,120,174269,"Jim Causey","Apr 21, 2026","9:47:49 PM",2026-04-21T21:47:49-0700,LEATHERS,"Day for Night",Reckless,3:29,,TCADA1765721,,L,2024,,,"Artoffact Records",0628070641192
"Apr 21, 2026","8:30:00 PM",2026-04-21T20:30:00-0700,"Convergence Zone",Music,120,174269,"Jim Causey","Apr 21, 2026","9:43:08 PM",2026-04-21T21:43:08-0700,"Dark Chisme","Breathe, Break it","Breathe, Break it",4:29,,QZTB82526400,,L,2025,,,"Dark Chisme",0199518257775
"Apr 21, 2026","8:30:00 PM",2026-04-21T20:30:00-0700,"Convergence Zone",Music,120,174269,"Jim Causey","Apr 21, 2026","9:38:32 PM",2026-04-21T21:38:32-0700,"Boy Harsher","Come Closer",Careful,4:38,,DED621900005,,,2019,,,"Nude Club",4250506830991
"Apr 21, 2026","8:30:00 PM",2026-04-21T20:30:00-0700,"Convergence Zone",Music,120,174269,"Jim Causey","Apr 21, 2026","9:33:32 PM",2026-04-21T21:33:32-0700,TRAITRS,"I Was Ill, You Were Wrong","I Was Ill, You Were Wrong",5:05,,DGA072502530,,,2025,,,Traitrs,3618023625901
"Apr 21, 2026","8:30:00 PM",2026-04-21T20:30:00-0700,"Convergence Zone",Music,120,174269,"Jim Causey","Apr 21, 2026","9:30:19 PM",2026-04-21T21:30:19-0700,ACTORS,CTRL,CTRL,3:15,,QM4TW2633364,,L,2026,,"Vancouver-based artists will return to their home city to wrap up their current tour on Friday, October 9 -performing at Rickshaw Theatre","Artoffact Records",0199806982099
"Apr 21, 2026","8:30:00 PM",2026-04-21T20:30:00-0700,"Convergence Zone",Music,120,174269,"Jim Causey","Apr 21, 2026","9:27:51 PM",2026-04-21T21:27:51-0700,"Molchat Doma","Судно (Борис Рижий)",Этажи,2:21,,AEA0D1846146,,,2018,,"Performing at Bumbershoot on Saturday, September 5th!","молчат дома",
"Apr 21, 2026","8:30:00 PM",2026-04-21T20:30:00-0700,"Convergence Zone",Music,120,174269,"Jim Causey","Apr 21, 2026","9:21:22 PM",2026-04-21T21:21:22-0700,"Massive Attack","Teardrop - Mazaruni Dub One","Mezzanine (Deluxe)",6:05,,GBUM71805032,,,2018,,,"UMC (Universal Music Catalogue)",00602567984153
"Apr 21, 2026","8:30:00 PM",2026-04-21T20:30:00-0700,"Convergence Zone",Music,120,174269,"Jim Causey","Apr 21, 2026","9:12:03 PM",2026-04-21T21:12:03-0700,"Tame Impala","Let It Happen - Soulwax Remix","Let It Happen (Soulwax Remix)",9:17,,AUUM71501365,,,2017,,"Performing live at Climate Pledge Arena on Tuesday, September 1st and Wednesday, September 2nd","Universal Music Australia Pty. Ltd.",00602567151517
"Apr 21, 2026","8:30:00 PM",2026-04-21T20:30:00-0700,"Convergence Zone",Music,120,174269,"Jim Causey","Apr 21, 2026","9:05:34 PM",2026-04-21T21:05:34-0700,"Massive Attack (feat. Sinéad O'Connor)","What Your Soul Sings","100th Window",6:39,,GBAAA0600020,,,2006,,,"Virgin Records",00094636006857
"Apr 21, 2026","8:30:00 PM",2026-04-21T20:30:00-0700,"Convergence Zone",Music,120,174269,"Jim Causey","Apr 21, 2026","9:02:23 PM",2026-04-21T21:02:23-0700,"Boards of Canada","Tape 05","Tape 05",3:21,,,,,2026,,,,
"Apr 21, 2026","8:30:00 PM",2026-04-21T20:30:00-0700,"Convergence Zone",Music,120,174269,"Jim Causey","Apr 21, 2026","8:55:55 PM",2026-04-21T20:55:55-0700,"Pure Bathing Culture","Thin Growing Thing","Night Pass",3:59,,QZDZU1800001,,,2019,,,"Infinite Companion",0192641263392
"Apr 21, 2026","8:30:00 PM",2026-04-21T20:30:00-0700,"Convergence Zone",Music,120,174269,"Jim Causey","Apr 21, 2026","8:51:46 PM",2026-04-21T20:51:46-0700,Enya,"Storms in Africa",Watermark,4:11,,GBAHT0900034,,,1988,,,"WM UK",0825646913046
"Apr 21, 2026","8:30:00 PM",2026-04-21T20:30:00-0700,"Convergence Zone",Music,120,174269,"Jim Causey","Apr 21, 2026","8:48:53 PM",2026-04-21T20:48:53-0700,Clannad,"In a Lifetime",Macalla,3:07,,,,,1986,,,,0884977566062
"Apr 21, 2026","8:30:00 PM",2026-04-21T20:30:00-0700,"Convergence Zone",Music,120,174269,"Jim Causey","Apr 21, 2026","8:45:19 PM",2026-04-21T20:45:19-0700,Clannad,"Rí Na Cruinne - 2003 Remaster","Anam (2003 Remaster)",4:01,,GBARL0400014,,,1990,,,"BMG Rights Management (UK) Ltd.",
"Apr 21, 2026","8:30:00 PM",2026-04-21T20:30:00-0700,"Convergence Zone",Music,120,174269,"Jim Causey","Apr 21, 2026","8:39:18 PM",2026-04-21T20:39:18-0700,"The The (feat. Neneh Cherry)","Slow Train To Dawn",Infected,4:14,,GBBBM0102162,,,1987,,,SME,0074644047127
"Apr 21, 2026","8:30:00 PM",2026-04-21T20:30:00-0700,"Convergence Zone",Music,120,174269,"Jim Causey","Apr 21, 2026","8:34:16 PM",2026-04-21T20:34:16-0700,"The Avalanches","Wherever You Go (feat. Jamie xx, Neneh Cherry & CLYPSO)","We Will Always Love You",5:51,,AUUM72000265,,,2020,,,"Universal Music Australia Pty. Ltd.",602435055183
"Apr 21, 2026","8:30:00 PM",2026-04-21T20:30:00-0700,"Convergence Zone",Music,120,174269,"Jim Causey","Apr 21, 2026","8:30:22 PM",2026-04-21T20:30:22-0700,"Hello Meteor","The Second Door Problem","On-World Ordinary Nights",3:52,,QZMEM2615784,,L,2026,,,DISTROKID,
"Apr 14, 2026","8:30:00 PM",2026-04-14T20:30:00-0700,"04.14.2026 - Michael G",Music,120,173567,"Jim Causey","Apr 14, 2026","10:23:26 PM",2026-04-14T22:23:26-0700,Balmorhea,Masollan,Stranger,5:13,,US78L1263702,,,2012,,,"Western Vinyl",0656605463766
"Apr 14, 2026","8:30:00 PM",2026-04-14T20:30:00-0700,"04.14.2026 - Michael G",Music,120,173567,"Jim Causey","Apr 14, 2026","10:18:03 PM",2026-04-14T22:18:03-0700,Radiohead,"Fake Plastic Trees","The Bends",4:51,,GBAYE9400056,,,1995,,,"XL Recordings",634904078065
"Apr 14, 2026","8:30:00 PM",2026-04-14T20:30:00-0700,"04.14.2026 - Michael G",Music,120,173567,"Jim Causey","Apr 14, 2026","10:13:13 PM",2026-04-14T22:13:13-0700,"Cigarettes After Sex","Motion Picture Soundtrack","Motion Picture Soundtrack",5:00,,USBQU2300384,,,2023,,,"Liberator Music / Partisan Records",9341004127951
"Apr 14, 2026","8:30:00 PM",2026-04-14T20:30:00-0700,"04.14.2026 - Michael G",Music,120,173567,"Jim Causey","Apr 14, 2026","10:08:00 PM",2026-04-14T22:08:00-0700,"Aurasonic Nebulae","Be Now","Escape To Now",,,,,,,,,Self-Released,
"Apr 14, 2026","8:30:00 PM",2026-04-14T20:30:00-0700,"04.14.2026 - Michael G",Music,120,173567,"Jim Causey","Apr 14, 2026","10:04:35 PM",2026-04-14T22:04:35-0700,Anoraak,"Long Distance Hearts","Valerie and Friends",4:05,,FR6V80917866,,,2009,,,"Grand Blanc",3516620146020
"Apr 14, 2026","8:30:00 PM",2026-04-14T20:30:00-0700,"04.14.2026 - Michael G",Music,120,173567,"Jim Causey","Apr 14, 2026","9:59:32 PM",2026-04-14T21:59:32-0700,"Steve Moore",Saturnalia,"Valerie and Friends",5:38,,FR6V80917881,,,2009,,,"Grand Blanc",3516620146020
"Apr 14, 2026","8:30:00 PM",2026-04-14T20:30:00-0700,"04.14.2026 - Michael G",Music,120,173567,"Jim Causey","Apr 14, 2026","9:54:34 PM",2026-04-14T21:54:34-0700,"This Patch of Sky","Ten Thousand Hours","Heroes and Ghosts",4:18,,USX9P1307363,,,2016,,,"This Patch of Sky",0888174414621
"Apr 14, 2026","8:30:00 PM",2026-04-14T20:30:00-0700,"04.14.2026 - Michael G",Music,120,173567,"Jim Causey","Apr 14, 2026","9:46:13 PM",2026-04-14T21:46:13-0700,Somesurprises,Perseids,Perseids,8:09,,USCGH2471456,,,2024,,,"Doom Trip Records",0198500093735
"Apr 14, 2026","8:30:00 PM",2026-04-14T20:30:00-0700,"04.14.2026 - Michael G",Music,120,173567,"Jim Causey","Apr 14, 2026","9:42:41 PM",2026-04-14T21:42:41-0700,Dvwnpour,"Everything That I Was",Sunflower,3:46,,QT6F72588756,,,2025,,,Dvwnpour,0199949110533
"Apr 14, 2026","8:30:00 PM",2026-04-14T20:30:00-0700,"04.14.2026 - Michael G",Music,120,173567,"Jim Causey","Apr 14, 2026","9:37:00 PM",2026-04-14T21:37:00-0700,DaRuff,"Echoes of Time","Ronin's Path EP",,,,,,,,,"Onset Audio (Seattle)",
"Apr 14, 2026","8:30:00 PM",2026-04-14T20:30:00-0700,"04.14.2026 - Michael G",Music,120,173567,"Jim Causey","Apr 14, 2026","9:33:00 PM",2026-04-14T21:33:00-0700,Pogo,"Smack & Snack",Weightless,,,,,,,,,Self-Released,
"Apr 14, 2026","8:30:00 PM",2026-04-14T20:30:00-0700,"04.14.2026 - Michael G",Music,120,173567,"Jim Causey","Apr 14, 2026","9:28:19 PM",2026-04-14T21:28:19-0700,"Kara-Lis Coverdale","Cumulative Resolution","A Series of Actions in a Sphere of Forever",1:42,,NOSTS2513060,,,2025,,,"Smalltown Supersound",7072822413002
"Apr 14, 2026","8:30:00 PM",2026-04-14T20:30:00-0700,"04.14.2026 - Michael G",Music,120,173567,"Jim Causey","Apr 14, 2026","9:28:00 PM",2026-04-14T21:28:00-0700,Quits,Dowsing,"Love Sticker",,,,,,,,,Self-Released,
"Apr 14, 2026","8:30:00 PM",2026-04-14T20:30:00-0700,"04.14.2026 - Michael G",Music,120,173567,"Jim Causey","Apr 14, 2026","9:23:26 PM",2026-04-14T21:23:26-0700,LIGHTSPEAR,Light,Meteor,5:18,,TCAFE2047543,,,2020,,,LIGHTSPEAR,0859742998034
"Apr 14, 2026","8:30:00 PM",2026-04-14T20:30:00-0700,"04.14.2026 - Michael G",Music,120,173567,"Jim Causey","Apr 14, 2026","9:18:30 PM",2026-04-14T21:18:30-0700,Gunship,"Send Me An Angel","Send Me An Angel",4:13,,USA2P2344887,,,2023,,,"Horsie In The Hedge",0196922682407
"Apr 14, 2026","8:30:00 PM",2026-04-14T20:30:00-0700,"04.14.2026 - Michael G",Music,120,173567,"Jim Causey","Apr 14, 2026","9:13:39 PM",2026-04-14T21:13:39-0700,BlakLight,"Buried Alive - Axe Mix","Buried Alive",5:05,,QZRP42560016,,,2025,,,"1153414 Records DK2",0199328706432
"Apr 14, 2026","8:30:00 PM",2026-04-14T20:30:00-0700,"04.14.2026 - Michael G",Music,120,173567,"Jim Causey","Apr 14, 2026","9:10:16 PM",2026-04-14T21:10:16-0700,"Ghost Fetish","Show and Tell","Show and Tell",3:31,,USCGJ2592676,,,2025,,,"Ghost Fetish",0199199245696
"Apr 14, 2026","8:30:00 PM",2026-04-14T20:30:00-0700,"04.14.2026 - Michael G",Music,120,173567,"Jim Causey","Apr 14, 2026","9:05:00 PM",2026-04-14T21:05:00-0700,"Sonic Mayhem","Corebreach (Build to Destroy) [GUNSHIP Reconstruction]","Metal Eden: Corrupted Memory Edition",,,,,,,,,Self-Released,
"Apr 14, 2026","8:30:00 PM",2026-04-14T20:30:00-0700,"04.14.2026 - Michael G",Music,120,173567,"Jim Causey","Apr 14, 2026","9:00:16 PM",2026-04-14T21:00:16-0700,"Nouveau Arcade","Only Happy When It Rains","Only Happy When It Rains",4:26,,QM5LC2300078,,,2023,,,FiXT,0699618592887
"Apr 14, 2026","8:30:00 PM",2026-04-14T20:30:00-0700,"04.14.2026 - Michael G",Music,120,173567,"Jim Causey","Apr 14, 2026","8:55:00 PM",2026-04-14T20:55:00-0700,"Acacia Komodo",Calyptra,"Abyss Rave (EP)",,,,,,,,,Self-Released,
"Apr 14, 2026","8:30:00 PM",2026-04-14T20:30:00-0700,"04.14.2026 - Michael G",Music,120,173567,"Jim Causey","Apr 14, 2026","8:50:00 PM",2026-04-14T20:50:00-0700,Technetium,"She's Running Away",Dreamstate,,,,,,,,,"Self Released",
"Apr 14, 2026","8:30:00 PM",2026-04-14T20:30:00-0700,"04.14.2026 - Michael G",Music,120,173567,"Jim Causey","Apr 14, 2026","8:45:00 PM",2026-04-14T20:45:00-0700,"Sarah McLachlan","World On Fire (Junkie XL Club Mix)",Single/Promo,,,,,,2003,,,Artista,
"Apr 14, 2026","8:30:00 PM",2026-04-14T20:30:00-0700,"04.14.2026 - Michael G",Music,120,173567,"Jim Causey","Apr 14, 2026","8:40:00 PM",2026-04-14T20:40:00-0700,"Chicane (feat. Moya Brennan)",Saltwater,Single,,,,,,1999,,,"Xtravaganza Recordings",
"Apr 14, 2026","8:30:00 PM",2026-04-14T20:30:00-0700,"04.14.2026 - Michael G",Music,120,173567,"Jim Causey","Apr 14, 2026","8:35:36 PM",2026-04-14T20:35:36-0700,Melodysheep,"Children of Planet Earth","Children of Planet Earth",4:38,,USL4R1806051,,,2018,,,Melodysheep,0193428401457
"Apr 14, 2026","8:30:00 PM",2026-04-14T20:30:00-0700,"04.14.2026 - Michael G",Music,120,173567,"Jim Causey","Apr 14, 2026","8:31:45 PM",2026-04-14T20:31:45-0700,ODESZA,"A Moment Apart","A Moment Apart",3:54,,GBCFB1700210,,,2018,,,"Counter Records",5054429135121
"Apr 7, 2026","8:30:00 PM",2026-04-07T20:30:00-0700,"04.07.2026 - Jim Causey",Music,120,173567,"Jim Causey","Apr 7, 2026","10:16:30 PM",2026-04-07T22:16:30-0700,"Drab Majesty","Yield To Force","An Object In Motion",15:15,,QZJCP2300012,,,2023,,,"Dais Records",0683950556607
"Apr 7, 2026","8:30:00 PM",2026-04-07T20:30:00-0700,"04.07.2026 - Jim Causey",Music,120,173567,"Jim Causey","Apr 7, 2026","10:06:18 PM",2026-04-07T22:06:18-0700,Loscil,"First Narrows","First Narrows",10:19,,USI4R0402057,,,2004,,,kranky,0887396826090
"Apr 7, 2026","8:30:00 PM",2026-04-07T20:30:00-0700,"04.07.2026 - Jim Causey",Music,120,173567,"Jim Causey","Apr 7, 2026","9:55:20 PM",2026-04-07T21:55:20-0700,"Visible Cloaks",Atelier,"FRKWYS Vol. 15: serenitatem",6:48,,US6PQ1900004,,,2019,,,"RVNG Intl.",0747742382369
"Apr 7, 2026","8:30:00 PM",2026-04-07T20:30:00-0700,"04.07.2026 - Jim Causey",Music,120,173567,"Jim Causey","Apr 7, 2026","9:49:06 PM",2026-04-07T21:49:06-0700,Micado,"SculptureS in GlaSS",SculptureS,6:19,,GX89G2461004,,,2024,,,"Cyclical Dreams",5063440918941
"Apr 7, 2026","8:30:00 PM",2026-04-07T20:30:00-0700,"04.07.2026 - Jim Causey",Music,120,173567,"Jim Causey","Apr 7, 2026","9:44:14 PM",2026-04-07T21:44:14-0700,"Conjure One","Manic Star","Conjure One",5:23,,CAN110200037,,,2010,,,"Nettwerk Records",0067003024655
"Apr 7, 2026","8:30:00 PM",2026-04-07T20:30:00-0700,"04.07.2026 - Jim Causey",Music,120,173567,"Jim Causey","Apr 7, 2026","9:40:25 PM",2026-04-07T21:40:25-0700,"Still Corners","Secret World","Secret World",3:40,,QZCWY2300007,,,2023,,,"Wrecking Light Records",3617380591409
"Apr 7, 2026","8:30:00 PM",2026-04-07T20:30:00-0700,"04.07.2026 - Jim Causey",Music,120,173567,"Jim Causey","Apr 7, 2026","9:36:33 PM",2026-04-07T21:36:33-0700,Gwenno,"N.Y.C.A.W. - ""the lonely summer"" mix by JDBRADFIELD","N.Y.C.A.W. (the lonely summer mix by JDBRADFIELD)",3:57,,GBPVV2204652,,,2022,,,"Heavenly Recordings",5400863095192
"Apr 7, 2026","8:30:00 PM",2026-04-07T20:30:00-0700,"04.07.2026 - Jim Causey",Music,120,173567,"Jim Causey","Apr 7, 2026","9:31:53 PM",2026-04-07T21:31:53-0700,"Echo of the Low Light",Shipwreck,Shipwreck,4:43,,QZFZ41975964,,,2019,,,DISTROKID,0194616227439
"Apr 7, 2026","8:30:00 PM",2026-04-07T20:30:00-0700,"04.07.2026 - Jim Causey",Music,120,173567,"Jim Causey","Apr 7, 2026","9:25:15 PM",2026-04-07T21:25:15-0700,Tineidae,"Data Stream Conjunction","Remnants of War",6:00,,USL4R2340347,,,2024,,,"Cryo Chamber",5902693147343
"Apr 7, 2026","8:30:00 PM",2026-04-07T20:30:00-0700,"04.07.2026 - Jim Causey",Music,120,173567,"Jim Causey","Apr 7, 2026","9:22:07 PM",2026-04-07T21:22:07-0700,"Arushi Jain","Imagine An Orchestra","Imagine An Orchestra",3:27,,USA2P2360409,,,2024,,,"Leaving Records",
"Apr 7, 2026","8:30:00 PM",2026-04-07T20:30:00-0700,"04.07.2026 - Jim Causey",Music,120,173567,"Jim Causey","Apr 7, 2026","9:18:11 PM",2026-04-07T21:18:11-0700,"Flying Lotus","Your Lord",Yasuke,2:07,,GBBPW2100105,,,2021,,,"Warp Records",0801061033439
"Apr 7, 2026","8:30:00 PM",2026-04-07T20:30:00-0700,"04.07.2026 - Jim Causey",Music,120,173567,"Jim Causey","Apr 7, 2026","9:07:04 PM",2026-04-07T21:07:04-0700,"Caroline Polachek",Billions,Billions,4:56,,QM4TW2224701,,,2022,,,"Perpetual Novice",0196626289117
"Apr 7, 2026","8:30:00 PM",2026-04-07T20:30:00-0700,"04.07.2026 - Jim Causey",Music,120,173567,"Jim Causey","Apr 7, 2026","9:03:51 PM",2026-04-07T21:03:51-0700,ACTORS,"In Real Life","In Real Life",3:13,,QM4TX2437688,,,2024,,,"Artoffact Records",0198391418259
"Apr 7, 2026","8:30:00 PM",2026-04-07T20:30:00-0700,"04.07.2026 - Jim Causey",Music,120,173567,"Jim Causey","Apr 7, 2026","8:58:23 PM",2026-04-07T20:58:23-0700,Chromatics,Ceremony,"Cherry (Deluxe)",5:13,,QM24S1705257,,,2017,,,"Italians Do It Better",0843357102955
"Apr 7, 2026","8:30:00 PM",2026-04-07T20:30:00-0700,"04.07.2026 - Jim Causey",Music,120,173567,"Jim Causey","Apr 7, 2026","8:54:09 PM",2026-04-07T20:54:09-0700,"Death Cab for Cutie","Northern Lights","Thank You for Today",3:55,,USAT21802834,,,2018,,,"Atlantic Records",0075679869951
"Apr 7, 2026","8:30:00 PM",2026-04-07T20:30:00-0700,"04.07.2026 - Jim Causey",Music,120,173567,"Jim Causey","Apr 7, 2026","8:50:18 PM",2026-04-07T20:50:18-0700,"Midnight High","Do It To Me","Swimming Lessons",4:02,,QZMER2366618,,,2023,,,DISTROKID,0197902328278
"Apr 7, 2026","8:30:00 PM",2026-04-07T20:30:00-0700,"04.07.2026 - Jim Causey",Music,120,173567,"Jim Causey","Apr 7, 2026","8:44:20 PM",2026-04-07T20:44:20-0700,Deafheaven,"Great Mass of Color","Great Mass of Color",6:00,,USA2P2041596,,,2021,,,"Sargent House",0192641736810
"Apr 7, 2026","8:30:00 PM",2026-04-07T20:30:00-0700,"04.07.2026 - Jim Causey",Music,120,173567,"Jim Causey","Apr 7, 2026","8:38:54 PM",2026-04-07T20:38:54-0700,Tune-Yards,hypnotized,sketchy.,4:30,,GBAFL2000265,,,2021,,,4AD,5059638064941
"Apr 7, 2026","8:30:00 PM",2026-04-07T20:30:00-0700,"04.07.2026 - Jim Causey",Music,120,173567,"Jim Causey","Apr 7, 2026","8:35:05 PM",2026-04-07T20:35:05-0700,"Mt Fog",Drifting,Drifting,3:52,,QZES72416386,,,2024,,,"Save the Forest for the Trees",0198081134230
"Mar 31, 2026","8:30:00 PM",2026-03-31T20:30:00-0700,"03.31.2026 - Michael G",Music,120,173567,"Jim Causey","Mar 31, 2026","10:27:46 PM",2026-03-31T22:27:46-0700,"Nine Inch Nails","At The Heart Of It All","Further Down The Spiral",7:14,,USIR19500152,,,1995,,,"TVT Records",
"Mar 31, 2026","8:30:00 PM",2026-03-31T20:30:00-0700,"03.31.2026 - Michael G",Music,120,173567,"Jim Causey","Mar 31, 2026","10:22:08 PM",2026-03-31T22:22:08-0700,aetheres,juno,"knightfall / juno",5:46,,QT6EV2585769,,,2025,,,archaea,0199954609817
"Mar 31, 2026","8:30:00 PM",2026-03-31T20:30:00-0700,"03.31.2026 - Michael G",Music,120,173567,"Jim Causey","Mar 31, 2026","10:20:29 PM",2026-03-31T22:20:29-0700,Kwintessens,"The Spheres",Surrender,5:19,,GBKPL1358072,,,2013,,,Kwintessens,
"Mar 31, 2026","8:30:00 PM",2026-03-31T20:30:00-0700,"03.31.2026 - Michael G",Music,120,173567,"Jim Causey","Mar 31, 2026","10:18:02 PM",2026-03-31T22:18:02-0700,Aukai,Brushed,"Blooming Thoughts",3:07,,QMDA62408555,,,2024,,,"Aukai Music",0198846334684
"Mar 31, 2026","8:30:00 PM",2026-03-31T20:30:00-0700,"03.31.2026 - Michael G",Music,120,173567,"Jim Causey","Mar 31, 2026","10:15:02 PM",2026-03-31T22:15:02-0700,"Can of Clouds","Answer from the Stars","Passing Vistas",3:07,,TCAJH2566910,,,2025,,,"Pocket Star Records",0198715257939
"Mar 31, 2026","8:30:00 PM",2026-03-31T20:30:00-0700,"03.31.2026 - Michael G",Music,120,173567,"Jim Causey","Mar 31, 2026","10:09:22 PM",2026-03-31T22:09:22-0700,Deepspace,"Just a Pill and All This Will Stop","Neon Blue Utopia",4:54,,USHK92542715,,,2025,,,Projekt,0617026042725
"Mar 31, 2026","8:30:00 PM",2026-03-31T20:30:00-0700,"03.31.2026 - Michael G",Music,120,173567,"Jim Causey","Mar 31, 2026","10:02:57 PM",2026-03-31T22:02:57-0700,"Steve Hauschildt","Forgetting in the Static",Aeropsia,6:41,,DEX262500749,,,2025,,,"Simul Records",0880918274157
"Mar 31, 2026","8:30:00 PM",2026-03-31T20:30:00-0700,"03.31.2026 - Michael G",Music,120,173567,"Jim Causey","Mar 31, 2026","9:58:48 PM",2026-03-31T21:58:48-0700,"glass egg","nocturnal bloom","visions & ecstasies",4:17,,QZAKB2515657,,,2025,,,"frances dietrich records",0199384050203
"Mar 31, 2026","8:30:00 PM",2026-03-31T20:30:00-0700,"03.31.2026 - Michael G",Music,120,173567,"Jim Causey","Mar 31, 2026","9:52:32 PM",2026-03-31T21:52:32-0700,"Silvio Sidelnick","Game of Faith","Game of Faith",6:12,,US83Z2572927,,,2026,,,"Another Life Music",0853567419347
"Mar 31, 2026","8:30:00 PM",2026-03-31T20:30:00-0700,"03.31.2026 - Michael G",Music,120,173567,"Jim Causey","Mar 31, 2026","9:46:29 PM",2026-03-31T21:46:29-0700,"The Cheebacabra","Extend the Knowledge (Afternoons in Stereo Remix)",Retouched,6:11,,QMWJ61400018,,,2015,,,MACKROSOFT,0691891001827
"Mar 31, 2026","8:30:00 PM",2026-03-31T20:30:00-0700,"03.31.2026 - Michael G",Music,120,173567,"Jim Causey","Mar 31, 2026","9:39:03 PM",2026-03-31T21:39:03-0700,Material,"Black Light","Hallucination Engine",7:33,,USWWW0201519,,,1994,,,"Island Records",00731451835124
"Mar 31, 2026","8:30:00 PM",2026-03-31T20:30:00-0700,"03.31.2026 - Michael G",Music,120,173567,"Jim Causey","Mar 31, 2026","9:26:42 PM",2026-03-31T21:26:42-0700,"Platonick Dive","Carpet Ceiling - Dreamy Mix","Take A Deep Breath (Deluxe Edition)",3:08,,QMFME2596201,,,2025,,,"Moment of Collapse Records",0199538967531
"Mar 31, 2026","8:30:00 PM",2026-03-31T20:30:00-0700,"03.31.2026 - Michael G",Music,120,173567,"Jim Causey","Mar 31, 2026","9:23:16 PM",2026-03-31T21:23:16-0700,Hatchie,"Lose It Again","Lose It Again",3:31,,US38W2550308,,,2025,,,"Secretly Canadian",0656605050379
"Mar 31, 2026","8:30:00 PM",2026-03-31T20:30:00-0700,"03.31.2026 - Michael G",Music,120,173567,"Jim Causey","Mar 31, 2026","9:18:40 PM",2026-03-31T21:18:40-0700,Fotoform,"Grief is a Garden","Grief is a Garden",4:42,,QZES92543860,,,2025,,,"Dismal Nitch",0199343121579
"Mar 31, 2026","8:30:00 PM",2026-03-31T20:30:00-0700,"03.31.2026 - Michael G",Music,120,173567,"Jim Causey","Mar 31, 2026","9:15:09 PM",2026-03-31T21:15:09-0700,"Cocteau Twins",Summerhead,"Four-Calendar Cafe",3:37,,GBF089390064,,,1993,,,EMI,00731451825927
"Mar 31, 2026","8:30:00 PM",2026-03-31T20:30:00-0700,"03.31.2026 - Michael G",Music,120,173567,"Jim Causey","Mar 31, 2026","9:09:11 PM",2026-03-31T21:09:11-0700,Slowdive,alife,alife,4:34,,USJ5G2323203,,,2023,,,"Dead Oceans",0617308060461
"Mar 31, 2026","8:30:00 PM",2026-03-31T20:30:00-0700,"03.31.2026 - Michael G",Music,120,173567,"Jim Causey","Mar 31, 2026","9:04:47 PM",2026-03-31T21:04:47-0700,M83,"Oceans Niagara","Oceans Niagara",4:31,,GB5SH2200003,,,2022,,,"Mute (Artist Intelligence)",0724596211755
"Mar 31, 2026","8:30:00 PM",2026-03-31T20:30:00-0700,"03.31.2026 - Michael G",Music,120,173567,"Jim Causey","Mar 31, 2026","9:00:01 PM",2026-03-31T21:00:01-0700,"Lost in Kiev","Another End is Possible",Rupture,4:59,,QM6N22234788,,,2022,,,"Pelagic Records",0196925155960
"Mar 31, 2026","8:30:00 PM",2026-03-31T20:30:00-0700,"03.31.2026 - Michael G",Music,120,173567,"Jim Causey","Mar 31, 2026","8:55:45 PM",2026-03-31T20:55:45-0700,Vervex,Supernova,Olympic,3:43,,QT4K32582985,,,2025,,,"Washingtones Records",0692788617640
"Mar 31, 2026","8:30:00 PM",2026-03-31T20:30:00-0700,"03.31.2026 - Michael G",Music,120,173567,"Jim Causey","Mar 31, 2026","8:48:49 PM",2026-03-31T20:48:49-0700,"The Churchhill Garden","Dreams Turn Gray","Dreams Turn Gray",6:40,,QZHZ42037272,,,2020,,,"the churchhill garden",0713152315266
"Mar 31, 2026","8:30:00 PM",2026-03-31T20:30:00-0700,"03.31.2026 - Michael G",Music,120,173567,"Jim Causey","Mar 31, 2026","8:43:14 PM",2026-03-31T20:43:14-0700,"The Naked Souls","Seattle Song (Nothing Just Like You)","Reverb From The Depths",5:48,,USY252508694,,,2025,,,"painted air",0760137184805
"Mar 31, 2026","8:30:00 PM",2026-03-31T20:30:00-0700,"03.31.2026 - Michael G",Music,120,173567,"Jim Causey","Mar 31, 2026","8:34:06 PM",2026-03-31T20:34:06-0700,Maserati,Oaxaca,"Pyramid of the Sun (Bonus Track Version)",8:12,,USY6C1017207,,,2024,,,"Temporary Residence Ltd.",0656605338460
"Mar 24, 2026","8:30:00 PM",2026-03-24T20:30:00-0700,"Convergence Zone",Music,120,174269,"Jim Causey","Mar 24, 2026","10:21:18 PM",2026-03-24T22:21:18-0700,"Robert Fripp","Evening Star","Evening Star",7:51,,GBCTX1801079,,,1975,,"st Elmo's fire - from Mt Fog's curated set ""MUSIC SHOULD SOUND GREEN"", just for tonight's Spring Membership Campaign","Island Records",0633367883520
"Mar 24, 2026","8:30:00 PM",2026-03-24T20:30:00-0700,"Convergence Zone",Music,120,174269,"Jim Causey","Mar 24, 2026","10:19:08 PM",2026-03-24T22:19:08-0700,"Pink Floyd","The Gnome","The Piper at the Gates of Dawn",2:14,,GBN9Y1100008,,,1967,,"pine green - from Mt Fog's curated set ""MUSIC SHOULD SOUND GREEN"", just for tonight's Spring Membership Campaign","Pink Floyd Records",0886445613193
"Mar 24, 2026","8:30:00 PM",2026-03-24T20:30:00-0700,"Convergence Zone",Music,120,174269,"Jim Causey","Mar 24, 2026","10:07:50 PM",2026-03-24T22:07:50-0700,"Herbie Hancock",Butterfly,Thrust,11:18,,USSM17400303,,,1974,,"insect green - from Mt Fog's curated set ""MUSIC SHOULD SOUND GREEN"", just for tonight's Spring Membership Campaign",Columbia/Legacy,74646498422
"Mar 24, 2026","8:30:00 PM",2026-03-24T20:30:00-0700,"Convergence Zone",Music,120,174269,"Jim Causey","Mar 24, 2026","10:03:32 PM",2026-03-24T22:03:32-0700,"Jolanda Moletta",Naiade,Oceanine,4:31,,,,L,2026,,"New single - featuring Carolyn from Mt. Fog on guest vocals!  Album due out on May 1, 2026","Beacon Sound",
"Mar 24, 2026","8:30:00 PM",2026-03-24T20:30:00-0700,"Convergence Zone",Music,120,174269,"Jim Causey","Mar 24, 2026","9:54:24 PM",2026-03-24T21:54:24-0700,"Brian Eno","Sky Saw","Another Green World",3:28,,GBAAA0400074,,,1975,,"light bright teal - from Mt Fog's curated set ""MUSIC SHOULD SOUND GREEN"", just for tonight's Spring Membership Campaign","EMI Marketing",724357729154
"Mar 24, 2026","8:30:00 PM",2026-03-24T20:30:00-0700,"Convergence Zone",Music,120,174269,"Jim Causey","Mar 24, 2026","9:48:33 PM",2026-03-24T21:48:33-0700,"The Cure","A Forest","Seventeen Seconds",5:55,,USEE10500788,,,1980,,"kelp green - from Mt Fog's curated set ""MUSIC SHOULD SOUND GREEN"", just for tonight's Spring Membership Campaign",Rhino/Elektra,603497978380
"Mar 24, 2026","8:30:00 PM",2026-03-24T20:30:00-0700,"Convergence Zone",Music,120,174269,"Jim Causey","Mar 24, 2026","9:44:39 PM",2026-03-24T21:44:39-0700,Yeasayer,Sunrise,"All Hour Cymbals",4:07,,USKDC0700201,,,2008,,"sea foam -  from Mt Fog's curated set ""MUSIC SHOULD SOUND GREEN"", just for tonight's Spring Membership Campaign","We Are Free",
"Mar 24, 2026","8:30:00 PM",2026-03-24T20:30:00-0700,"Convergence Zone",Music,120,174269,"Jim Causey","Mar 24, 2026","9:37:38 PM",2026-03-24T21:37:38-0700,"Julia Holter","In Gardens' Muteness",Aviary,6:36,,GBCEL1800351,,,2018,,"ivy leaf green - from Mt Fog's curated set ""MUSIC SHOULD SOUND GREEN"", just for tonight's Spring Membership Campaign","Domino Recording Co",0887828041763
"Mar 24, 2026","8:30:00 PM",2026-03-24T20:30:00-0700,"Convergence Zone",Music,120,174269,"Jim Causey","Mar 24, 2026","9:21:35 PM",2026-03-24T21:21:35-0700,"Jack DeJohnette","Bayou Fever","New Directions",8:40,,DEB337812801,,,1978,,"bog green - from Mt Fog's curated set ""MUSIC SHOULD SOUND GREEN"", just for tonight's Spring Membership Campaign","ECM Records",42282937421
"Mar 24, 2026","8:30:00 PM",2026-03-24T20:30:00-0700,"Convergence Zone",Music,120,174269,"Jim Causey","Mar 24, 2026","9:14:38 PM",2026-03-24T21:14:38-0700,"Chris Squire","Lucky Seven","Fish Out Of Water",6:54,,USAT20104063,,,1975,,"olive green - from Yes guitarist Chris Squire - from Mt Fog's curated set ""MUSIC SHOULD SOUND GREEN"", just for tonight's Spring Membership Campaign",Non-Wea/Other,0603497997084
"Mar 24, 2026","8:30:00 PM",2026-03-24T20:30:00-0700,"Convergence Zone",Music,120,174269,"Jim Causey","Mar 24, 2026","9:07:13 PM",2026-03-24T21:07:13-0700,"Kate Bush","The Sensual World","The Sensual World",3:54,,GBCNR8900005,,,1989,,"kelly green -  from Mt Fog's curated set ""MUSIC SHOULD SOUND GREEN"", just for tonight's Spring Membership Campaign","Noble & Brite Ltd",0654367227527
"Mar 24, 2026","8:30:00 PM",2026-03-24T20:30:00-0700,"Convergence Zone",Music,120,174269,"Jim Causey","Mar 24, 2026","9:01:47 PM",2026-03-24T21:01:47-0700,"David Sylvian & Ryuichi Sakamoto","Bamboo Music","Bamboo Houses",5:38,,GBAAA8200294,,,1982,,"sage green - B -side to the singer's 1982 single ""Bamboo Houses"" - from Mt Fog's curated set ""MUSIC SHOULD SOUND GREEN"", just for tonight's Spring Membership Campaign",Virgin,0886449590599
"Mar 24, 2026","8:30:00 PM",2026-03-24T20:30:00-0700,"Convergence Zone",Music,120,174269,"Jim Causey","Mar 24, 2026","8:56:50 PM",2026-03-24T20:56:50-0700,"Duran Duran","Faith In This Colour - 2010 Remastered Version","Seven And The Ragged Tiger (Deluxe Edition)",4:09,,GBAYE8300058,,,1983,,"dark teal - from Mt Fog's curated set ""MUSIC SHOULD SOUND GREEN"", just for tonight's Spring Membership Campaign","Parlophone UK",5099968432157
"Mar 24, 2026","8:30:00 PM",2026-03-24T20:30:00-0700,"Convergence Zone",Music,120,174269,"Jim Causey","Mar 24, 2026","8:49:51 PM",2026-03-24T20:49:51-0700,"Hello Meteor","The Lake Green Project (during air break)","Comfortable Loneliness",3:39,,QZFZ42224050,,L,2022,,,"Evergreen Prefecture",0196700566646
"Mar 24, 2026","8:30:00 PM",2026-03-24T20:30:00-0700,"Convergence Zone",Music,120,174269,"Jim Causey","Mar 24, 2026","8:44:18 PM",2026-03-24T20:44:18-0700,"Spyro Gyra",Heliopolis,"Morning Dance",5:35,,USAR49980015,,,1979,,"chartreuse - from Mt Fog's curated set ""MUSIC SHOULD SOUND GREEN""","Amherst Records, Inc.",0051617800828
"Mar 24, 2026","8:30:00 PM",2026-03-24T20:30:00-0700,"Convergence Zone",Music,120,174269,"Jim Causey","Mar 24, 2026","8:39:38 PM",2026-03-24T20:39:38-0700,"Snapped Ankles","Forest of Your Problems","Forest of Your Problems",4:45,,GBCKB2112601,,,2021,,"banana leaf green - from Mt Fog's curated set ""MUSIC SHOULD SOUND GREEN""

art rock from the UK","The Leaf Label",0843190012695
"Mar 24, 2026","8:30:00 PM",2026-03-24T20:30:00-0700,"Convergence Zone",Music,120,174269,"Jim Causey","Mar 24, 2026","8:36:14 PM",2026-03-24T20:36:14-0700,"Mort Garson","Rhapsody in Green","Mother Earth's Plantasia",3:26,,US5NR1903006,,,1976,,"green of a fresh green shoot - from Mt Fog's curated set ""MUSIC SHOULD SOUND GREEN""

Canadian electronic composer","Sacred Bones Records",0843563116050
"Mar 24, 2026","8:30:00 PM",2026-03-24T20:30:00-0700,"Convergence Zone",Music,120,174269,"Jim Causey","Mar 24, 2026","8:30:22 PM",2026-03-24T20:30:22-0700,"Mt Fog","A Single Green Strand Emerges","Every Stone is Green",4:29,,QZMEP2616748,,L,2026,,"Local trio's new LP - stay tuned for music curated for the Spring Membership Campaign by Mt. Fog! And check them out in Bellingham on Thursday, March 26 at Odd Fellows Temple Room, and Saturday, March 28 at Quilcene Lantern in Quilcene","Save the Forest for the Trees",0821311305130
"Mar 17, 2026","8:30:00 PM",2026-03-17T20:30:00-0700,"Convergence Zone",Music,120,174269,"Jim Causey","Mar 17, 2026","10:30:56 PM",2026-03-17T22:30:56-0700,"Tsar Czar","Seratonin O'Clock (excerpt)","Certainly Something",3:00,,,,L,2024,,,,
"Mar 17, 2026","8:30:00 PM",2026-03-17T20:30:00-0700,"Convergence Zone",Music,120,174269,"Jim Causey","Mar 17, 2026","10:26:00 PM",2026-03-17T22:26:00-0700,yu-more,"Deep Mindset","Deep Mindset - Single",5:30,,GBKQU2567300,,,2025,,,"Play Of Color Blue",5054289163067
"Mar 17, 2026","8:30:00 PM",2026-03-17T20:30:00-0700,"Convergence Zone",Music,120,174269,"Jim Causey","Mar 17, 2026","10:25:00 PM",2026-03-17T22:25:00-0700,yu-more,"Deep Mindset","Play Of Color Blue Sound Palette Vol.2 Side B",5:29,,GBKQU2554749,,,2025,,,"Play Of Color Blue",5054289102240
"Mar 17, 2026","8:30:00 PM",2026-03-17T20:30:00-0700,"Convergence Zone",Music,120,174269,"Jim Causey","Mar 17, 2026","10:21:00 PM",2026-03-17T22:21:00-0700,"Sandman Theory","Positive Horizons","Positive Horizons",4:06,,QZ5FN2580669,,,2025,,,"Fuzzy Lounge Sounds",0198937688757
"Mar 17, 2026","8:30:00 PM",2026-03-17T20:30:00-0700,"Convergence Zone",Music,120,174269,"Jim Causey","Mar 17, 2026","10:17:00 PM",2026-03-17T22:17:00-0700,"Tomo Nakayama","Tick Tock",Melonday,4:00,,TCAEP2026075,,L,2020,,,"Ricebelly Music",859736566874
"Mar 17, 2026","8:30:00 PM",2026-03-17T20:30:00-0700,"Convergence Zone",Music,120,174269,"Jim Causey","Mar 17, 2026","10:04:45 PM",2026-03-17T22:04:45-0700,ACTORS,"One Hundred Years","One Hundred Years",6:38,,QM6P42510899,,L,2014,,"From Vancouver, BC","Artoffact Records",0199350383212
"Mar 17, 2026","8:30:00 PM",2026-03-17T20:30:00-0700,"Convergence Zone",Music,120,174269,"Jim Causey","Mar 17, 2026","9:59:56 PM",2026-03-17T21:59:56-0700,"The Cure","Purple Haze","Join the Dots: B-Sides and Rarities, 1978-2001",5:22,,GBALB0300009,,,2004,,,Rhino/Elektra,81227872267
"Mar 17, 2026","8:30:00 PM",2026-03-17T20:30:00-0700,"Convergence Zone",Music,120,174269,"Jim Causey","Mar 17, 2026","9:55:46 PM",2026-03-17T21:55:46-0700,Ladytron,"Caught in the Blink of an Eye","Caught in the Blink of an Eye",3:43,,CAN112501557,,,2026,,,"Nettwerk Music Group",0067003180856
"Mar 17, 2026","8:30:00 PM",2026-03-17T20:30:00-0700,"Convergence Zone",Music,120,174269,"Jim Causey","Mar 17, 2026","9:51:22 PM",2026-03-17T21:51:22-0700,CHVRCHES,"Under The Tide","The Bones Of What You Believe",4:32,,GBZN81300023,,,2013,,,Glassnote,
"Mar 17, 2026","8:30:00 PM",2026-03-17T20:30:00-0700,"Convergence Zone",Music,120,174269,"Jim Causey","Mar 17, 2026","9:43:10 PM",2026-03-17T21:43:10-0700,Morrissey,Suedehead,"Viva Hate",3:49,,USRE18800023,,,1988,,,"Parlophone UK",5099968592059
"Mar 17, 2026","8:30:00 PM",2026-03-17T20:30:00-0700,"Convergence Zone",Music,120,174269,"Jim Causey","Mar 17, 2026","9:39:45 PM",2026-03-17T21:39:45-0700,"The Smiths","Stop Me If You Think You've Heard This One Before - 2011 Remastered Version",Complete,3:36,,GBAHT0105672,,,2004,,,"Warner Music UK",0685738894826
"Mar 17, 2026","8:30:00 PM",2026-03-17T20:30:00-0700,"Convergence Zone",Music,120,174269,"Jim Causey","Mar 17, 2026","9:35:30 PM",2026-03-17T21:35:30-0700,"Johnny Marr","Hi Hello","Hi Hello",4:23,,GBUM81600147,,,2018,,,"BMG Rights Management (UK) Ltd.",
"Mar 17, 2026","8:30:00 PM",2026-03-17T20:30:00-0700,"Convergence Zone",Music,120,174269,"Jim Causey","Mar 17, 2026","9:28:33 PM",2026-03-17T21:28:33-0700,Seasurfer,"Something Very Bad - Stereoskop Remix","Something Very Strange",5:17,,DEZC62318638,,,2023,,,recordJet,4099885367472
"Mar 17, 2026","8:30:00 PM",2026-03-17T20:30:00-0700,"Convergence Zone",Music,120,174269,"Jim Causey","Mar 17, 2026","9:22:01 PM",2026-03-17T21:22:01-0700,"The Brian Jonestown Massacre","Bout des doigts","Bout des doigts",7:08,,GBN7R1400138,,,2016,,,"'a' Records",5055869507776
"Mar 17, 2026","8:30:00 PM",2026-03-17T20:30:00-0700,"Convergence Zone",Music,120,174269,"Jim Causey","Mar 17, 2026","9:13:07 PM",2026-03-17T21:13:07-0700,"Elephant Stone","Setting Sun","Elephant Stone",3:57,,CAA171230065,,,2013,,,"Hidden Pony",00060270202054
"Mar 17, 2026","8:30:00 PM",2026-03-17T20:30:00-0700,"Convergence Zone",Music,120,174269,"Jim Causey","Mar 17, 2026","9:09:33 PM",2026-03-17T21:09:33-0700,Coastlands,Feeding,Feeding,3:40,,USCHW2523106,,,2025,,,"Translation Loss Records",0199538138405
"Mar 17, 2026","8:30:00 PM",2026-03-17T20:30:00-0700,"Convergence Zone",Music,120,174269,"Jim Causey","Mar 17, 2026","9:04:26 PM",2026-03-17T21:04:26-0700,"Desert Mountain Tribe","Coming Down","Desert Mountain Tribe",5:26,,UK3ZT1400002,,,2014,,,"Desert Mountain Tribe",0719926465496
"Mar 17, 2026","8:30:00 PM",2026-03-17T20:30:00-0700,"Convergence Zone",Music,120,174269,"Jim Causey","Mar 17, 2026","8:53:27 PM",2026-03-17T20:53:27-0700,Cheatahs,"The Swan",SANS,4:26,,GBDNH1200133,,,2012,,,"Wichita Recordings",5055036233590
"Mar 17, 2026","8:30:00 PM",2026-03-17T20:30:00-0700,"Convergence Zone",Music,120,174269,"Jim Causey","Mar 17, 2026","8:50:22 PM",2026-03-17T20:50:22-0700,Versing,Tethered,Tethered,3:18,,USHF31911203,,L,2019,,,"Subpop Record Group",0098787941869
"Mar 17, 2026","8:30:00 PM",2026-03-17T20:30:00-0700,"Convergence Zone",Music,120,174269,"Jim Causey","Mar 17, 2026","8:46:12 PM",2026-03-17T20:46:12-0700,"The Charlatans","One To Another","Tellin' Stories",4:29,,GBAZP9700117,,,1997,,,"UMC (Universal Music Catalogue)",00602435128023
"Mar 17, 2026","8:30:00 PM",2026-03-17T20:30:00-0700,"Convergence Zone",Music,120,174269,"Jim Causey","Mar 17, 2026","8:34:56 PM",2026-03-17T20:34:56-0700,"The Prodigy","Rebel Radio","The Day Is My Enemy",3:52,,USWB11500114,,,2015,,,"Warner Records Label",0093624930679
"Mar 17, 2026","8:30:00 PM",2026-03-17T20:30:00-0700,"Convergence Zone",Music,120,174269,"Jim Causey","Mar 17, 2026","8:30:55 PM",2026-03-17T20:30:55-0700,"The Crystal Method","High Roller","Vegas - (10th Anniversary Edition)",5:29,,USOU19700304,,,1997,,,"Crystal Method / Geffen",
"Mar 10, 2026","8:30:00 PM",2026-03-10T20:30:00-0700,"Convergence Zone",Music,120,174269,"Jim Causey","Mar 10, 2026","10:23:24 PM",2026-03-10T22:23:24-0700,Kitaro,"Towa no Michi (Everlasting Road)","Silk Road (Shichuu no Michi) [Remastered]",5:51,,US4R31012800,,,1980,,,"Pony Canyon",4988013395909
"Mar 10, 2026","8:30:00 PM",2026-03-10T20:30:00-0700,"Convergence Zone",Music,120,174269,"Jim Causey","Mar 10, 2026","10:17:40 PM",2026-03-10T22:17:40-0700,"Erik Wøllo",Luminara,"Snow Tides",6:34,,,,,2026,,,Projekt,
"Mar 10, 2026","8:30:00 PM",2026-03-10T20:30:00-0700,"Convergence Zone",Music,120,174269,"Jim Causey","Mar 10, 2026","10:05:15 PM",2026-03-10T22:05:15-0700,"Steve Roach & Serena Gabriel","Entering Elysium","Entering Elysium",11:58,,,,,2026,,,Projekt,
"Mar 10, 2026","8:30:00 PM",2026-03-10T20:30:00-0700,"Convergence Zone",Music,120,174269,"Jim Causey","Mar 10, 2026","10:00:31 PM",2026-03-10T22:00:31-0700,Transponder,Astralgensis,"Empyrean Sun",5:40,,,,,2026,,,synphaera,
"Mar 10, 2026","8:30:00 PM",2026-03-10T20:30:00-0700,"Convergence Zone",Music,120,174269,"Jim Causey","Mar 10, 2026","9:55:38 PM",2026-03-10T21:55:38-0700,"Ephemeris Laboratories","The Cherenkov Mirage","The Cherenkov Mirage",4:22,,USCGJ2644453,,,2026,,,Pénte,0199900775269
"Mar 10, 2026","8:30:00 PM",2026-03-10T20:30:00-0700,"Convergence Zone",Music,120,174269,"Jim Causey","Mar 10, 2026","9:52:00 PM",2026-03-10T21:52:00-0700,SUSS,"Sunset II","Sunset II - Single",3:15,,,,,2026,,,,
"Mar 10, 2026","8:30:00 PM",2026-03-10T20:30:00-0700,"Convergence Zone",Music,120,174269,"Jim Causey","Mar 10, 2026","9:39:12 PM",2026-03-10T21:39:12-0700,"Craig Padilla/Marvin Allen","Unfolding Skies","Unfolding Skies",13:14,,USSP52591014,,,2026,,"Brand new LP! ""“Unfolding Skies has a more straight-forward approach with Marvin’s guitar work, meaning that it’s more of his actual performance without the use of additional overdubs,” Padilla thoughtfully states, noting that in the past they used a technique of composing material through live studio improvisation, extracting vibrant elements, defining structure and perfecting the musical conversation""","Spotted Peccary",0600028911021
"Mar 10, 2026","8:30:00 PM",2026-03-10T20:30:00-0700,"Convergence Zone",Music,120,174269,"Jim Causey","Mar 10, 2026","9:33:50 PM",2026-03-10T21:33:50-0700,"Brass Clouds, Fog Net & Volcanic Pinnacles","Zone Flux","Dive 2: Somoluminesce",,,,,L,2026,,,,
"Mar 10, 2026","8:30:00 PM",2026-03-10T20:30:00-0700,"Convergence Zone",Music,120,174269,"Jim Causey","Mar 10, 2026","9:27:15 PM",2026-03-10T21:27:15-0700,Portishead,"Wandering Star",Dummy,4:51,,GBAQT9400063,,,1994,,,"UMG Recordings, Inc.",00600406846037
"Mar 10, 2026","8:30:00 PM",2026-03-10T20:30:00-0700,"Convergence Zone",Music,120,174269,"Jim Causey","Mar 10, 2026","9:23:30 PM",2026-03-10T21:23:30-0700,Sadé,"The Sweetest Taboo",Promise,4:37,,GBBBM8500030,,,1985,,,Epic,5099750059623
"Mar 10, 2026","8:30:00 PM",2026-03-10T20:30:00-0700,"Convergence Zone",Music,120,174269,"Jim Causey","Mar 10, 2026","9:20:44 PM",2026-03-10T21:20:44-0700,"Erika de Casier",Delusional,Lifetime,2:27,,QM6P42533258,,,2025,,,"Independent Jeep Music",0199350446337
"Mar 10, 2026","8:30:00 PM",2026-03-10T20:30:00-0700,"Convergence Zone",Music,120,174269,"Jim Causey","Mar 10, 2026","9:16:37 PM",2026-03-10T21:16:37-0700,"Sea Lemon","Crystals (feat. Benjamin Gibbard)","Crystals (feat. Benjamin Gibbard)",4:29,,QM7282493534,,L,2024,,,"Luminelle Recordings",0198588906408
"Mar 10, 2026","8:30:00 PM",2026-03-10T20:30:00-0700,"Convergence Zone",Music,120,174269,"Jim Causey","Mar 10, 2026","9:08:05 PM",2026-03-10T21:08:05-0700,"my bloody valentine",Soon,Loveless,6:59,,USWB19904068,,,1991,,,"Rhino/Warner Bros.",0075992631327
"Mar 10, 2026","8:30:00 PM",2026-03-10T20:30:00-0700,"Convergence Zone",Music,120,174269,"Jim Causey","Mar 10, 2026","9:04:09 PM",2026-03-10T21:04:09-0700,Fotoform,"Skimming the Surface","Grief is a Garden (Forever in Bloom)",4:23,,QZES92543859,,L,2025,,"Seattle artists!","Dismal Nitch",
"Mar 10, 2026","8:30:00 PM",2026-03-10T20:30:00-0700,"Convergence Zone",Music,120,174269,"Jim Causey","Mar 10, 2026","9:01:12 PM",2026-03-10T21:01:12-0700,"Nuovo Testamento","Picture Perfect","Picture Perfect",2:41,,QM6P42509123,,,2025,,,"Discoteca Italia",0199350318573
"Mar 10, 2026","8:30:00 PM",2026-03-10T20:30:00-0700,"Convergence Zone",Music,120,174269,"Jim Causey","Mar 10, 2026","8:56:13 PM",2026-03-10T20:56:13-0700,"Cut Copy","Belong To You (feat. Kate Bollinger)","Belong To You (feat. Kate Bollinger) - Single",4:31,,AUQJ32504302,,,2025,,,"Cutters Records",199538218893
"Mar 10, 2026","8:30:00 PM",2026-03-10T20:30:00-0700,"Convergence Zone",Music,120,174269,"Jim Causey","Mar 10, 2026","8:52:58 PM",2026-03-10T20:52:58-0700,sombr,Homewrecker,Homewrecker,3:29,,USWB12600102,,,2026,,,"SMB Music LLC",0054391221933
"Mar 10, 2026","8:30:00 PM",2026-03-10T20:30:00-0700,"Convergence Zone",Music,120,174269,"Jim Causey","Mar 10, 2026","8:50:29 PM",2026-03-10T20:50:29-0700,"Conan Gray","Lonely Dancers","Lonely Dancers",2:30,,USUM72400539,,,2024,,"Headlining Climate Pledge Arena on Monday, March 16","Universal Records",
"Mar 10, 2026","8:30:00 PM",2026-03-10T20:30:00-0700,"Convergence Zone",Music,120,174269,"Jim Causey","Mar 10, 2026","8:44:03 PM",2026-03-10T20:44:03-0700,"The Night Game","The Outfield - The Midnight Remix","The Outfield (The Midnight Remix)",4:22,,DEUM71801145,,,2018,,"The Midnight headline Seattle's Paramount Theater on Saturday, May 9",Vertigo/Capitol,00602567631941
"Mar 10, 2026","8:30:00 PM",2026-03-10T20:30:00-0700,"Convergence Zone",Music,120,174269,"Jim Causey","Mar 10, 2026","8:39:41 PM",2026-03-10T20:39:41-0700,"New Constellations","Hot Blooded","Hot Blooded",4:47,,SE6SA2006253,,,2021,,"Saturday, May 9 - performing at Seattle's Paramount Theater","New Constellations",7316210189941
"Mar 10, 2026","8:30:00 PM",2026-03-10T20:30:00-0700,"Convergence Zone",Music,120,174269,"Jim Causey","Mar 10, 2026","8:34:47 PM",2026-03-10T20:34:47-0700,"Nation of Language","I'm Not Ready for the Change","Dance Called Memory",4:45,,USSUB2570005,,,2025,,,"Subpop Record Group",
"Mar 10, 2026","8:30:00 PM",2026-03-10T20:30:00-0700,"Convergence Zone",Music,120,174269,"Jim Causey","Mar 10, 2026","8:30:00 PM",2026-03-10T20:30:00-0700,"Mt Fog","The Sky Surrounds Us All The Time","Every Stone is Green",4:36,,,,L,2026,,"Thursday, March 12 - Mt Fog performs live at Seattle's Tractor Tavern!",,
"Mar 3, 2026","8:30:00 PM",2026-03-03T20:30:00-0800,"03.03.2026 - Michael G",Music,120,173567,"Jim Causey","Mar 3, 2026","10:21:33 PM",2026-03-03T22:21:33-0800,aetheres,juno,"knightfall / juno",5:46,,QT6EV2585769,,,2025,,,archaea,0199954609817
"Mar 3, 2026","8:30:00 PM",2026-03-03T20:30:00-0800,"03.03.2026 - Michael G",Music,120,173567,"Jim Causey","Mar 3, 2026","10:19:54 PM",2026-03-03T22:19:54-0800,Kwintessens,"The Spheres",Surrender,5:18,,GBKPL1358072,,,2013,,,Kwintessens,5055489276694
"Mar 3, 2026","8:30:00 PM",2026-03-03T20:30:00-0800,"03.03.2026 - Michael G",Music,120,173567,"Jim Causey","Mar 3, 2026","10:17:28 PM",2026-03-03T22:17:28-0800,Aukai,Brushed,"Blooming Thoughts",3:07,,QMDA62408555,,,2024,,,"Aukai Music",0198846334684
"Mar 3, 2026","8:30:00 PM",2026-03-03T20:30:00-0800,"03.03.2026 - Michael G",Music,120,173567,"Jim Causey","Mar 3, 2026","10:14:27 PM",2026-03-03T22:14:27-0800,"Can of Clouds","Answer from the Stars","Passing Vistas",3:07,,TCAJH2566910,,,2025,,,"Pocket Star Records",0198715257939
"Mar 3, 2026","8:30:00 PM",2026-03-03T20:30:00-0800,"03.03.2026 - Michael G",Music,120,173567,"Jim Causey","Mar 3, 2026","10:08:47 PM",2026-03-03T22:08:47-0800,Deepspace,"Just a Pill and All This Will Stop","Neon Blue Utopia",4:54,,USHK92542715,,,2025,,,Projekt,0617026042725
"Mar 3, 2026","8:30:00 PM",2026-03-03T20:30:00-0800,"03.03.2026 - Michael G",Music,120,173567,"Jim Causey","Mar 3, 2026","10:02:22 PM",2026-03-03T22:02:22-0800,"Steve Hauschildt","Forgetting in the Static",Aeropsia,6:41,,DEX262500749,,,2025,,,"Simul Records",0880918274157
"Mar 3, 2026","8:30:00 PM",2026-03-03T20:30:00-0800,"03.03.2026 - Michael G",Music,120,173567,"Jim Causey","Mar 3, 2026","9:58:13 PM",2026-03-03T21:58:13-0800,"glass egg","nocturnal bloom","visions & ecstasies",4:17,,QZAKB2515657,,,2025,,,"frances dietrich records",0199384050203
"Mar 3, 2026","8:30:00 PM",2026-03-03T20:30:00-0800,"03.03.2026 - Michael G",Music,120,173567,"Jim Causey","Mar 3, 2026","9:51:37 PM",2026-03-03T21:51:37-0800,"Silvio Sidelnick","Game of Faith","Game of Faith",6:12,,US83Z2572927,,,2026,,,"Another Life Music",0853567419347
"Mar 3, 2026","8:30:00 PM",2026-03-03T20:30:00-0800,"03.03.2026 - Michael G",Music,120,173567,"Jim Causey","Mar 3, 2026","9:45:34 PM",2026-03-03T21:45:34-0800,"The Cheebacabra","Extend the Knowledge (Afternoons in Stereo Remix)",Retouched,6:11,,QMWJ61400018,,,2015,,,MACKROSOFT,0691891001827
"Mar 3, 2026","8:30:00 PM",2026-03-03T20:30:00-0800,"03.03.2026 - Michael G",Music,120,173567,"Jim Causey","Mar 3, 2026","9:38:08 PM",2026-03-03T21:38:08-0800,Material,"Black Light","Hallucination Engine",7:33,,USWWW0201519,,,1994,,,"Island Records",00731451835124
"Mar 3, 2026","8:30:00 PM",2026-03-03T20:30:00-0800,"03.03.2026 - Michael G",Music,120,173567,"Jim Causey","Mar 3, 2026","9:34:00 PM",2026-03-03T21:34:00-0800,"The Future Sound Of London","Papua New Guinea (Oil funk dub mix)","Papua New Guinea 2001",,,,,,,,,"Jumpin' & Pumpin'",
"Mar 3, 2026","8:30:00 PM",2026-03-03T20:30:00-0800,"03.03.2026 - Michael G",Music,120,173567,"Jim Causey","Mar 3, 2026","9:29:00 PM",2026-03-03T21:29:00-0800,Fugal,"Oil Panes","Oil Panes",,,,,,,,,SecondNature,
"Mar 3, 2026","8:30:00 PM",2026-03-03T20:30:00-0800,"03.03.2026 - Michael G",Music,120,173567,"Jim Causey","Mar 3, 2026","9:25:47 PM",2026-03-03T21:25:47-0800,"Platonick Dive","Carpet Ceiling (Dreamy Mix)","Take A Deep Breath (Deluxe Edition)",3:08,,QMFME2596201,,,2025,,,"Moment of Collapse Records",0199538967531
"Mar 3, 2026","8:30:00 PM",2026-03-03T20:30:00-0800,"03.03.2026 - Michael G",Music,120,173567,"Jim Causey","Mar 3, 2026","9:22:22 PM",2026-03-03T21:22:22-0800,Hatchie,"Lose It Again","Lose It Again",3:31,,US38W2550308,,,2025,,,"Secretly Canadian",0656605050379
"Mar 3, 2026","8:30:00 PM",2026-03-03T20:30:00-0800,"03.03.2026 - Michael G",Music,120,173567,"Jim Causey","Mar 3, 2026","9:20:00 PM",2026-03-03T21:20:00-0800,"The Brian Jonestown Massacre",Fingertips,"B-Side of single ""Bout De Doigts""",,,,,,2016,,,"A Records (4)",
"Mar 3, 2026","8:30:00 PM",2026-03-03T20:30:00-0800,"03.03.2026 - Michael G",Music,120,173567,"Jim Causey","Mar 3, 2026","9:17:45 PM",2026-03-03T21:17:45-0800,Fotoform,"Grief is a Garden","Grief is a Garden",4:42,,QZES92543860,,,2025,,,"Dismal Nitch",0199343121579
"Mar 3, 2026","8:30:00 PM",2026-03-03T20:30:00-0800,"03.03.2026 - Michael G",Music,120,173567,"Jim Causey","Mar 3, 2026","9:14:14 PM",2026-03-03T21:14:14-0800,"Cocteau Twins",Summerhead,"Four-Calendar Cafe",3:37,,GBF089390064,,,1993,,,EMI,00731451825927
"Mar 3, 2026","8:30:00 PM",2026-03-03T20:30:00-0800,"03.03.2026 - Michael G",Music,120,173567,"Jim Causey","Mar 3, 2026","9:08:16 PM",2026-03-03T21:08:16-0800,Slowdive,alife,alife,4:34,,USJ5G2323203,,,2023,,,"Dead Oceans",0617308060461
"Mar 3, 2026","8:30:00 PM",2026-03-03T20:30:00-0800,"03.03.2026 - Michael G",Music,120,173567,"Jim Causey","Mar 3, 2026","9:03:52 PM",2026-03-03T21:03:52-0800,M83,"Oceans Niagara","Oceans Niagara",4:31,,GB5SH2200003,,,2022,,,"Mute (Artist Intelligence)",0724596211755
"Mar 3, 2026","8:30:00 PM",2026-03-03T20:30:00-0800,"03.03.2026 - Michael G",Music,120,173567,"Jim Causey","Mar 3, 2026","8:59:06 PM",2026-03-03T20:59:06-0800,"Lost in Kiev","Another End is Possible",Rupture,5:00,,QM6N22234788,,,2022,,,"Pelagic Records",0196925155960
"Mar 3, 2026","8:30:00 PM",2026-03-03T20:30:00-0800,"03.03.2026 - Michael G",Music,120,173567,"Jim Causey","Mar 3, 2026","8:54:24 PM",2026-03-03T20:54:24-0800,Vervex,Supernova,Olympic,3:43,,QT4K32582985,,,2025,,,"Washingtones Records",0692788617640
"Mar 3, 2026","8:30:00 PM",2026-03-03T20:30:00-0800,"03.03.2026 - Michael G",Music,120,173567,"Jim Causey","Mar 3, 2026","8:47:29 PM",2026-03-03T20:47:29-0800,"The Churchhill Garden","Dreams Turn Gray","Dreams Turn Gray",6:40,,QZHZ42037272,,,2020,,,"the churchhill garden",0713152315266
"Mar 3, 2026","8:30:00 PM",2026-03-03T20:30:00-0800,"03.03.2026 - Michael G",Music,120,173567,"Jim Causey","Mar 3, 2026","8:41:53 PM",2026-03-03T20:41:53-0800,"The Naked Souls","Seattle Song (Nothing Just Like You)","Reverb From The Depths",5:48,,USY252508694,,,2025,,,"painted air",0760137184805
"Mar 3, 2026","8:30:00 PM",2026-03-03T20:30:00-0800,"03.03.2026 - Michael G",Music,120,173567,"Jim Causey","Mar 3, 2026","8:32:45 PM",2026-03-03T20:32:45-0800,Maserati,Oaxaca,"Pyramid of the Sun",8:12,,USY6C1017207,,,2010,,,"Temporary Residence Ltd.",0656605317267
"Mar 3, 2026","8:30:00 PM",2026-03-03T20:30:00-0800,"03.03.2026 - Michael G",Music,120,173567,"Jim Causey","Mar 3, 2026","8:31:00 PM",2026-03-03T20:31:00-0800,"Avian Invasion","Bird Language (Original Mix)","Bird Language (Single)",,,,,,,,,Self-Released,
"Feb 24, 2026","8:30:00 PM",2026-02-24T20:30:00-0800,"Convergence Zone",Music,120,174269,"Jim Causey","Feb 24, 2026","10:27:13 PM",2026-02-24T22:27:13-0800,"My Sleeping Karma","Interlude - 1",Soma,2:31,,ATN261244704,,,2012,,,"Napalm Records",00819224010128
"Feb 24, 2026","8:30:00 PM",2026-02-24T20:30:00-0800,"Convergence Zone",Music,120,174269,"Jim Causey","Feb 24, 2026","10:08:48 PM",2026-02-24T22:08:48-0800,"Éliane Radigue","Symbols for Yogic Experience","Songs of Milarepa",19:28,,USZBJ0610179,,,1983,,"The French composer died yesterday, February 23, at the age of 94","Lovely Music",0745295200130
"Feb 24, 2026","8:30:00 PM",2026-02-24T20:30:00-0800,"Convergence Zone",Music,120,174269,"Jim Causey","Feb 24, 2026","10:07:07 PM",2026-02-24T22:07:07-0800,"Steve Hauschildt",Pyramidal,Aeropsia,4:21,,DEX262500751,,,2025,,"Performing live on Friday, March 6 at Seattle's First Baptist Church - part of the Reflections concert series","Simul Records",880918274157
"Feb 24, 2026","8:30:00 PM",2026-02-24T20:30:00-0800,"Convergence Zone",Music,120,174269,"Jim Causey","Feb 24, 2026","10:01:19 PM",2026-02-24T22:01:19-0800,"Kara-Lis Coverdale",Daze,"From Where You Came",5:16,,NOSTS2520040,,,2025,,"Performing live on Friday, March 6 at Seattle's First Baptist Church - part of the Reflections concert series","Envision Records",3617390628690
"Feb 24, 2026","8:30:00 PM",2026-02-24T20:30:00-0800,"Convergence Zone",Music,120,174269,"Jim Causey","Feb 24, 2026","9:53:38 PM",2026-02-24T21:53:38-0800,"Ray Lynch",Ivory,"Nothing Above My Shoulders but the Evening",5:38,,USAUQ0500025,,,2005,,,"Ray Lynch Productions",0735371113324
"Feb 24, 2026","8:30:00 PM",2026-02-24T20:30:00-0800,"Convergence Zone",Music,120,174269,"Jim Causey","Feb 24, 2026","9:48:40 PM",2026-02-24T21:48:40-0800,"Bruce Mitchell",Apex,"Hidden Pathways",5:19,,USNA18713503,,,1987,,,Narada,94635218350
"Feb 24, 2026","8:30:00 PM",2026-02-24T20:30:00-0800,"Convergence Zone",Music,120,174269,"Jim Causey","Feb 24, 2026","9:43:57 PM",2026-02-24T21:43:57-0800,"David Arkenstone","Pool of Radiance","Another Star in the Sky",5:17,,USNA19413802,,,1994,,,Narada,83616201450
"Feb 24, 2026","8:30:00 PM",2026-02-24T20:30:00-0800,"Convergence Zone",Music,120,174269,"Jim Causey","Feb 24, 2026","9:38:57 PM",2026-02-24T21:38:57-0800,"Penguin Cafe","Temporary Shelter from the Storm","Rain Before Seven...",4:56,,GBWZD2315902,,,2023,,,"Erased Tapes",3663729245298
"Feb 24, 2026","8:30:00 PM",2026-02-24T20:30:00-0800,"Convergence Zone",Music,120,174269,"Jim Causey","Feb 24, 2026","9:32:36 PM",2026-02-24T21:32:36-0800,CHVRCHES,"Do I Wanna Know? (triple j Like A Version)","Do I Wanna Know? (triple j Like A Version) - Single",4:18,,AUAB01400532,,,2014,,,"triple j",196292607277
"Feb 24, 2026","8:30:00 PM",2026-02-24T20:30:00-0800,"Convergence Zone",Music,120,174269,"Jim Causey","Feb 24, 2026","9:29:13 PM",2026-02-24T21:29:13-0800,"Erika de Casier",December,Lifetime,3:01,,QM6P42533257,,,2025,,,"Independent Jeep Music",199350446337
"Feb 24, 2026","8:30:00 PM",2026-02-24T20:30:00-0800,"Convergence Zone",Music,120,174269,"Jim Causey","Feb 24, 2026","9:24:56 PM",2026-02-24T21:24:56-0800,"Altin Gün","Ordunun Dereleri",Yol,4:34,,DETP62000142,,,2021,,,"ATO Records",00880882451653
"Feb 24, 2026","8:30:00 PM",2026-02-24T20:30:00-0800,"Convergence Zone",Music,120,174269,"Jim Causey","Feb 24, 2026","9:20:26 PM",2026-02-24T21:20:26-0800,Lescop,"La Forêt","Lescop - EP",4:44,,FR9W11109681,,,2011,,,"Pop Noire",3700551780921
"Feb 24, 2026","8:30:00 PM",2026-02-24T20:30:00-0800,"Convergence Zone",Music,120,174269,"Jim Causey","Feb 24, 2026","9:17:10 PM",2026-02-24T21:17:10-0800,"Dina Ögon","Där huden är tunnast",Människobarn,3:20,,,,,2026,,,"Playground Music",7332181136043
"Feb 24, 2026","8:30:00 PM",2026-02-24T20:30:00-0800,"Convergence Zone",Music,120,174269,"Jim Causey","Feb 24, 2026","9:12:53 PM",2026-02-24T21:12:53-0800,"The Smiths","Girl Afraid","Hatful of Hollow",2:46,,GBCRL1300379,,,1984,,,Rhino,825646335886
"Feb 24, 2026","8:30:00 PM",2026-02-24T20:30:00-0800,"Convergence Zone",Music,120,174269,"Jim Causey","Feb 24, 2026","9:08:42 PM",2026-02-24T21:08:42-0800,"Dum Dum Girls","There Is a Light That Never Goes Out","He Gets Me High",4:16,,USSUB1091704,,,2011,,,"Sub Pop Records",
"Feb 24, 2026","8:30:00 PM",2026-02-24T20:30:00-0800,"Convergence Zone",Music,120,174269,"Jim Causey","Feb 24, 2026","9:04:58 PM",2026-02-24T21:04:58-0800,"the bird and the bee","It's My Life (from ""Oh. What. Fun."")","It's My Life (from ""Oh. What. Fun."") - Single",3:43,,USQX92505646,,,2025,,,Masterworks,196873785257
"Feb 24, 2026","8:30:00 PM",2026-02-24T20:30:00-0800,"Convergence Zone",Music,120,174269,"Jim Causey","Feb 24, 2026","8:59:18 PM",2026-02-24T20:59:18-0800,"Magdalena Bay","Ashes to Ashes (triple j Like A Version)","Ashes to Ashes (triple j Like A Version) - Single",5:39,,AUAB02500071,,,2025,,"Performing at Capitol Hill Block Party - August 2026","triple j",199350242632
"Feb 24, 2026","8:30:00 PM",2026-02-24T20:30:00-0800,"Convergence Zone",Music,120,174269,"Jim Causey","Feb 24, 2026","8:54:05 PM",2026-02-24T20:54:05-0800,"Tame Impala","A Girl Like You (triple j Like A Version)","Triple J, Like a Version",4:15,,,,,,,"Tame Impala visit Climate Pledge Arena in Seattle on September 1st and 2nd",,
"Feb 24, 2026","8:30:00 PM",2026-02-24T20:30:00-0800,"Convergence Zone",Music,120,174269,"Jim Causey","Feb 24, 2026","8:50:32 PM",2026-02-24T20:50:32-0800,Parcels,Overnight,"Overnight - Single",3:40,,FRU701700028,,,2017,,"Performing at Capitol Hill Block Party - August 2026","Because Music",5060686505560
"Feb 24, 2026","8:30:00 PM",2026-02-24T20:30:00-0800,"Convergence Zone",Music,120,174269,"Jim Causey","Feb 24, 2026","8:46:31 PM",2026-02-24T20:46:31-0800,MUNA,"Dancing On The Wall","Dancing On The Wall",4:04,,,,,2026,,"New single - MUNA will perform at Capitol Hill Block Party - August 2026!",,
"Feb 24, 2026","8:30:00 PM",2026-02-24T20:30:00-0800,"Convergence Zone",Music,120,174269,"Jim Causey","Feb 24, 2026","8:40:41 PM",2026-02-24T20:40:41-0800,"Midnight High",Domino,"Swimming Lessons",4:17,,,,L,2023,,"Seattle artists, one of my favorite albums of 2023",,
"Feb 24, 2026","8:30:00 PM",2026-02-24T20:30:00-0800,"Convergence Zone",Music,120,174269,"Jim Causey","Feb 24, 2026","8:35:10 PM",2026-02-24T20:35:10-0800,"The Midnight","Fatal Obsession (feat. Jupiter Winter)",Syndicate,5:39,,USUS12500374,,,2025,,"Also performing in Seattle on Saturday, May 9 at the Paramount","Ultra Records, LLC",196873309996
"Feb 24, 2026","8:30:00 PM",2026-02-24T20:30:00-0800,"Convergence Zone",Music,120,174269,"Jim Causey","Feb 24, 2026","8:31:00 PM",2026-02-24T20:31:00-0800,"New Constellations",Dandelion,"Dandelion - Single",4:03,,,,L,2026,,"Portland duo - performing in Seattle on Saturday, May 9 at the Paramount",,
"Feb 17, 2026","8:30:00 PM",2026-02-17T20:30:00-0800,"02.17.2026 - Michael G",Music,120,173567,"Jim Causey","Feb 17, 2026","10:25:40 PM",2026-02-17T22:25:40-0800,"The Chemical Brothers",Surrender,Surrender,4:30,,GBAAA9900304,,,1999,,,"Virgin Records",00724384761059
"Feb 17, 2026","8:30:00 PM",2026-02-17T20:30:00-0800,"02.17.2026 - Michael G",Music,120,173567,"Jim Causey","Feb 17, 2026","10:24:49 PM",2026-02-17T22:24:49-0800,"Laurel Halo",Earthbound,Atlas,4:16,,DEG932301503,,,2023,,,Awe,4062548065206
"Feb 17, 2026","8:30:00 PM",2026-02-17T20:30:00-0800,"02.17.2026 - Michael G",Music,120,173567,"Jim Causey","Feb 17, 2026","10:19:31 PM",2026-02-17T22:19:31-0800,Deepspace,"A p p r o a c h i n g t h e B l u e","Water Planets",5:47,,USHK92534715,,,2025,,,Projekt:Archive,0617026234724
"Feb 17, 2026","8:30:00 PM",2026-02-17T20:30:00-0800,"02.17.2026 - Michael G",Music,120,173567,"Jim Causey","Feb 17, 2026","10:14:37 PM",2026-02-17T22:14:37-0800,"Vanishing Twin","The Conservation of Energy","The Conservation of Energy",4:13,,GBUQH1500185,,,2016,,,"Soundway Records",5056032304529
"Feb 17, 2026","8:30:00 PM",2026-02-17T20:30:00-0800,"02.17.2026 - Michael G",Music,120,173567,"Jim Causey","Feb 17, 2026","10:11:30 PM",2026-02-17T22:11:30-0800,"The Union Trade",Aurelia,"Why We Need Night",3:14,,USHAF1110005,,,2011,,,"Tricycle Records",0844185090216
"Feb 17, 2026","8:30:00 PM",2026-02-17T20:30:00-0800,"02.17.2026 - Michael G",Music,120,173567,"Jim Causey","Feb 17, 2026","10:02:29 PM",2026-02-17T22:02:29-0800,Aukai,"Slow Sun","Slow Sun",3:39,,QZHN42582853,,,2025,,,DISTROKID,0199080723869
"Feb 17, 2026","8:30:00 PM",2026-02-17T20:30:00-0800,"02.17.2026 - Michael G",Music,120,173567,"Jim Causey","Feb 17, 2026","9:57:40 PM",2026-02-17T21:57:40-0800,"Glass Beams",Orb,Mahal,4:54,,GBCFB2400002,,,2024,,,"Ninja Tune",5054429192247
"Feb 17, 2026","8:30:00 PM",2026-02-17T20:30:00-0800,"02.17.2026 - Michael G",Music,120,173567,"Jim Causey","Feb 17, 2026","9:55:11 PM",2026-02-17T21:55:11-0800,"Patsy Cline","Walkin' After Midnight","The Patsy Cline Story",2:00,,USMC16111058,,,1988,,,"Lost Highway/IGA",
"Feb 17, 2026","8:30:00 PM",2026-02-17T20:30:00-0800,"02.17.2026 - Michael G",Music,120,173567,"Jim Causey","Feb 17, 2026","9:52:33 PM",2026-02-17T21:52:33-0800,Offthewally,"Into the Night",Pollination,3:05,,SEYOK2315645,,,2023,,,Offthewally,7321170648193
"Feb 17, 2026","8:30:00 PM",2026-02-17T20:30:00-0800,"02.17.2026 - Michael G",Music,120,173567,"Jim Causey","Feb 17, 2026","9:41:35 PM",2026-02-17T21:41:35-0800,"Evan Marc",Hypnopomp,"Dreamtime Submersible",10:04,,US25T0890536,,,2008,,,Somnia,0844185016469
"Feb 17, 2026","8:30:00 PM",2026-02-17T20:30:00-0800,"02.17.2026 - Michael G",Music,120,173567,"Jim Causey","Feb 17, 2026","9:36:09 PM",2026-02-17T21:36:09-0800,Dungen,"Jakten genom skogen",Häxan,4:10,,QMV8L1522202,,,2017,,,"Mexican Summer",0184923122268
"Feb 17, 2026","8:30:00 PM",2026-02-17T20:30:00-0800,"02.17.2026 - Michael G",Music,120,173567,"Jim Causey","Feb 17, 2026","9:32:12 PM",2026-02-17T21:32:12-0800,"Can of Clouds","La Sortie","Passing Vistas",4:12,,TCAJH2566938,,,2025,,,"Pocket Star Records",
"Feb 17, 2026","8:30:00 PM",2026-02-17T20:30:00-0800,"02.17.2026 - Michael G",Music,120,173567,"Jim Causey","Feb 17, 2026","9:24:52 PM",2026-02-17T21:24:52-0800,"Daniele Ravaioli","02 Sequence - Drum Loop (122bpm)","Melodic House & Techno Drum Loops Vol.2",5:22,,FR2X42068440,,,2020,,,"Danirava Records Samples Area",3616405326873
"Feb 17, 2026","8:30:00 PM",2026-02-17T20:30:00-0800,"02.17.2026 - Michael G",Music,120,173567,"Jim Causey","Feb 17, 2026","9:20:37 PM",2026-02-17T21:20:37-0800,"Chronotope Project","Unwinding the Dream - Remix",Chronology,6:12,,USSP52328036,,,2023,,,"Brain Laughter, Inc.",0600028280820
"Feb 17, 2026","8:30:00 PM",2026-02-17T20:30:00-0800,"02.17.2026 - Michael G",Music,120,173567,"Jim Causey","Feb 17, 2026","9:16:34 PM",2026-02-17T21:16:34-0800,"Arc De Soleil","Sahara Cowboy","Chameleon Sunday",3:04,,SE5Q51900476,,,2019,,,"Epidemic Sound",7330178021570
"Feb 17, 2026","8:30:00 PM",2026-02-17T20:30:00-0800,"02.17.2026 - Michael G",Music,120,173567,"Jim Causey","Feb 17, 2026","9:13:10 PM",2026-02-17T21:13:10-0800,"Nightmares On Wax","You Wish","In A Space Outta Sound",3:29,,GBBPW0500164,,,2010,,,"Handspun Records",0826194159245
"Feb 17, 2026","8:30:00 PM",2026-02-17T20:30:00-0800,"02.17.2026 - Michael G",Music,120,173567,"Jim Causey","Feb 17, 2026","9:09:13 PM",2026-02-17T21:09:13-0800,"Ikebe Shakedown","Road Song","The Beast / Road Song - EP",3:00,,USUR41131502,,,2013,,,"Ubiquity Recordings, Inc.",0780661131519
"Feb 17, 2026","8:30:00 PM",2026-02-17T20:30:00-0800,"02.17.2026 - Michael G",Music,120,173567,"Jim Causey","Feb 17, 2026","9:05:21 PM",2026-02-17T21:05:21-0800,BALTHVS,"Sun Colored Eyes",Harvest,3:55,,QZTRX2474440,,,2024,,,"Mixto Records",0198342766361
"Feb 17, 2026","8:30:00 PM",2026-02-17T20:30:00-0800,"02.17.2026 - Michael G",Music,120,173567,"Jim Causey","Feb 17, 2026","8:53:51 PM",2026-02-17T20:53:51-0800,Allah-Las,"Raspberry Jam","Self Discovery For Social Survival (Original Motion Picture Soundtrack)",3:48,,QMV8L1725504,,,2019,,,"Mexican Summer",00184923125580
"Feb 17, 2026","8:30:00 PM",2026-02-17T20:30:00-0800,"02.17.2026 - Michael G",Music,120,173567,"Jim Causey","Feb 17, 2026","8:49:02 PM",2026-02-17T20:49:02-0800,Pinkshinyultrablast,"Ravestar Supreme","Everything Else Matters",3:54,,GBJRZ1500007,,,2015,,,"Club AC30",3610159777226
"Feb 17, 2026","8:30:00 PM",2026-02-17T20:30:00-0800,"02.17.2026 - Michael G",Music,120,173567,"Jim Causey","Feb 17, 2026","8:45:34 PM",2026-02-17T20:45:34-0800,"Melody's Echo Chamber","I Follow You","Melody's Echo Chamber",3:35,,GBCEL1200322,,,2012,,,"Weird World",5055453702150
"Feb 17, 2026","8:30:00 PM",2026-02-17T20:30:00-0800,"02.17.2026 - Michael G",Music,120,173567,"Jim Causey","Feb 17, 2026","8:39:59 PM",2026-02-17T20:39:59-0800,Spires,"Candy Flip","Spires - Debut Single",4:20,,TCABP1379442,,,2013,,,"401K Music Inc",0859711080999
"Feb 17, 2026","8:30:00 PM",2026-02-17T20:30:00-0800,"02.17.2026 - Michael G",Music,120,173567,"Jim Causey","Feb 17, 2026","8:34:05 PM",2026-02-17T20:34:05-0800,Seasurfer,Falling,"Under the Milkyway... Who Cares",6:06,,QMTXS1600054,,,2017,,,"Saint Marie",0708527071267
"Feb 10, 2026","8:30:00 PM",2026-02-10T20:30:00-0800,"Convergence Zone",Music,120,174269,"Jim Causey","Feb 10, 2026","10:29:22 PM",2026-02-10T22:29:22-0800,"Seven Lions","Pathless Is The Way","Ophelia Volume 1",4:21,,GBEWA1900530,,,2019,,,Ophelia,5039060398395
"Feb 10, 2026","8:30:00 PM",2026-02-10T20:30:00-0800,"Convergence Zone",Music,120,174269,"Jim Causey","Feb 10, 2026","10:26:54 PM",2026-02-10T22:26:54-0800,Intervales,"Pay Attention","Balm of Gilead",5:43,,QZMEP2119080,,L,2021,,,"1463123 Records DK",196397375873
"Feb 10, 2026","8:30:00 PM",2026-02-10T20:30:00-0800,"Convergence Zone",Music,120,174269,"Jim Causey","Feb 10, 2026","10:13:47 PM",2026-02-10T22:13:47-0800,"Paul Ellis","Between the Trees; Mount Hood","Moth in Flames",14:48,,USSP51529010,,L,2015,,,"Spotted Peccary",600028290126
"Feb 10, 2026","8:30:00 PM",2026-02-10T20:30:00-0800,"Convergence Zone",Music,120,174269,"Jim Causey","Feb 10, 2026","10:05:46 PM",2026-02-10T22:05:46-0800,"Steve Roach","Mellotron Meditation","Night Communion",7:36,,,,,2026,,,"Timeroom - Steve Roach Exclusive",
"Feb 10, 2026","8:30:00 PM",2026-02-10T20:30:00-0800,"Convergence Zone",Music,120,174269,"Jim Causey","Feb 10, 2026","10:02:57 PM",2026-02-10T22:02:57-0800,"Roberto Cacciapaglia","Sonanze : 5th Movement","Sonances / Sonanze & Otherworks",3:48,,DEBL60983967,,,1975,,,Glance,3661585535218
"Feb 10, 2026","8:30:00 PM",2026-02-10T20:30:00-0800,"Convergence Zone",Music,120,174269,"Jim Causey","Feb 10, 2026","9:58:09 PM",2026-02-10T21:58:09-0800,EarthtoneSkytone,Chichachick,Chichachick,3:49,,TCAHH2345166,,L,2023,,,EarthtoneSkytone,0859776305846
"Feb 10, 2026","8:30:00 PM",2026-02-10T20:30:00-0800,"Convergence Zone",Music,120,174269,"Jim Causey","Feb 10, 2026","9:53:04 PM",2026-02-10T21:53:04-0800,"J. McFarlane's Reality Guest","Precious Boy",Whoopee,5:18,,GBCK42308906,,,2024,,,"Night School",0795154145812
"Feb 10, 2026","8:30:00 PM",2026-02-10T20:30:00-0800,"Convergence Zone",Music,120,174269,"Jim Causey","Feb 10, 2026","9:47:30 PM",2026-02-10T21:47:30-0800,IE,Simplify,Simplify,5:40,,DETB32401351,,,2025,,,"Quindi Records",4251804172899
"Feb 10, 2026","8:30:00 PM",2026-02-10T20:30:00-0800,"Convergence Zone",Music,120,174269,"Jim Causey","Feb 10, 2026","9:43:11 PM",2026-02-10T21:43:11-0800,"King Gizzard & The Lizard Wizard","The Silver Cord","Theia / The Silver Cord / Set",4:20,,AU2ZC2300179,,,2023,,,"KGLW (King Gizzard & the Lizard Wizard)",00842812196010
"Feb 10, 2026","8:30:00 PM",2026-02-10T20:30:00-0800,"Convergence Zone",Music,120,174269,"Jim Causey","Feb 10, 2026","9:39:45 PM",2026-02-10T21:39:45-0800,"King Gizzard & The Lizard Wizard",Theia,"Theia / The Silver Cord / Set",3:24,,AU2ZC2300178,,,2023,,,"KGLW (King Gizzard & the Lizard Wizard)",00842812196010
"Feb 10, 2026","8:30:00 PM",2026-02-10T20:30:00-0800,"Convergence Zone",Music,120,174269,"Jim Causey","Feb 10, 2026","9:34:29 PM",2026-02-10T21:34:29-0800,Björk,Hyperballad,Post,5:21,,GBBTF0200245,,,1995,,,Elektra,0075596174022
"Feb 10, 2026","8:30:00 PM",2026-02-10T20:30:00-0800,"Convergence Zone",Music,120,174269,"Jim Causey","Feb 10, 2026","9:29:44 PM",2026-02-10T21:29:44-0800,"Massive Attack","Unfinished Sympathy (2012 Mix/Master)","Blue Lines (2012 Mix/Master)",5:08,,GBAAA1200692,,,1991,,,"Virgin Catalogue",5099972116357
"Feb 10, 2026","8:30:00 PM",2026-02-10T20:30:00-0800,"Convergence Zone",Music,120,174269,"Jim Causey","Feb 10, 2026","9:24:46 PM",2026-02-10T21:24:46-0800,Sting,"Fortress Around Your Heart","The Dream Of The Blue Turtles",4:41,,USAM18500051,,,2019,,,A&M,00602577593000
"Feb 10, 2026","8:30:00 PM",2026-02-10T20:30:00-0800,"Convergence Zone",Music,120,174269,"Jim Causey","Feb 10, 2026","9:18:51 PM",2026-02-10T21:18:51-0800,"Night Heron","LEMON TREE",ESCAPISM,4:01,,QMDA72454394,,L,2025,,"Portland artists!","Literal Gold Records",198846863344
"Feb 10, 2026","8:30:00 PM",2026-02-10T20:30:00-0800,"Convergence Zone",Music,120,174269,"Jim Causey","Feb 10, 2026","9:12:44 PM",2026-02-10T21:12:44-0800,"Kate Bush","Act Three - Cloudbusting - Live","Before The Dawn (Live)",7:14,,GBAYE1601295,,,2016,,"recorded in 2014 during Bush's sell-out 22-date residency, Before the Dawn, at the Hammersmith Apollo in London, which saw her return to the stage following a 35-year absence",Rhino,0190295920159
"Feb 10, 2026","8:30:00 PM",2026-02-10T20:30:00-0800,"Convergence Zone",Music,120,174269,"Jim Causey","Feb 10, 2026","9:02:39 PM",2026-02-10T21:02:39-0800,"Daft Punk","Giorgio by Moroder","Random Access Memories",9:04,,USQX91300103,,,2013,,,Columbia,0886443927087
"Feb 10, 2026","8:30:00 PM",2026-02-10T20:30:00-0800,"Convergence Zone",Music,120,174269,"Jim Causey","Feb 10, 2026","8:55:55 PM",2026-02-10T20:55:55-0800,"Tame Impala","Breathe Deeper","The Slow Rush",6:13,,AUUM71900929,,,2020,,,"Universal Music Australia Pty. Ltd.",602508571893
"Feb 10, 2026","8:30:00 PM",2026-02-10T20:30:00-0800,"Convergence Zone",Music,120,174269,"Jim Causey","Feb 10, 2026","8:49:28 PM",2026-02-10T20:49:28-0800,"David Bowie","Let's Dance","Let's Dance",7:37,,USJT19900185,,,1983,,"Featuring Omar Hakim - drummer from Weather Report","Parlophone UK",724352189656
"Feb 10, 2026","8:30:00 PM",2026-02-10T20:30:00-0800,"Convergence Zone",Music,120,174269,"Jim Causey","Feb 10, 2026","8:44:10 PM",2026-02-10T20:44:10-0800,"Mt Fog","Look Inside","Look Inside",3:39,,QT6EY2593038,,L,2025,,"Performing this Friday, February 13 in Everett at Lucky Dime!","Save the Forest for the Trees",0199953146924
"Feb 10, 2026","8:30:00 PM",2026-02-10T20:30:00-0800,"Convergence Zone",Music,120,174269,"Jim Causey","Feb 10, 2026","8:35:51 PM",2026-02-10T20:35:51-0800,Ride,"Leave Them All Behind - 2001 Remaster","Going Blank Again (Expanded)",8:17,,GBBGB0100122,,,2011,,"Released on this day in 1992!","Sony Music UK",0884977770759
"Feb 10, 2026","8:30:00 PM",2026-02-10T20:30:00-0800,"Convergence Zone",Music,120,174269,"Jim Causey","Feb 10, 2026","8:30:56 PM",2026-02-10T20:30:56-0800,"Black Belt Eagle Scout","Don't Give Up","The Land, The Water, The Sky",5:00,,US2U62233912,,L,2023,,,"Saddle Creek",648401033960
"Feb 3, 2026","8:30:00 PM",2026-02-03T20:30:00-0800,"02.03.2026 - Michael G",Music,120,173567,"Jim Causey","Feb 3, 2026","10:25:40 PM",2026-02-03T22:25:40-0800,echodrone,"Movement II","Music for 6 Musicians",5:09,,TCAJT2508042,,,2025,,,Echodrone,0859709530604
"Feb 3, 2026","8:30:00 PM",2026-02-03T20:30:00-0800,"02.03.2026 - Michael G",Music,120,173567,"Jim Causey","Feb 3, 2026","10:22:31 PM",2026-02-03T22:22:31-0800,Melodysheep,Nomads,"Life Beyond: Panspermia (Original Soundtrack)",2:08,,USCGH2670244,,,2026,,,Melodysheep,0199900579867
"Feb 3, 2026","8:30:00 PM",2026-02-03T20:30:00-0800,"02.03.2026 - Michael G",Music,120,173567,"Jim Causey","Feb 3, 2026","10:19:21 PM",2026-02-03T22:19:21-0800,Melodysheep,Interplanetary,"Life Beyond: Panspermia (Original Soundtrack)",3:17,,USCGH2670233,,,2026,,,Melodysheep,0199900579867
"Feb 3, 2026","8:30:00 PM",2026-02-03T20:30:00-0800,"02.03.2026 - Michael G",Music,120,173567,"Jim Causey","Feb 3, 2026","10:11:50 PM",2026-02-03T22:11:50-0800,Caspian,"Long the Desert Mile","Waking Season",6:11,,US72W1210929,,,2012,,,"Triple Crown Records",0646920315864
"Feb 3, 2026","8:30:00 PM",2026-02-03T20:30:00-0800,"02.03.2026 - Michael G",Music,120,173567,"Jim Causey","Feb 3, 2026","10:07:11 PM",2026-02-03T22:07:11-0800,"Steven Wilson","Perfect Life","Hand Cannot Erase",4:43,,GBCQV1400518,,,2015,,,kscope,0802644824666
"Feb 3, 2026","8:30:00 PM",2026-02-03T20:30:00-0800,"02.03.2026 - Michael G",Music,120,173567,"Jim Causey","Feb 3, 2026","10:02:00 PM",2026-02-03T22:02:00-0800,"Sandman Theory","Sandman Theory & Conor Dean - Roll","The Fuzzy Lounge Sessions",,,,,,,,,,
"Feb 3, 2026","8:30:00 PM",2026-02-03T20:30:00-0800,"02.03.2026 - Michael G",Music,120,173567,"Jim Causey","Feb 3, 2026","10:01:56 PM",2026-02-03T22:01:56-0800,"Sandman Theory",Roll,"The Fuzzy Lounge Sessions",5:32,,GBRKQ2574195,,,2025,,,"Fuzzy Lounge Sounds",0198937688757
"Feb 3, 2026","8:30:00 PM",2026-02-03T20:30:00-0800,"02.03.2026 - Michael G",Music,120,173567,"Jim Causey","Feb 3, 2026","9:58:29 PM",2026-02-03T21:58:29-0800,"Hello Meteor","Mondo Canyon","Mondo Canyon",3:36,,QZDA62553797,,,2025,,,DISTROKID,0199086230729
"Feb 3, 2026","8:30:00 PM",2026-02-03T20:30:00-0800,"02.03.2026 - Michael G",Music,120,173567,"Jim Causey","Feb 3, 2026","9:51:00 PM",2026-02-03T21:51:00-0800,Simic,"Export Agreements","Discussion of Interests",,,,,,,,,,
"Feb 3, 2026","8:30:00 PM",2026-02-03T20:30:00-0800,"02.03.2026 - Michael G",Music,120,173567,"Jim Causey","Feb 3, 2026","9:44:20 PM",2026-02-03T21:44:20-0800,tondiue,tondiue,"Painted Creature",7:22,,QZMEP2177552,,,2021,,,secondnature,0196397297861
"Feb 3, 2026","8:30:00 PM",2026-02-03T20:30:00-0800,"02.03.2026 - Michael G",Music,120,173567,"Jim Causey","Feb 3, 2026","9:39:01 PM",2026-02-03T21:39:01-0800,Kiasmos,Drawn,"Swept EP",4:21,,GBWZD1507801,,,2015,,,"Erased Tapes",4050486111208
"Feb 3, 2026","8:30:00 PM",2026-02-03T20:30:00-0800,"02.03.2026 - Michael G",Music,120,173567,"Jim Causey","Feb 3, 2026","9:33:00 PM",2026-02-03T21:33:00-0800,asdfs,Skrongedoot,"secondnature & friends (Compilation)",,,,,,,,,,
"Feb 3, 2026","8:30:00 PM",2026-02-03T20:30:00-0800,"02.03.2026 - Michael G",Music,120,173567,"Jim Causey","Feb 3, 2026","9:28:21 PM",2026-02-03T21:28:21-0800,Lorn,Anvil,Vessel,3:32,,TCACM1654005,,,2016,,,"Wednesday Sound",0859716312866
"Feb 3, 2026","8:30:00 PM",2026-02-03T20:30:00-0800,"02.03.2026 - Michael G",Music,120,173567,"Jim Causey","Feb 3, 2026","9:20:15 PM",2026-02-03T21:20:15-0800,"Wooden Shjips","Staring At The Sun","Staring At The Sun",7:28,,USTJ21846405,,,2018,,,"Thrill Jockey",0790377046427
"Feb 3, 2026","8:30:00 PM",2026-02-03T20:30:00-0800,"02.03.2026 - Michael G",Music,120,173567,"Jim Causey","Feb 3, 2026","9:16:05 PM",2026-02-03T21:16:05-0800,"The Auras","Honey Flower","EP 2",4:18,,CAO371367502,,,2013,,,"Optical Sounds",0623339167505
"Feb 3, 2026","8:30:00 PM",2026-02-03T20:30:00-0800,"02.03.2026 - Michael G",Music,120,173567,"Jim Causey","Feb 3, 2026","9:10:27 PM",2026-02-03T21:10:27-0800,"The Warlocks","Only You","Diamond Cartel - Original Motion Picture Soundtrack",4:02,,QM6XS1602029,,,2016,,,"Cleopatra Records",0889466039065
"Feb 3, 2026","8:30:00 PM",2026-02-03T20:30:00-0800,"02.03.2026 - Michael G",Music,120,173567,"Jim Causey","Feb 3, 2026","9:06:55 PM",2026-02-03T21:06:55-0800,"Hot Tuna","Corners Without Exits - Remastered - 1998","The Phosphorescent Rat",3:37,,USRC17306688,,,2012,,,"Rhino (Licensee)",0603497852925
"Feb 3, 2026","8:30:00 PM",2026-02-03T20:30:00-0800,"02.03.2026 - Michael G",Music,120,173567,"Jim Causey","Feb 3, 2026","9:01:00 PM",2026-02-03T21:01:00-0800,"Chicos De Nazca","I Need To See If I Got To Go","Ether (2017)",,,,,,,,,,
"Feb 3, 2026","8:30:00 PM",2026-02-03T20:30:00-0800,"02.03.2026 - Michael G",Music,120,173567,"Jim Causey","Feb 3, 2026","8:55:28 PM",2026-02-03T20:55:28-0800,Unreqvited,"Funeral Pyre","Funeral Pyre",7:32,,DES562131904,,,2021,,,"Prophecy Productions",0884388731981
"Feb 3, 2026","8:30:00 PM",2026-02-03T20:30:00-0800,"02.03.2026 - Michael G",Music,120,173567,"Jim Causey","Feb 3, 2026","8:49:08 PM",2026-02-03T20:49:08-0800,Jakob,Malachite,Solace,6:32,,NZMI10600001,,,2006,,,jaKob,9420058716974
"Feb 3, 2026","8:30:00 PM",2026-02-03T20:30:00-0800,"02.03.2026 - Michael G",Music,120,173567,"Jim Causey","Feb 3, 2026","8:43:32 PM",2026-02-03T20:43:32-0800,"Collapse Under the Empire","The Last Reminder","Shoulders & Giants",5:53,,USHM81198190,,,2019,,,"Collapse Under The Empire",
"Feb 3, 2026","8:30:00 PM",2026-02-03T20:30:00-0800,"02.03.2026 - Michael G",Music,120,173567,"Jim Causey","Feb 3, 2026","8:38:31 PM",2026-02-03T20:38:31-0800,Solarstone,"Touchstone - Video Mix",Touchstone,3:57,,GBHCD1004062,,,2010,,,Solaris,5055373500911
"Feb 3, 2026","8:30:00 PM",2026-02-03T20:30:00-0800,"02.03.2026 - Michael G",Music,120,173567,"Jim Causey","Feb 3, 2026","8:32:50 PM",2026-02-03T20:32:50-0800,"The War On Drugs",Burning,"Lost In The Dream",5:48,,US38W1431008,,,2014,,,"Secretly Canadian",0656605031064
"Jan 27, 2026","8:30:00 PM",2026-01-27T20:30:00-0800,"Convergence Zone",Music,120,174269,"Jim Causey","Jan 27, 2026","10:29:46 PM",2026-01-27T22:29:46-0800,"The Living End","Closing In","The Living End",3:02,,AUMP09800016,,,2022,,,"BMG Rights Mgt (Australia)",4050538462975
"Jan 27, 2026","8:30:00 PM",2026-01-27T20:30:00-0800,"Convergence Zone",Music,120,174269,"Jim Causey","Jan 27, 2026","10:24:30 PM",2026-01-27T22:24:30-0800,"Field Works & Visible Cloaks",Flow,"Initial Sounds",8:04,,USY6C1831803,,L,2018,,"Performing live at Seattle's First Baptist Church on Saturday, February 21","Temporary Residence Ltd.",656605331867
"Jan 27, 2026","8:30:00 PM",2026-01-27T20:30:00-0800,"Convergence Zone",Music,120,174269,"Jim Causey","Jan 27, 2026","10:14:11 PM",2026-01-27T22:14:11-0800,"Kenneth Newby, Stephen Kent & Steve Roach","Halcyon Days","Halcyon Days",10:20,,USAKS0600386,,,1996,,,"Hearts of Space Records",25041107228
"Jan 27, 2026","8:30:00 PM",2026-01-27T20:30:00-0800,"Convergence Zone",Music,120,174269,"Jim Causey","Jan 27, 2026","10:07:52 PM",2026-01-27T22:07:52-0800,"David Bowie",Lazarus,Blackstar,6:22,,USRF31500003,,,2020,,,"UMC (Universal Music Catalogue)",00602508928345
"Jan 27, 2026","8:30:00 PM",2026-01-27T20:30:00-0800,"Convergence Zone",Music,120,174269,"Jim Causey","Jan 27, 2026","9:56:16 PM",2026-01-27T21:56:16-0800,"Dennis Russell Davies;Stuttgart State Opera Orchestra & Chorus","Act I - Year 1 of Akhnaten's Reign - Thebes - Prelude: Refrain, Verse 1, Verse 2 - Voice","Glass: Akhnaten",10:44,,USSM18700186,,,1993,,"From the 1984 premiere of Philip Glass' ""Akhnaten"" - featuring Helmut Holzapfel as the High Priest of Amon",SME,0886443373549
"Jan 27, 2026","8:30:00 PM",2026-01-27T20:30:00-0800,"Convergence Zone",Music,120,174269,"Jim Causey","Jan 27, 2026","9:47:54 PM",2026-01-27T21:47:54-0800,"Peter Gabriel ft. Sinéad O'Connor","Blood Of Eden","Us (Remastered)",6:39,,GBCPB0900722,,,1992,,,"Real World",884108003541
"Jan 27, 2026","8:30:00 PM",2026-01-27T20:30:00-0800,"Convergence Zone",Music,120,174269,"Jim Causey","Jan 27, 2026","9:43:29 PM",2026-01-27T21:43:29-0800,"Dead Can Dance","American Dreaming (Live) [Remastered]","Toward The Within (Remastered)",4:54,,GBAFL0700055,,,1994,,,4AD,5059638080361
"Jan 27, 2026","8:30:00 PM",2026-01-27T20:30:00-0800,"Convergence Zone",Music,120,174269,"Jim Causey","Jan 27, 2026","9:38:45 PM",2026-01-27T21:38:45-0800,Other,"She Moves Through Worlds","She Moves Through Worlds",4:49,,QZMEP2592912,,L,2025,,"Performing live on Friday, February 27 at Lucky Liquor in Tukwila - it's an all ages show!","3394290 Records DK",0199337219794
"Jan 27, 2026","8:30:00 PM",2026-01-27T20:30:00-0800,"Convergence Zone",Music,120,174269,"Jim Causey","Jan 27, 2026","9:34:34 PM",2026-01-27T21:34:34-0800,"Boy Harsher","Give Me a Reason","The Runner (Original Soundtrack)",4:25,,DED622200013,,,2021,,,"Nude Club",4250506842031
"Jan 27, 2026","8:30:00 PM",2026-01-27T20:30:00-0800,"Convergence Zone",Music,120,174269,"Jim Causey","Jan 27, 2026","9:29:45 PM",2026-01-27T21:29:45-0800,LEATHERS,Highrise,Highrise,3:27,,QMFMF2213372,,L,2023,,,"Artoffact Records",0197187720903
"Jan 27, 2026","8:30:00 PM",2026-01-27T20:30:00-0800,"Convergence Zone",Music,120,174269,"Jim Causey","Jan 27, 2026","9:25:22 PM",2026-01-27T21:25:22-0800,"Dark Chisme","Desire My Soul","Desire My Soul",4:23,,QT6ED2594669,,L,2025,,,"Dark Chisme",0199751133270
"Jan 27, 2026","8:30:00 PM",2026-01-27T20:30:00-0800,"Convergence Zone",Music,120,174269,"Jim Causey","Jan 27, 2026","9:19:17 PM",2026-01-27T21:19:17-0800,"CURSES pres. Tutto Vedro","New Revolution","Trust the Beat - EP",6:51,,DEG932503734,,,2025,,,"Wrong Era",4062548128291
"Jan 27, 2026","8:30:00 PM",2026-01-27T20:30:00-0800,"Convergence Zone",Music,120,174269,"Jim Causey","Jan 27, 2026","9:18:42 PM",2026-01-27T21:18:42-0800,"Curses/Tutto Vetro","New Revolution (Edit)","Trust The Beat",4:17,,DEG932505500,,,2025,,,"Wrong Era",4062548129250
"Jan 27, 2026","8:30:00 PM",2026-01-27T20:30:00-0800,"Convergence Zone",Music,120,174269,"Jim Causey","Jan 27, 2026","9:16:30 PM",2026-01-27T21:16:30-0800,"Japanese Breakfast","Cartographer's Theme","Sable (Original Video Game Soundtrack)",1:45,,USQX92101303,,,2021,,,Masterworks,0886449206308
"Jan 27, 2026","8:30:00 PM",2026-01-27T20:30:00-0800,"Convergence Zone",Music,120,174269,"Jim Causey","Jan 27, 2026","9:12:00 PM",2026-01-27T21:12:00-0800,"One Dove","White Love (Radio Mix)","Morning Dove White",4:40,,GBAAP9300689,,,1993,,,"London Records",685738325665
"Jan 27, 2026","8:30:00 PM",2026-01-27T20:30:00-0800,"Convergence Zone",Music,120,174269,"Jim Causey","Jan 27, 2026","9:08:22 PM",2026-01-27T21:08:22-0800,Tamaryn,"Hands All over Me",Cranekiss,3:49,,QMV8L1420202,,,2015,,,"Mexican Summer",00184923120264
"Jan 27, 2026","8:30:00 PM",2026-01-27T20:30:00-0800,"Convergence Zone",Music,120,174269,"Jim Causey","Jan 27, 2026","9:03:05 PM",2026-01-27T21:03:05-0800,"Drab Majesty","Dot in the Sky","The Demonstration",5:26,,QMBZ91673224,,,2017,,,"Dais Records",0646263945490
"Jan 27, 2026","8:30:00 PM",2026-01-27T20:30:00-0800,"Convergence Zone",Music,120,174269,"Jim Causey","Jan 27, 2026","9:02:00 PM",2026-01-27T21:02:00-0800,"Drab Majesty",Induction,"The Demonstration",0:59,,QMBZ91673223,,,2017,,,"Dais Records",191018390570
"Jan 27, 2026","8:30:00 PM",2026-01-27T20:30:00-0800,"Convergence Zone",Music,120,174269,"Jim Causey","Jan 27, 2026","8:57:26 PM",2026-01-27T20:57:26-0800,"Christine and the Queens","People, I've been sad","La vita nuova",4:20,,FR6P11901360,,,2020,,,"Because Music",05060686508035
"Jan 27, 2026","8:30:00 PM",2026-01-27T20:30:00-0800,"Convergence Zone",Music,120,174269,"Jim Causey","Jan 27, 2026","8:52:59 PM",2026-01-27T20:52:59-0800,Lusine,"Zero to Sixty","Zero to Sixty",4:48,,US2J72302702,,L,2023,,,"Ghostly International",0804297842707
"Jan 27, 2026","8:30:00 PM",2026-01-27T20:30:00-0800,"Convergence Zone",Music,120,174269,"Jim Causey","Jan 27, 2026","8:49:04 PM",2026-01-27T20:49:04-0800,"Pure Bathing Culture",Veil,"Night Pass",4:02,,QZDZU1800003,,L,2019,,,"Infinite Companion",
"Jan 27, 2026","8:30:00 PM",2026-01-27T20:30:00-0800,"Convergence Zone",Music,120,174269,"Jim Causey","Jan 27, 2026","8:42:20 PM",2026-01-27T20:42:20-0800,"Tori Amos","Caught a Lite Sneeze","Late 90s",4:25,,USAT20202145,,,1900,,,"Atlantic 0191",0075678551925
"Jan 27, 2026","8:30:00 PM",2026-01-27T20:30:00-0800,"Convergence Zone",Music,120,174269,"Jim Causey","Jan 27, 2026","8:36:14 PM",2026-01-27T20:36:14-0800,James,"Sound - Album Version / Full Version","Essential Festival: James",6:40,,GBF089190345,,,2001,,,EMI,00731454878623
"Jan 27, 2026","8:30:00 PM",2026-01-27T20:30:00-0800,"Convergence Zone",Music,120,174269,"Jim Causey","Jan 27, 2026","8:30:00 PM",2026-01-27T20:30:00-0800,Somesurprises,"Be Reasonable",Perseids,6:30,,uscgh2471448,,L,2024,,,"Doom Trip Records",0198500093575
"Jan 20, 2026","8:30:00 PM",2026-01-20T20:30:00-0800,"01.20.2026 - Michael G",Music,120,173567,"Jim Causey","Jan 20, 2026","10:23:00 PM",2026-01-20T22:23:00-0800,"tondiue, Lori Goldston, Sue Ann Harkey","Part 2","Live At The Chapel",,,,,,,,,,
"Jan 20, 2026","8:30:00 PM",2026-01-20T20:30:00-0800,"01.20.2026 - Michael G",Music,120,173567,"Jim Causey","Jan 20, 2026","10:17:42 PM",2026-01-20T22:17:42-0800,"The American Dollar","Signaling Through the Flames (Ambient)","Music for Focus and Creativity",5:02,,TCABL1392444,,,2013,,,"Yesh Music LLC",0859709478531
"Jan 20, 2026","8:30:00 PM",2026-01-20T20:30:00-0800,"01.20.2026 - Michael G",Music,120,173567,"Jim Causey","Jan 20, 2026","10:14:04 PM",2026-01-20T22:14:04-0800,"Clem Leek","Bless Those Tired Eyes",Rest,3:52,,SEYOK1317908,,,2013,,,"Brian Records",0885014280668
"Jan 20, 2026","8:30:00 PM",2026-01-20T20:30:00-0800,"01.20.2026 - Michael G",Music,120,173567,"Jim Causey","Jan 20, 2026","10:10:24 PM",2026-01-20T22:10:24-0800,"Noble Oak","Different Type Of Rain","When It Finds You",3:57,,CAL452326610,,,2023,,,"Last Gang",0634164926632
"Jan 20, 2026","8:30:00 PM",2026-01-20T20:30:00-0800,"01.20.2026 - Michael G",Music,120,173567,"Jim Causey","Jan 20, 2026","10:06:00 PM",2026-01-20T22:06:00-0800,"Ice Cream Cult","Tears 42","Sunset Hills",,,,,,,,,,
"Jan 20, 2026","8:30:00 PM",2026-01-20T20:30:00-0800,"01.20.2026 - Michael G",Music,120,173567,"Jim Causey","Jan 20, 2026","10:01:41 PM",2026-01-20T22:01:41-0800,Lusine,"Long Light","Long Light",5:17,,US2J72302707,,,2023,,,"Ghostly International",0804297842707
"Jan 20, 2026","8:30:00 PM",2026-01-20T20:30:00-0800,"01.20.2026 - Michael G",Music,120,173567,"Jim Causey","Jan 20, 2026","9:57:47 PM",2026-01-20T21:57:47-0800,"Ólafur Arnalds","Near Light","Living Room Songs",3:29,,GBWZD1103702,,,2011,,,"Erased Tapes",4050486060186
"Jan 20, 2026","8:30:00 PM",2026-01-20T20:30:00-0800,"01.20.2026 - Michael G",Music,120,173567,"Jim Causey","Jan 20, 2026","9:50:38 PM",2026-01-20T21:50:38-0800,"This Patch of Sky","Bella Muerte","These Small Spaces",6:19,,US3X51738607,,,2017,,,"Equal Vision Records",0886446598840
"Jan 20, 2026","8:30:00 PM",2026-01-20T20:30:00-0800,"01.20.2026 - Michael G",Music,120,173567,"Jim Causey","Jan 20, 2026","9:48:48 PM",2026-01-20T21:48:48-0800,"The Waterboys","Transcendental Peruvian Blues","Life, Death And Dennis Hopper",2:24,,USSE62400093,,,2025,,,"Sun Records",0015047812059
"Jan 20, 2026","8:30:00 PM",2026-01-20T20:30:00-0800,"01.20.2026 - Michael G",Music,120,173567,"Jim Causey","Jan 20, 2026","9:43:31 PM",2026-01-20T21:43:31-0800,"Frankie Teardrop Dead",Trapped,"Plane Eclipse",5:28,,QZHN91908897,,,2019,,,"1056566 Records DK",0194871830443
"Jan 20, 2026","8:30:00 PM",2026-01-20T20:30:00-0800,"01.20.2026 - Michael G",Music,120,173567,"Jim Causey","Jan 20, 2026","9:37:21 PM",2026-01-20T21:37:21-0800,GAZOOTA,"Airship II","Airship II",5:08,,QZES52352250,,,2023,,,DISTROKID,0197629530305
"Jan 20, 2026","8:30:00 PM",2026-01-20T20:30:00-0800,"01.20.2026 - Michael G",Music,120,173567,"Jim Causey","Jan 20, 2026","9:32:10 PM",2026-01-20T21:32:10-0800,"God Is An Astronaut","Lost Kingdom","Age of the Fifth Sun",5:20,,USTCE1066422,,,2010,,,"Revive Records",0793573799524
"Jan 20, 2026","8:30:00 PM",2026-01-20T20:30:00-0800,"01.20.2026 - Michael G",Music,120,173567,"Jim Causey","Jan 20, 2026","9:26:00 PM",2026-01-20T21:26:00-0800,"Michael Bell","Behind A Black Door",Pyre,,,,,,,,,,
"Jan 20, 2026","8:30:00 PM",2026-01-20T20:30:00-0800,"01.20.2026 - Michael G",Music,120,173567,"Jim Causey","Jan 20, 2026","9:20:03 PM",2026-01-20T21:20:03-0800,Glis,"Luminous Tides","Luminous Tides",6:40,,QZFYZ2677187,,,2025,,,Glis,0199935791036
"Jan 20, 2026","8:30:00 PM",2026-01-20T20:30:00-0800,"01.20.2026 - Michael G",Music,120,173567,"Jim Causey","Jan 20, 2026","9:16:07 PM",2026-01-20T21:16:07-0800,Ladytron,"The Island","The Island",4:03,,GBFKY1800012,,,2018,,,"Ladytron Music",5054526023734
"Jan 20, 2026","8:30:00 PM",2026-01-20T20:30:00-0800,"01.20.2026 - Michael G",Music,120,173567,"Jim Causey","Jan 20, 2026","9:11:22 PM",2026-01-20T21:11:22-0800,"Saxon Shore","Sustained Combustion","It Doesn't Matter",4:06,,USTC90919941,,,2009,,,"Broken Factory",0634457513129
"Jan 20, 2026","8:30:00 PM",2026-01-20T20:30:00-0800,"01.20.2026 - Michael G",Music,120,173567,"Jim Causey","Jan 20, 2026","9:07:17 PM",2026-01-20T21:07:17-0800,"Night Tapes",helix,helix,4:15,,CAN112500526,,,2025,,,"Nettwerk Music Group",0067003173155
"Jan 20, 2026","8:30:00 PM",2026-01-20T20:30:00-0800,"01.20.2026 - Michael G",Music,120,173567,"Jim Causey","Jan 20, 2026","9:02:37 PM",2026-01-20T21:02:37-0800,Metadron,"Alien Garden Party",Enter,4:52,,SE6XW2598343,,,2025,,,Metadron,7300345740726
"Jan 20, 2026","8:30:00 PM",2026-01-20T20:30:00-0800,"01.20.2026 - Michael G",Music,120,173567,"Jim Causey","Jan 20, 2026","8:56:00 PM",2026-01-20T20:56:00-0800,"OK EG",Cell,Anther,,,,,,,,,,
"Jan 20, 2026","8:30:00 PM",2026-01-20T20:30:00-0800,"01.20.2026 - Michael G",Music,120,173567,"Jim Causey","Jan 20, 2026","8:51:14 PM",2026-01-20T20:51:14-0800,"Command D",Madman,"New Devices",5:40,,TCAIM2423922,,,2024,,,"Pure Space Recordings",0859790613903
"Jan 20, 2026","8:30:00 PM",2026-01-20T20:30:00-0800,"01.20.2026 - Michael G",Music,120,173567,"Jim Causey","Jan 20, 2026","8:47:42 PM",2026-01-20T20:47:42-0800,"Forest Swords","Crow (DJ-Kicks) - Mixed","DJ-Kicks (Mixed Tracks)",3:34,,DEG931892034,,,2018,,,"!K7 Records",0730003736520
"Jan 20, 2026","8:30:00 PM",2026-01-20T20:30:00-0800,"01.20.2026 - Michael G",Music,120,173567,"Jim Causey","Jan 20, 2026","8:43:13 PM",2026-01-20T20:43:13-0800,"She Past Away",Katarsis,"Narin Yalnizlik",3:13,,ATR981156633,,,2015,,,Remoov,9008798183036
"Jan 20, 2026","8:30:00 PM",2026-01-20T20:30:00-0800,"01.20.2026 - Michael G",Music,120,173567,"Jim Causey","Jan 20, 2026","8:40:26 PM",2026-01-20T20:40:26-0800,"Misery Mile","Black Lipstick","Black Lipstick",2:50,,QZMEM2515684,,,2025,,,DISTROKID,0199337870506
"Jan 20, 2026","8:30:00 PM",2026-01-20T20:30:00-0800,"01.20.2026 - Michael G",Music,120,173567,"Jim Causey","Jan 20, 2026","8:36:09 PM",2026-01-20T20:36:09-0800,"Twin Tribes",Monolith,Monolith,4:25,,QZPLS2326897,,,2023,,,DISTROKID,0197992779790
"Jan 20, 2026","8:30:00 PM",2026-01-20T20:30:00-0800,"01.20.2026 - Michael G",Music,120,173567,"Jim Causey","Jan 20, 2026","8:33:03 PM",2026-01-20T20:33:03-0800,"Danny Baranowsky","Betus Blues (Ch 2 Light World)","Super Meat Boy! - Official Special Edition Soundtrack",3:12,,TCABD1110283,,,2011,,,"Danny Baranowsky",0859707436076
"Jan 13, 2026","8:30:00 PM",2026-01-13T20:30:00-0800,"Convergence Zone",Music,120,174269,"Jim Causey","Jan 13, 2026","10:27:37 PM",2026-01-13T22:27:37-0800,"Mount Maxwell","Water Babies","Birds of Paradise",3:37,,,,L,2025,,,"Hotham Sound",
"Jan 13, 2026","8:30:00 PM",2026-01-13T20:30:00-0800,"Convergence Zone",Music,120,174269,"Jim Causey","Jan 13, 2026","10:20:50 PM",2026-01-13T22:20:50-0800,"Kara-Lis Coverdale","Curve Traces of Held Space","Changes in Air",7:57,,NOSTS2553050,,,2025,,"Live on Friday, March 6 at Seattle's First Baptist Church","Smalltown Supersound",7072822453008
"Jan 13, 2026","8:30:00 PM",2026-01-13T20:30:00-0800,"Convergence Zone",Music,120,174269,"Jim Causey","Jan 13, 2026","10:15:40 PM",2026-01-13T22:15:40-0800,Amulets,Withered,"Gaza is The Moral Compass",3:16,,,,L,2026,,,"Beacon Sound",
"Jan 13, 2026","8:30:00 PM",2026-01-13T20:30:00-0800,"Convergence Zone",Music,120,174269,"Jim Causey","Jan 13, 2026","10:09:58 PM",2026-01-13T22:09:58-0800,"Mary Lattimore & Julianna Barwick","Perpetual Adoration","Tragic Magic",5:29,,FRT092500054,,L,2026,,"Mary Lattimore joins Julianna Barwick for the Tragic Magic tour - coming to the Crocodile in Seattle on Tuesday, February 17 at 8pm",InFiné,3663729395825
"Jan 13, 2026","8:30:00 PM",2026-01-13T20:30:00-0800,"Convergence Zone",Music,120,174269,"Jim Causey","Jan 13, 2026","10:01:48 PM",2026-01-13T22:01:48-0800,"Rudy Adrian","Serpentine River","Along The Coppermine Ridge",10:02,,USSP52526083,,,2025,,,"Spotted Peccary",600028490120
"Jan 13, 2026","8:30:00 PM",2026-01-13T20:30:00-0800,"Convergence Zone",Music,120,174269,"Jim Causey","Jan 13, 2026","9:56:01 PM",2026-01-13T21:56:01-0800,Saloli,Silhouette,Canyon,5:21,,USNCB2323805,,L,2023,,"Opening for Visible Cloaks at Seattle's First Baptist Church - on Saturday, February 21",kranky,796441823826
"Jan 13, 2026","8:30:00 PM",2026-01-13T20:30:00-0800,"Convergence Zone",Music,120,174269,"Jim Causey","Jan 13, 2026","9:45:46 PM",2026-01-13T21:45:46-0800,"Chris Carter & Ian Boddy","Coriolis (2025 Remaster)","Caged (25th Anniversary Edition)",10:05,,GBR8R2500273,,,2025,,"Throbbing Gristle's Chris Carter teamed up with Ian Body for the 2000 release ""Caged"" - remastered here for its 25th anniversary",Mute,5400863194017
"Jan 13, 2026","8:30:00 PM",2026-01-13T20:30:00-0800,"Convergence Zone",Music,120,174269,"Jim Causey","Jan 13, 2026","9:39:33 PM",2026-01-13T21:39:33-0800,"Steve Hauschildt","Forgetting in the Static",Aeropsia,6:41,,DEX262500749,,L,2025,,"Performing live in Seattle for the Age of Reflections immersive series - Friday, March 6, 2026 at Seattle's First Baptist Church","Simul Records",880918274157
"Jan 13, 2026","8:30:00 PM",2026-01-13T20:30:00-0800,"Convergence Zone",Music,120,174269,"Jim Causey","Jan 13, 2026","9:36:04 PM",2026-01-13T21:36:04-0800,"Visible Cloaks","Valve (feat. Miyako Koda)","Valve / Valve (Revisited) - Single",3:24,,US6PQ1600028,,,2016,,,"RVNG Intl.",716670165665
"Jan 13, 2026","8:30:00 PM",2026-01-13T20:30:00-0800,"Convergence Zone",Music,120,174269,"Jim Causey","Jan 13, 2026","9:32:30 PM",2026-01-13T21:32:30-0800,Afrocop,"Elegantly Deceitful Simulation",Afrocop,3:40,,GBMJG2411945,,L,2024,,,"Wax Thematique",198666998141
"Jan 13, 2026","8:30:00 PM",2026-01-13T20:30:00-0800,"Convergence Zone",Music,120,174269,"Jim Causey","Jan 13, 2026","9:29:10 PM",2026-01-13T21:29:10-0800,"Omari Jazz",Root,"Dream Child (Bonus Tracks)",3:13,,FRX452585119,,L,2025,,"Opening for Visible Cloaks in Portland on Friday, February 20 - at First Congregational UCC Portland","Eulipion Arts",3617398023961
"Jan 13, 2026","8:30:00 PM",2026-01-13T20:30:00-0800,"Convergence Zone",Music,120,174269,"Jim Causey","Jan 13, 2026","9:23:50 PM",2026-01-13T21:23:50-0800,"Tame Impala","One More Year (NTS Version) (excerpt)","The Slow Rush B-Sides & Remixes",6:00,,AUUM72100306,,,2022,,,"Universal Music Australia Pty. Ltd.",602438710003
"Jan 13, 2026","8:30:00 PM",2026-01-13T20:30:00-0800,"Convergence Zone",Music,120,174269,"Jim Causey","Jan 13, 2026","9:18:11 PM",2026-01-13T21:18:11-0800,"Caroline Polachek",Door,Door,5:22,,USSM11901942,,,2019,,,Columbia,0886447683415
"Jan 13, 2026","8:30:00 PM",2026-01-13T20:30:00-0800,"Convergence Zone",Music,120,174269,"Jim Causey","Jan 13, 2026","9:15:21 PM",2026-01-13T21:15:21-0800,"Sea Lemon","In The Flowers","Diving For A Prize",3:21,,QMFME2487265,,L,2025,,,"Luminelle Recordings",
"Jan 13, 2026","8:30:00 PM",2026-01-13T20:30:00-0800,"Convergence Zone",Music,120,174269,"Jim Causey","Jan 13, 2026","9:11:39 PM",2026-01-13T21:11:39-0800,"Dina Ögon","Hack i häl",Människobarn,3:46,,SE3SA2600101,,,2026,,,"Playground Music",7332181136043
"Jan 13, 2026","8:30:00 PM",2026-01-13T20:30:00-0800,"Convergence Zone",Music,120,174269,"Jim Causey","Jan 13, 2026","9:07:38 PM",2026-01-13T21:07:38-0800,"Mt Fog","Eyes in Buildings","Every Stone is Green",3:48,,,,L,2026,,"Brand new single from Mt Fog - and happy birthday to Carolyn B, band founder and lead singer!   Coming to Lucky Dime in Everett on Friday, February 13",,
"Jan 13, 2026","8:30:00 PM",2026-01-13T20:30:00-0800,"Convergence Zone",Music,120,174269,"Jim Causey","Jan 13, 2026","9:03:07 PM",2026-01-13T21:03:07-0800,Bootblacks,"Only You (feat. Chris Vrenna & Benjamin Harrison)",Paradise,4:24,,QM4TX2566479,,,2025,,,"Artoffact Records",628070642793
"Jan 13, 2026","8:30:00 PM",2026-01-13T20:30:00-0800,"Convergence Zone",Music,120,174269,"Jim Causey","Jan 13, 2026","8:55:59 PM",2026-01-13T20:55:59-0800,"Depeche Mode","Never Let Me Down Again","Music for the Masses",4:48,,GBAJH0600228,,,1987,,,"Venusnote Ltd.",94636010250
"Jan 13, 2026","8:30:00 PM",2026-01-13T20:30:00-0800,"Convergence Zone",Music,120,174269,"Jim Causey","Jan 13, 2026","8:50:37 PM",2026-01-13T20:50:37-0800,"New Order","True Faith",Substance,5:55,,GBAAP0001118,,,1987,,,Factory,190295211592
"Jan 13, 2026","8:30:00 PM",2026-01-13T20:30:00-0800,"Convergence Zone",Music,120,174269,"Jim Causey","Jan 13, 2026","8:46:00 PM",2026-01-13T20:46:00-0800,"White Lies","As I Try Not To Fall Apart","As I Try Not To Fall Apart",4:59,,GBENL2103083,,,2022,,,[PIAS],5400863064846
"Jan 13, 2026","8:30:00 PM",2026-01-13T20:30:00-0800,"Convergence Zone",Music,120,174269,"Jim Causey","Jan 13, 2026","8:41:26 PM",2026-01-13T20:41:26-0800,"Dark Chisme","Desire My Soul","Desire My Soul - Single",4:23,,QT6ED2594669,,L,2025,,,"Dark Chisme",199751133270
"Jan 13, 2026","8:30:00 PM",2026-01-13T20:30:00-0800,"Convergence Zone",Music,120,174269,"Jim Causey","Jan 13, 2026","8:36:51 PM",2026-01-13T20:36:51-0800,Packaging,"Always Calling",Packaging,3:32,,QZGKC2504601,,L,2025,,,"Share It Music",98787604665
"Jan 13, 2026","8:30:00 PM",2026-01-13T20:30:00-0800,"Convergence Zone",Music,120,174269,"Jim Causey","Jan 13, 2026","8:32:42 PM",2026-01-13T20:32:42-0800,"Jenny on Holiday","Good Intentions","Quicksand Heart",4:18,,GBKZV2500130,,,2026,,,"Transgressive Records",8721416081309
"Jan 13, 2026","8:30:00 PM",2026-01-13T20:30:00-0800,"Convergence Zone",Music,120,174269,"Jim Causey","Jan 13, 2026","8:29:00 PM",2026-01-13T20:29:00-0800,Meltt,"By Your Side",Pathways,4:04,,CAN112501903,,L,2026,,,"Nettwerk Music Group",67003187251
"Jan 6, 2026","8:30:00 PM",2026-01-06T20:30:00-0800,"01.06.2026 - Michael G",Music,120,173567,"Jim Causey","Jan 6, 2026","10:20:29 PM",2026-01-06T22:20:29-0800,"The Echelon Effect",Endless,"Fracture And Fragments",6:32,,TCAAT1054278,,,2010,,,"The Echelon Effect",0859705024589
"Jan 6, 2026","8:30:00 PM",2026-01-06T20:30:00-0800,"01.06.2026 - Michael G",Music,120,173567,"Jim Causey","Jan 6, 2026","10:18:05 PM",2026-01-06T22:18:05-0800,"Michael Arthur Holloway","The Coral Club","Strange Cargo",4:58,,USL4Q2100616,,,2021,,,"Michael Arthur Holloway",0198002230546
"Jan 6, 2026","8:30:00 PM",2026-01-06T20:30:00-0800,"01.06.2026 - Michael G",Music,120,173567,"Jim Causey","Jan 6, 2026","10:13:54 PM",2026-01-06T22:13:54-0800,"Richard N. Ahlstrom","Sun Mist","Sun Mist",4:36,,QM42K2024785,,,2020,,,"Richard N. Ahlstrom",0053000575405
"Jan 6, 2026","8:30:00 PM",2026-01-06T20:30:00-0800,"01.06.2026 - Michael G",Music,120,173567,"Jim Causey","Jan 6, 2026","10:08:08 PM",2026-01-06T22:08:08-0800,AeTopus,Raatuq,Raatuq,4:50,,QMX3C2100080,,,2022,,,"12Ton Productions",0195269132613
"Jan 6, 2026","8:30:00 PM",2026-01-06T20:30:00-0800,"01.06.2026 - Michael G",Music,120,173567,"Jim Causey","Jan 6, 2026","10:02:25 PM",2026-01-06T22:02:25-0800,"Ancient Astronaut","Expanding Mind","Cosmic Trails",6:15,,USX9P2308585,,,2023,,,Synphaera,0198026480712
"Jan 6, 2026","8:30:00 PM",2026-01-06T20:30:00-0800,"01.06.2026 - Michael G",Music,120,173567,"Jim Causey","Jan 6, 2026","9:59:00 PM",2026-01-06T21:59:00-0800,"Matthew Seiji Burns","Sea Life",Seagame,,,,,,,,,,
"Jan 6, 2026","8:30:00 PM",2026-01-06T20:30:00-0800,"01.06.2026 - Michael G",Music,120,173567,"Jim Causey","Jan 6, 2026","9:56:25 PM",2026-01-06T21:56:25-0800,Alexkid,"I Think - Dorfmeister & Alexkid Remix",Bienvenida,3:51,,FRV220100047,,,2001,,,"F Communications",5413356794274
"Jan 6, 2026","8:30:00 PM",2026-01-06T20:30:00-0800,"01.06.2026 - Michael G",Music,120,173567,"Jim Causey","Jan 6, 2026","9:50:07 PM",2026-01-06T21:50:07-0800,"Miguel Migs","Breakin' It Down","Colorful You",6:23,,USCN30200307,,,2002,,,Astralwerks,00724381285954
"Jan 6, 2026","8:30:00 PM",2026-01-06T20:30:00-0800,"01.06.2026 - Michael G",Music,120,173567,"Jim Causey","Jan 6, 2026","9:50:00 PM",2026-01-06T21:50:00-0800,"Petalpusher (aka Miguel Migs)","Breakin' It Down","12"" Single",,,,,,1999,,,,
"Jan 6, 2026","8:30:00 PM",2026-01-06T20:30:00-0800,"01.06.2026 - Michael G",Music,120,173567,"Jim Causey","Jan 6, 2026","9:45:28 PM",2026-01-06T21:45:28-0800,"Kalya Scintilla","Bee Here Now","Tales from the Path, Pt. 2",4:52,,USA2P2547026,,,2025,,,"Merkaba Music",0198704731358
"Jan 6, 2026","8:30:00 PM",2026-01-06T20:30:00-0800,"01.06.2026 - Michael G",Music,120,173567,"Jim Causey","Jan 6, 2026","9:37:38 PM",2026-01-06T21:37:38-0800,"Remote Vision","The Temporal Sequence","The Architecture of Time",6:51,,USL4Q2267828,,,2022,,,Synphaera,0198015041436
"Jan 6, 2026","8:30:00 PM",2026-01-06T20:30:00-0800,"01.06.2026 - Michael G",Music,120,173567,"Jim Causey","Jan 6, 2026","9:31:00 PM",2026-01-06T21:31:00-0800,8circuit,Recursion,"Liquid Link",,,,,,,,,,
"Jan 6, 2026","8:30:00 PM",2026-01-06T20:30:00-0800,"01.06.2026 - Michael G",Music,120,173567,"Jim Causey","Jan 6, 2026","9:24:34 PM",2026-01-06T21:24:34-0800,"Celestial Bums","Full Moon Nightmare",Ascend,6:08,,BEDC21600104,,,2016,,,"EXAG' Records",0635292676567
"Jan 6, 2026","8:30:00 PM",2026-01-06T20:30:00-0800,"01.06.2026 - Michael G",Music,120,173567,"Jim Causey","Jan 6, 2026","9:19:46 PM",2026-01-06T21:19:46-0800,"Thomas Naim",Fire,"Sounds of Jimi",3:36,,FR9W12006360,,,2020,,,"Rootless Blues",3521383463222
"Jan 6, 2026","8:30:00 PM",2026-01-06T20:30:00-0800,"01.06.2026 - Michael G",Music,120,173567,"Jim Causey","Jan 6, 2026","9:13:32 PM",2026-01-06T21:13:32-0800,Ott,"Muggy Boneheads",Hiraeth,6:12,,QZWFJ2482490,,,2024,,,DISTROKID,0198885687413
"Jan 6, 2026","8:30:00 PM",2026-01-06T20:30:00-0800,"01.06.2026 - Michael G",Music,120,173567,"Jim Causey","Jan 6, 2026","9:07:00 PM",2026-01-06T21:07:00-0800,"Selene (Kayla Waldorf)",Blabberbaby,"The Secret Garden is in Your Mind",,,,,,,,,,
"Jan 6, 2026","8:30:00 PM",2026-01-06T20:30:00-0800,"01.06.2026 - Michael G",Music,120,173567,"Jim Causey","Jan 6, 2026","9:01:10 PM",2026-01-06T21:01:10-0800,Miniatures,"What You Want",Jessamines,5:57,,QMTXS1700032,,,2017,,,"Saint Marie",0708527170434
"Jan 6, 2026","8:30:00 PM",2026-01-06T20:30:00-0800,"01.06.2026 - Michael G",Music,120,173567,"Jim Causey","Jan 6, 2026","8:57:06 PM",2026-01-06T20:57:06-0800,"Pencey Sloe","All Ok","Don't Believe, Watch Out",4:12,,DES561926603,,,2019,,,Prophecy,0884388726628
"Jan 6, 2026","8:30:00 PM",2026-01-06T20:30:00-0800,"01.06.2026 - Michael G",Music,120,173567,"Jim Causey","Jan 6, 2026","8:52:50 PM",2026-01-06T20:52:50-0800,"The Third Sound","Nine Miles Below","All Tomorrow's Shadows",3:55,,QMEU31804671,,,2018,,,"Fuzz Club Records",5060467884266
"Jan 6, 2026","8:30:00 PM",2026-01-06T20:30:00-0800,"01.06.2026 - Michael G",Music,120,173567,"Jim Causey","Jan 6, 2026","8:48:02 PM",2026-01-06T20:48:02-0800,"Chemistry Set","Blind Caroline - Alternate Mix","The Incomplete Fabulous Stinking",4:52,,QMQ3E1900125,,,2019,,,"Green Monkey Records",0194491221782
"Jan 6, 2026","8:30:00 PM",2026-01-06T20:30:00-0800,"01.06.2026 - Michael G",Music,120,173567,"Jim Causey","Jan 6, 2026","8:41:42 PM",2026-01-06T20:41:42-0800,"Lord Huron","Ends of the Earth","Lonesome Dreams",4:44,,US3M51537807,,,2015,,,"Varese Sarabande",00030206737806
"Jan 6, 2026","8:30:00 PM",2026-01-06T20:30:00-0800,"01.06.2026 - Michael G",Music,120,173567,"Jim Causey","Jan 6, 2026","8:37:34 PM",2026-01-06T20:37:34-0800,"Camera Obscura","Forests And Sands","My Maudlin Career",4:16,,GBZLK0900009,,,2009,,,4AD,5059638244275
"Jan 6, 2026","8:30:00 PM",2026-01-06T20:30:00-0800,"01.06.2026 - Michael G",Music,120,173567,"Jim Causey","Jan 6, 2026","8:31:38 PM",2026-01-06T20:31:38-0800,"Bete Grise","There go the Angels","There go the Angels",6:08,,QZWFN2527070,,,2025,,,"Forever Weekend",0199510188060
"Dec 30, 2025","8:30:00 PM",2025-12-30T20:30:00-0800,"Convergence Zone",Music,120,174269,"Jim Causey","Dec 30, 2025","10:22:43 PM",2025-12-30T22:22:43-0800,"Michael Brückner","Mother of Pearls","Soul of the Machine: A Celebration of the Life & Legacy of ARP founder Alan R. Pearlman",8:06,,USHK92535315,,,2025,,,Projekt:Archive,0617026235325
"Dec 30, 2025","8:30:00 PM",2025-12-30T20:30:00-0800,"Convergence Zone",Music,120,174269,"Jim Causey","Dec 30, 2025","10:15:09 PM",2025-12-30T22:15:09-0800,"Crystal Quartez",Connexion,Erospace,3:40,,QZHN32565857,,L,2025,,,DISTROKID,0199081277798
"Dec 30, 2025","8:30:00 PM",2025-12-30T20:30:00-0800,"Convergence Zone",Music,120,174269,"Jim Causey","Dec 30, 2025","10:07:52 PM",2025-12-30T22:07:52-0800,"Dreamstate Logic","Astral Gateway","Dimensions of Mind",7:32,,QZTAY2510261,,L,2025,,,"Dreamstate Logic",0199522399584
"Dec 30, 2025","8:30:00 PM",2025-12-30T20:30:00-0800,"Convergence Zone",Music,120,174269,"Jim Causey","Dec 30, 2025","10:03:03 PM",2025-12-30T22:03:03-0800,"Patricia Wolf","Surfing on Wind",Hrafnamynd,4:51,,DEG932502547,,L,2025,,,Balmat,4062548117707
"Dec 30, 2025","8:30:00 PM",2025-12-30T20:30:00-0800,"Convergence Zone",Music,120,174269,"Jim Causey","Dec 30, 2025","9:57:26 PM",2025-12-30T21:57:26-0800,"Hello Meteor","Nothing Urgent Here","Darling River",2:12,,QZWFW2529442,,L,2025,,,"Evergreen Prefecture",0199506228930
"Dec 30, 2025","8:30:00 PM",2025-12-30T20:30:00-0800,"Convergence Zone",Music,120,174269,"Jim Causey","Dec 30, 2025","9:55:23 PM",2025-12-30T21:55:23-0800,Talkdemonic,"Two Weeks","Very Cool Yesterday",2:08,,usl4q2500572,,L,2025,,,"Bathysphere Records",0199800207655
"Dec 30, 2025","8:30:00 PM",2025-12-30T20:30:00-0800,"Convergence Zone",Music,120,174269,"Jim Causey","Dec 30, 2025","9:51:35 PM",2025-12-30T21:51:35-0800,"Nala Sinephro","Grand Prix","The Smashing Machine (Original Motion Picture Soundtrack)",4:02,,GBBPW2502082,,,2025,,,"Warp Records",5056818805431
"Dec 30, 2025","8:30:00 PM",2025-12-30T20:30:00-0800,"Convergence Zone",Music,120,174269,"Jim Causey","Dec 30, 2025","9:47:53 PM",2025-12-30T21:47:53-0800,"Hotel Pools & Brothertiger","Boundary (Hello Meteor Remix)",Paradigms,3:49,,QZWV32571044,,L,2025,,,Brothertiger,199502092474
"Dec 30, 2025","8:30:00 PM",2025-12-30T20:30:00-0800,"Convergence Zone",Music,120,174269,"Jim Causey","Dec 30, 2025","9:45:03 PM",2025-12-30T21:45:03-0800,DinnerWitJesus,"Satya Surge","The Age of Knowing",3:50,,,,L,,,,,
"Dec 30, 2025","8:30:00 PM",2025-12-30T20:30:00-0800,"Convergence Zone",Music,120,174269,"Jim Causey","Dec 30, 2025","9:39:43 PM",2025-12-30T21:39:43-0800,BLUETECH,"Artemis Program (Laika's Lament)","Spacehop Chronicles 2",4:16,,QZZ782517208,,L,2025,,,"Over The Moon Music",0199326231905
"Dec 30, 2025","8:30:00 PM",2025-12-30T20:30:00-0800,"Convergence Zone",Music,120,174269,"Jim Causey","Dec 30, 2025","9:35:20 PM",2025-12-30T21:35:20-0800,"Erika de Casier",December,Lifetime,3:00,,QM6P42533257,,,2025,,,"Independent Jeep Music",0199350446337
"Dec 30, 2025","8:30:00 PM",2025-12-30T20:30:00-0800,"Convergence Zone",Music,120,174269,"Jim Causey","Dec 30, 2025","9:32:42 PM",2025-12-30T21:32:42-0800,"Nuovo Testamento","Picture Perfect","Trouble - EP",2:41,,QM6P42509123,,,2025,,,"Discoteca Italia",199350318573
"Dec 30, 2025","8:30:00 PM",2025-12-30T20:30:00-0800,"Convergence Zone",Music,120,174269,"Jim Causey","Dec 30, 2025","9:28:42 PM",2025-12-30T21:28:42-0800,Ladytron,"Kingdom Undersea",Paradises,4:47,,CAN112501550,,,2026,,,"Nettwerk Music Group",67003180856
"Dec 30, 2025","8:30:00 PM",2025-12-30T20:30:00-0800,"Convergence Zone",Music,120,174269,"Jim Causey","Dec 30, 2025","9:24:45 PM",2025-12-30T21:24:45-0800,"Jamie Drake","Thread and the Spark","Thread and the Spark",4:07,,QZPJ32474200,,,2025,,,"Jamie Drake",0199999263142
"Dec 30, 2025","8:30:00 PM",2025-12-30T20:30:00-0800,"Convergence Zone",Music,120,174269,"Jim Causey","Dec 30, 2025","9:18:23 PM",2025-12-30T21:18:23-0800,"Magdalena Bay","This Is The World (I Made It For You)","This Is The World (I Made It For You) / Nice Day - Single",4:42,,USQE92500278,,,2025,,,"Mom+Pop Music",810090098128
"Dec 30, 2025","8:30:00 PM",2025-12-30T20:30:00-0800,"Convergence Zone",Music,120,174269,"Jim Causey","Dec 30, 2025","9:12:30 PM",2025-12-30T21:12:30-0800,"Night Heron",HOME,ESCAPISM,4:36,,QMDA72454397,,L,2025,,,"Literal Gold Records",0198846863344
"Dec 30, 2025","8:30:00 PM",2025-12-30T20:30:00-0800,"Convergence Zone",Music,120,174269,"Jim Causey","Dec 30, 2025","9:07:29 PM",2025-12-30T21:07:29-0800,Gwenno,"Dancing On Volcanoes",Utopia,5:04,,GBPVV2400732,,,2025,,,"Heavenly Recordings",5400863182793
"Dec 30, 2025","8:30:00 PM",2025-12-30T20:30:00-0800,"Convergence Zone",Music,120,174269,"Jim Causey","Dec 30, 2025","9:02:25 PM",2025-12-30T21:02:25-0800,"Emma-Jean Thackray","Maybe Nowhere","Maybe Nowhere",5:14,,GBAHT2400643,,,2025,,,"Emma-Jean Thackray",5021732607867
"Dec 30, 2025","8:30:00 PM",2025-12-30T20:30:00-0800,"Convergence Zone",Music,120,174269,"Jim Causey","Dec 30, 2025","8:58:48 PM",2025-12-30T20:58:48-0800,"Mt Fog","Look Inside","Look Inside",3:39,,QT6EY2593038,,L,2025,,,"Save the Forest for the Trees",0199953146924
"Dec 30, 2025","8:30:00 PM",2025-12-30T20:30:00-0800,"Convergence Zone",Music,120,174269,"Jim Causey","Dec 30, 2025","8:54:01 PM",2025-12-30T20:54:01-0800,Hatchie,"Lose It Again","Lose It Again",3:31,,US38W2550308,,,2025,,,"Secretly Canadian",0656605050379
"Dec 30, 2025","8:30:00 PM",2025-12-30T20:30:00-0800,"Convergence Zone",Music,120,174269,"Jim Causey","Dec 30, 2025","8:49:46 PM",2025-12-30T20:49:46-0800,"Sea Lemon","Crystals (feat. Benjamin Gibbard)","Diving For A Prize",4:29,,QM7282493534,,L,2025,,,"Luminelle Recordings",0198588906408
"Dec 30, 2025","8:30:00 PM",2025-12-30T20:30:00-0800,"Convergence Zone",Music,120,174269,"Jim Causey","Dec 30, 2025","8:47:22 PM",2025-12-30T20:47:22-0800,"Hello Meteor","Shortcuts In Light","Cordial Bizarre",3:11,,QT6EW2525789,,L,2025,,,DISTROKID,0199954419928
"Dec 30, 2025","8:30:00 PM",2025-12-30T20:30:00-0800,"Convergence Zone",Music,120,174269,"Jim Causey","Dec 30, 2025","8:40:10 PM",2025-12-30T20:40:10-0800,"Tame Impala","End Of Summer",Deadbeat,7:13,,USQX92502794,,,2025,,,Columbia,196873555331
"Dec 30, 2025","8:30:00 PM",2025-12-30T20:30:00-0800,"Convergence Zone",Music,120,174269,"Jim Causey","Dec 30, 2025","8:37:06 PM",2025-12-30T20:37:06-0800,"Men I Trust","Come Back Down","Equus Caballus",3:15,,QZNWS2523847,,,2025,,,DISTROKID,0199334320264
"Dec 30, 2025","8:30:00 PM",2025-12-30T20:30:00-0800,"Convergence Zone",Music,120,174269,"Jim Causey","Dec 30, 2025","8:32:17 PM",2025-12-30T20:32:17-0800,Packaging,"In Your Pocket",Packaging,3:58,,QZGKC2504606,,L,2025,,,"Share It Music",98787604665
"Dec 30, 2025","8:30:00 PM",2025-12-30T20:30:00-0800,"Convergence Zone",Music,120,174269,"Jim Causey","Dec 30, 2025","8:28:00 PM",2025-12-30T20:28:00-0800,Raica,Upsweep,"If Not Now When",2:57,,,,L,2025,,,"Silver Threads",
"Dec 23, 2025","8:30:00 PM",2025-12-23T20:30:00-0800,"12.23.2025 - Michael G",Music,120,173567,"Jim Causey","Dec 23, 2025","10:24:34 PM",2025-12-23T22:24:34-0800,"Greg Klamt","Fluxus Quo","Fluxus Quo",4:06,,USSP59703015,,,1997,,,"Spotted Peccary",0600028030227
"Dec 23, 2025","8:30:00 PM",2025-12-23T20:30:00-0800,"12.23.2025 - Michael G",Music,120,173567,"Jim Causey","Dec 23, 2025","10:20:14 PM",2025-12-23T22:20:14-0800,Hooverphonic,Inhaler,"A New Stereophonic Sound Spectacular",5:11,,BEU019601001,,,2013,,,Columbia/Legacy,0886443186392
"Dec 23, 2025","8:30:00 PM",2025-12-23T20:30:00-0800,"12.23.2025 - Michael G",Music,120,173567,"Jim Causey","Dec 23, 2025","10:14:00 PM",2025-12-23T22:14:00-0800,"Michael Bell","Transmissions In Fire Language",Pyre,,,,,,,,,,
"Dec 23, 2025","8:30:00 PM",2025-12-23T20:30:00-0800,"12.23.2025 - Michael G",Music,120,173567,"Jim Causey","Dec 23, 2025","10:08:17 PM",2025-12-23T22:08:17-0800,"Still Corners","The Trip","Strange Pleasures",6:14,,USSUB1203501,,,2013,,,"Subpop Record Group",0098787103564
"Dec 23, 2025","8:30:00 PM",2025-12-23T20:30:00-0800,"12.23.2025 - Michael G",Music,120,173567,"Jim Causey","Dec 23, 2025","10:03:52 PM",2025-12-23T22:03:52-0800,"The Fauns","Shake Your Hair","Shake Your Hair",4:36,,UKFGV2300167,,,2024,,,"Invada Records UK",5051083197762
"Dec 23, 2025","8:30:00 PM",2025-12-23T20:30:00-0800,"12.23.2025 - Michael G",Music,120,173567,"Jim Causey","Dec 23, 2025","9:59:33 PM",2025-12-23T21:59:33-0800,"The End Of The Ocean","May Be for the Better",Pacific•atlantic,4:27,,TCAAW1129442,,,2011,,,Futurerecordings,0859705509475
"Dec 23, 2025","8:30:00 PM",2025-12-23T20:30:00-0800,"12.23.2025 - Michael G",Music,120,173567,"Jim Causey","Dec 23, 2025","9:53:38 PM",2025-12-23T21:53:38-0800,"Dreamstate Logic","First Contact",Starbound,6:51,,QZES62374545,,,2023,,,"Dreamstate Logic",0197630270443
"Dec 23, 2025","8:30:00 PM",2025-12-23T20:30:00-0800,"12.23.2025 - Michael G",Music,120,173567,"Jim Causey","Dec 23, 2025","9:47:00 PM",2025-12-23T21:47:00-0800,"The Midnight","America Online (Instrumental)","Monsters (The Instrumentals)",,,,,,,,,,
"Dec 23, 2025","8:30:00 PM",2025-12-23T20:30:00-0800,"12.23.2025 - Michael G",Music,120,173567,"Jim Causey","Dec 23, 2025","9:41:00 PM",2025-12-23T21:41:00-0800,LIGHTSPEAR,Glitch,Metro,,,,,,2019,,,,
"Dec 23, 2025","8:30:00 PM",2025-12-23T20:30:00-0800,"12.23.2025 - Michael G",Music,120,173567,"Jim Causey","Dec 23, 2025","9:34:53 PM",2025-12-23T21:34:53-0800,"David Scott Cole","Rain Shadow","How it Started",6:56,,QZES62568265,,,2025,,,"Understory Records",0199083863623
"Dec 23, 2025","8:30:00 PM",2025-12-23T20:30:00-0800,"12.23.2025 - Michael G",Music,120,173567,"Jim Causey","Dec 23, 2025","9:30:21 PM",2025-12-23T21:30:21-0800,"Blue Six","The World Unseen","""Signs & Wonders""",4:51,,US33Q1402202,,,2014,,,"Naked Music",0804223002229
"Dec 23, 2025","8:30:00 PM",2025-12-23T20:30:00-0800,"12.23.2025 - Michael G",Music,120,173567,"Jim Causey","Dec 23, 2025","9:27:00 PM",2025-12-23T21:27:00-0800,"Blue Six","Milky Way","Signs & Wonders",,,,,,,,,,
"Dec 23, 2025","8:30:00 PM",2025-12-23T20:30:00-0800,"12.23.2025 - Michael G",Music,120,173567,"Jim Causey","Dec 23, 2025","9:24:46 PM",2025-12-23T21:24:46-0800,"Acid Lab",Listen,Listen,5:00,,DEUX42502901,,,2025,,,"Defrostatica Records",8718723288224
"Dec 23, 2025","8:30:00 PM",2025-12-23T20:30:00-0800,"12.23.2025 - Michael G",Music,120,173567,"Jim Causey","Dec 23, 2025","9:17:58 PM",2025-12-23T21:17:58-0800,"If These Trees Could Talk","The Giving Tree","The Bones of a Dying World",6:03,,USMBR1611842,,,2016,,,"Metal Blade Records",0039841921823
"Dec 23, 2025","8:30:00 PM",2025-12-23T20:30:00-0800,"12.23.2025 - Michael G",Music,120,173567,"Jim Causey","Dec 23, 2025","9:14:23 PM",2025-12-23T21:14:23-0800,"Heroes Del Silencio","Malas Intenciones","The Platinum Collection",3:47,,ES5080500614,,,2006,,,"WM Spain",5099997988854
"Dec 23, 2025","8:30:00 PM",2025-12-23T20:30:00-0800,"12.23.2025 - Michael G",Music,120,173567,"Jim Causey","Dec 23, 2025","9:10:52 PM",2025-12-23T21:10:52-0800,"Moonlit Sailor","Colors In Stereo","Colors In Stereo",3:39,,US4KH1153102,,,2011,,,"Deep Elm",0601137053121
"Dec 23, 2025","8:30:00 PM",2025-12-23T20:30:00-0800,"12.23.2025 - Michael G",Music,120,173567,"Jim Causey","Dec 23, 2025","9:05:21 PM",2025-12-23T21:05:21-0800,ODESZA,"Say My Name - Hayden James Remix","Say My Name Remixes",4:28,,GBCFB1404226,,,2014,,,"Counter Records",5054429000221
"Dec 23, 2025","8:30:00 PM",2025-12-23T20:30:00-0800,"12.23.2025 - Michael G",Music,120,173567,"Jim Causey","Dec 23, 2025","9:00:46 PM",2025-12-23T21:00:46-0800,Télépopmusik,"Breathe (feat. Angela McCluskey)","Genetic World",4:42,,FR06S0100640,,,2001,,,"Universal Music Division Virgin Records Distribution Deal",602567548744
"Dec 23, 2025","8:30:00 PM",2025-12-23T20:30:00-0800,"12.23.2025 - Michael G",Music,120,173567,"Jim Causey","Dec 23, 2025","8:54:54 PM",2025-12-23T20:54:54-0800,"Elephant Stone","A Silent Moment","Elephant Stone",5:16,,CAA171230069,,,2013,,,"Hidden Pony",0060270202054
"Dec 23, 2025","8:30:00 PM",2025-12-23T20:30:00-0800,"12.23.2025 - Michael G",Music,120,173567,"Jim Causey","Dec 23, 2025","8:48:34 PM",2025-12-23T20:48:34-0800,"Beats Antique",Ouroboros,Ouroboros,5:41,,TCAFD2058888,,,2020,,,"Beats Antique Records",0859742555534
"Dec 23, 2025","8:30:00 PM",2025-12-23T20:30:00-0800,"12.23.2025 - Michael G",Music,120,173567,"Jim Causey","Dec 23, 2025","8:42:11 PM",2025-12-23T20:42:11-0800,"Desert Dwellers","Dreams Within a Dream (Symbolico Remix)","Dreams Within a Dream (Symbolico Remix)",6:45,,QZADU2519901,,,2025,,,"Desert Trax",0717147085608
"Dec 23, 2025","8:30:00 PM",2025-12-23T20:30:00-0800,"12.23.2025 - Michael G",Music,120,173567,"Jim Causey","Dec 23, 2025","8:37:20 PM",2025-12-23T20:37:20-0800,"Thievery Corporation","Holographic Universe","The Cosmic Game",3:42,,USESL0508111,,,2005,,,"Thievery Corporation",792755854754
"Dec 23, 2025","8:30:00 PM",2025-12-23T20:30:00-0800,"12.23.2025 - Michael G",Music,120,173567,"Jim Causey","Dec 23, 2025","8:31:03 PM",2025-12-23T20:31:03-0800,"Afro Celt Sound System","Rise Above",Pod,6:17,,GBCPA0300727,,,2012,,,"Real World Records",0884108011522
"Dec 16, 2025","8:30:00 PM",2025-12-16T20:30:00-0800,"12.16.2025 - Jim Causey",Music,120,173567,"Jim Causey","Dec 16, 2025","10:22:13 PM",2025-12-16T22:22:13-0800,IKSRE,"August - Ocean Moon Group Remix",Transmission,6:25,,GBHLW2003900,,,2020,,,"Hush Hush",5056321616340
"Dec 16, 2025","8:30:00 PM",2025-12-16T20:30:00-0800,"12.16.2025 - Jim Causey",Music,120,173567,"Jim Causey","Dec 16, 2025","9:59:39 PM",2025-12-16T21:59:39-0800,"Wil Bolton","Yellow Morning","Sodermalm In Autumn",9:30,,QZHN72358454,,,2023,,,"Home Normal",0197727155080
"Dec 16, 2025","8:30:00 PM",2025-12-16T20:30:00-0800,"12.16.2025 - Jim Causey",Music,120,173567,"Jim Causey","Dec 16, 2025","9:48:37 PM",2025-12-16T21:48:37-0800,"John Supko","Divine the Rest",Dreamfall,10:58,,US7MN1500595,,,2015,,,"New Amsterdam",0888295243384
"Dec 16, 2025","8:30:00 PM",2025-12-16T20:30:00-0800,"12.16.2025 - Jim Causey",Music,120,173567,"Jim Causey","Dec 16, 2025","9:39:54 PM",2025-12-16T21:39:54-0800,"Max Richter","Shadow Journal","The Blue Notebooks (15 Years)",8:22,,GBDCA0300281,,,2025,,,"Deutsche Grammophon (DG)",
"Dec 16, 2025","8:30:00 PM",2025-12-16T20:30:00-0800,"12.16.2025 - Jim Causey",Music,120,173567,"Jim Causey","Dec 16, 2025","9:29:17 PM",2025-12-16T21:29:17-0800,Panabrite,Equinox,Illumination,3:56,,UK9PK1305002,,,2012,,,"Under The Spire",5051142094650
"Dec 16, 2025","8:30:00 PM",2025-12-16T20:30:00-0800,"12.16.2025 - Jim Causey",Music,120,173567,"Jim Causey","Dec 16, 2025","8:54:47 PM",2025-12-16T20:54:47-0800,"Craig Padilla","The Momentum of Intention","To Sleep On Stellar Winds",9:08,,USSP52491012,,,2024,,,"Spotted Peccary",0600028910826
"Dec 16, 2025","8:30:00 PM",2025-12-16T20:30:00-0800,"12.16.2025 - Jim Causey",Music,120,173567,"Jim Causey","Dec 16, 2025","8:41:23 PM",2025-12-16T20:41:23-0800,"Kristen Roos",Feight,"Universal Synthesizer Interface VOL III",6:28,,CA0WS2419301,,,2024,,,"We Are Busy Bodies",0634457193833
"Dec 9, 2025","8:30:00 PM",2025-12-09T20:30:00-0800,"12.09.2025 - Michael G",Music,120,173567,"Jim Causey","Dec 9, 2025","10:28:37 PM",2025-12-09T22:28:37-0800,Kylmyys,Pollyanna,Dusk,4:53,,QM2PV1738353,,,2017,,,"Kylmyys Kollective",0840094871854
"Dec 9, 2025","8:30:00 PM",2025-12-09T20:30:00-0800,"12.09.2025 - Michael G",Music,120,173567,"Jim Causey","Dec 9, 2025","10:24:21 PM",2025-12-09T22:24:21-0800,Softcult,"Frances Farmer Will Have Her Revenge On Seattle","Frances Farmer Will Have Her Revenge On Seattle",4:20,,UKMD42100095,,,2022,,,"Easy Life Records",0196626922335
"Dec 9, 2025","8:30:00 PM",2025-12-09T20:30:00-0800,"12.09.2025 - Michael G",Music,120,173567,"Jim Causey","Dec 9, 2025","10:19:16 PM",2025-12-09T22:19:16-0800,Fotoform,"If You Knew / Don't You Worry, Baby","If You Knew / Don't You Worry, Baby",5:15,,QZES52500600,,,2025,,,"Dismal Nitch",0199084775796
"Dec 9, 2025","8:30:00 PM",2025-12-09T20:30:00-0800,"12.09.2025 - Michael G",Music,120,173567,"Jim Causey","Dec 9, 2025","10:14:48 PM",2025-12-09T22:14:48-0800,Progeny,"Lost in a Trip",Manjira,3:29,,TCAET2008939,,,2020,,,"300 Club Records",0859738257572
"Dec 9, 2025","8:30:00 PM",2025-12-09T20:30:00-0800,"12.09.2025 - Michael G",Music,120,173567,"Jim Causey","Dec 9, 2025","10:10:06 PM",2025-12-09T22:10:06-0800,Sirendia,"Your Own Star","Hear My Call",4:48,,USHM92577487,,,2025,,,"Savvytone Records",0199800149382
"Dec 9, 2025","8:30:00 PM",2025-12-09T20:30:00-0800,"12.09.2025 - Michael G",Music,120,173567,"Jim Causey","Dec 9, 2025","10:03:25 PM",2025-12-09T22:03:25-0800,Bluetech,"Biomimetic Robotics","Octopod Metropolis",6:53,,QZTAX2268537,,,2022,,,DISTROKID,0197271189982
"Dec 9, 2025","8:30:00 PM",2025-12-09T20:30:00-0800,"12.09.2025 - Michael G",Music,120,173567,"Jim Causey","Dec 9, 2025","10:00:45 PM",2025-12-09T22:00:45-0800,"The Crystals","Santa Claus Is Coming to Town","Hjerternes fest 2020",3:24,,USA176330040,,,2010,,,"UMOD (Universal Music On Demand)",00044006651125
"Dec 9, 2025","8:30:00 PM",2025-12-09T20:30:00-0800,"12.09.2025 - Michael G",Music,120,173567,"Jim Causey","Dec 9, 2025","9:57:26 PM",2025-12-09T21:57:26-0800,"I Will Keep Your Ghost","Distance - Sphyramid Remix",Versions,4:56,,QZFYY1908160,,,2019,,,unsigned,0194526994612
"Dec 9, 2025","8:30:00 PM",2025-12-09T20:30:00-0800,"12.09.2025 - Michael G",Music,120,173567,"Jim Causey","Dec 9, 2025","9:51:11 PM",2025-12-09T21:51:11-0800,"Samuel Joseph Kim","Hearing Things",Bloom,5:35,,QZMER2560922,,,2025,,,"Strangers and Angels",0199335521646
"Dec 9, 2025","8:30:00 PM",2025-12-09T20:30:00-0800,"12.09.2025 - Michael G",Music,120,173567,"Jim Causey","Dec 9, 2025","9:45:40 PM",2025-12-09T21:45:40-0800,"The Twilight Sad","I/m Not Here [missing face]","IT WON/T BE LIKE THIS ALL THE TIME",5:38,,GBGDZ1800029,,,2018,,,"Rock Action Records",0634457912731
"Dec 9, 2025","8:30:00 PM",2025-12-09T20:30:00-0800,"12.09.2025 - Michael G",Music,120,173567,"Jim Causey","Dec 9, 2025","9:41:00 PM",2025-12-09T21:41:00-0800,"Psychic Ills","Take Me With You","Zoned (Split single with Moon Duo)",,,,,,2012,,,,
"Dec 9, 2025","8:30:00 PM",2025-12-09T20:30:00-0800,"12.09.2025 - Michael G",Music,120,173567,"Jim Causey","Dec 9, 2025","9:36:43 PM",2025-12-09T21:36:43-0800,Vervex,De-crime,Olympic,3:25,,QT4K32582987,,,2025,,,"Washingtones Records",0692788617640
"Dec 9, 2025","8:30:00 PM",2025-12-09T20:30:00-0800,"12.09.2025 - Michael G",Music,120,173567,"Jim Causey","Dec 9, 2025","9:33:26 PM",2025-12-09T21:33:26-0800,"Fontaines D.C.",Sundowner,Romance,3:25,,GBBKS2400085,,,2024,,,"XL Recordings",5059638443630
"Dec 9, 2025","8:30:00 PM",2025-12-09T20:30:00-0800,"12.09.2025 - Michael G",Music,120,173567,"Jim Causey","Dec 9, 2025","9:28:00 PM",2025-12-09T21:28:00-0800,"Market Research Music",Napwalker,"Napwalker Mix",,,,,,,,,,
"Dec 9, 2025","8:30:00 PM",2025-12-09T20:30:00-0800,"12.09.2025 - Michael G",Music,120,173567,"Jim Causey","Dec 9, 2025","9:24:01 PM",2025-12-09T21:24:01-0800,echodrone,"Cold Snap","Bon Voyage",5:23,,TCABH1219946,,,2012,,,"Isomer Recordings",0859708455212
"Dec 9, 2025","8:30:00 PM",2025-12-09T20:30:00-0800,"12.09.2025 - Michael G",Music,120,173567,"Jim Causey","Dec 9, 2025","9:19:56 PM",2025-12-09T21:19:56-0800,"The frozen Autumn","Don't Cry for Me (Version)","Fragments of Memories",4:10,,USA561238630,,,2012,,,"Calembour Records",0887396206632
"Dec 9, 2025","8:30:00 PM",2025-12-09T20:30:00-0800,"12.09.2025 - Michael G",Music,120,173567,"Jim Causey","Dec 9, 2025","9:13:00 PM",2025-12-09T21:13:00-0800,Hexagonopus,Green,"Time Was Leaves Were",,,,,,,,,,
"Dec 9, 2025","8:30:00 PM",2025-12-09T20:30:00-0800,"12.09.2025 - Michael G",Music,120,173567,"Jim Causey","Dec 9, 2025","9:07:20 PM",2025-12-09T21:07:20-0800,"Laurent Garnier","Controlling the House pt2","The Cloud Making Machine",6:39,,FRV220400080,,,2005,,,"F Communications",5413356682076
"Dec 9, 2025","8:30:00 PM",2025-12-09T20:30:00-0800,"12.09.2025 - Michael G",Music,120,173567,"Jim Causey","Dec 9, 2025","9:04:26 PM",2025-12-09T21:04:26-0800,"Magdalena Bay","The Beginning","Mercurial World",4:01,,QM6N22162305,,,2021,,,"Luminelle Recordings",0196006633820
"Dec 9, 2025","8:30:00 PM",2025-12-09T20:30:00-0800,"12.09.2025 - Michael G",Music,120,173567,"Jim Causey","Dec 9, 2025","9:01:49 PM",2025-12-09T21:01:49-0800,"The Ronettes","Sleigh Ride","Christmas Party",3:06,,USA176330050,,,1900,,,London-Sire,0093624989523
"Dec 9, 2025","8:30:00 PM",2025-12-09T20:30:00-0800,"12.09.2025 - Michael G",Music,120,173567,"Jim Causey","Dec 9, 2025","8:58:40 PM",2025-12-09T20:58:40-0800,"Jeremy Bowen","Oceans (Remastered 2025)","Nothing to Say",3:20,,QZWV32573631,,,2025,,,seven/eight,0199502412258
"Dec 9, 2025","8:30:00 PM",2025-12-09T20:30:00-0800,"12.09.2025 - Michael G",Music,120,173567,"Jim Causey","Dec 9, 2025","8:55:09 PM",2025-12-09T20:55:09-0800,"Power Strip","You're A Delight","Nothing Yet",2:01,,QZWFL2327848,,,2023,,,"Toast-Op Records",0019807758403
"Dec 9, 2025","8:30:00 PM",2025-12-09T20:30:00-0800,"12.09.2025 - Michael G",Music,120,173567,"Jim Causey","Dec 9, 2025","8:51:33 PM",2025-12-09T20:51:33-0800,"Ben von Wildenhaus","Mice Helium","Moon Rover - Von Universe 2",3:37,,QMEQK2300903,,,2023,,,"GLOBOS RECORD",7316219056435
"Dec 9, 2025","8:30:00 PM",2025-12-09T20:30:00-0800,"12.09.2025 - Michael G",Music,120,173567,"Jim Causey","Dec 9, 2025","8:46:00 PM",2025-12-09T20:46:00-0800,"Mt Fog","Look Inside","Look Inside - Single",3:39,,QT6EY2593038,,L,2025,,"Early single from the album ""Every Stone is Green"" to be released in March of 2026.","Save the Forest for the Trees",199953146924
"Dec 9, 2025","8:30:00 PM",2025-12-09T20:30:00-0800,"12.09.2025 - Michael G",Music,120,173567,"Jim Causey","Dec 9, 2025","8:41:44 PM",2025-12-09T20:41:44-0800,"Houses of Heaven","Strange Temptation","Strange Temptation",4:43,,QMGEB2410201,,,2024,,,felte,0617308074482
"Dec 9, 2025","8:30:00 PM",2025-12-09T20:30:00-0800,"12.09.2025 - Michael G",Music,120,173567,"Jim Causey","Dec 9, 2025","8:36:31 PM",2025-12-09T20:36:31-0800,"Select Level",Gov,"Select Level",5:22,,USLZJ1920476,,,2019,,,"Select Level",0193872355740
"Dec 9, 2025","8:30:00 PM",2025-12-09T20:30:00-0800,"12.09.2025 - Michael G",Music,120,173567,"Jim Causey","Dec 9, 2025","8:33:00 PM",2025-12-09T20:33:00-0800,"Depeche Mode",Stripped,"Black Celebration",,,,,,,,,,
"Dec 9, 2025","8:30:00 PM",2025-12-09T20:30:00-0800,"12.09.2025 - Michael G",Music,120,173567,"Jim Causey","Dec 9, 2025","8:32:45 PM",2025-12-09T20:32:45-0800,SickTanicK,"Stripped (Leah Sublime)","Oculus Omnia",4:01,,USHM21781561,,,2017,,,"Serial Killin Records",0191924105893
"Dec 2, 2025","8:30:00 PM",2025-12-02T20:30:00-0800,"Convergence Zone",Music,120,174269,"Jim Causey","Dec 2, 2025","10:22:49 PM",2025-12-02T22:22:49-0800,"Brendan Pollard","Regulo 75 (excerpt)",Threads,9:56,,,,,2025,,,,
"Dec 2, 2025","8:30:00 PM",2025-12-02T20:30:00-0800,"Convergence Zone",Music,120,174269,"Jim Causey","Dec 2, 2025","10:11:31 PM",2025-12-02T22:11:31-0800,"Steve Roach","The Sky Opens - Live 2019","The Sky Opens (Live 2019)",11:54,,USHK92037004,,,2020,,,Projekt,0617026037028
"Dec 2, 2025","8:30:00 PM",2025-12-02T20:30:00-0800,"Convergence Zone",Music,120,174269,"Jim Causey","Dec 2, 2025","10:00:04 PM",2025-12-02T22:00:04-0800,"Steve Roach","The Mystic Within - Live 2019","The Sky Opens (Live 2019)",11:27,,USHK92037003,,,2020,,,Projekt,0617026037028
"Dec 2, 2025","8:30:00 PM",2025-12-02T20:30:00-0800,"Convergence Zone",Music,120,174269,"Jim Causey","Dec 2, 2025","9:49:00 PM",2025-12-02T21:49:00-0800,"Paul Ellis & Pabellón Sintético","First light of the last day","Veiled Portraits",8:59,,GXBDS2431416,,,2024,,,"Cyclical Dreams",5063585412649
"Dec 2, 2025","8:30:00 PM",2025-12-02T20:30:00-0800,"Convergence Zone",Music,120,174269,"Jim Causey","Dec 2, 2025","9:44:28 PM",2025-12-02T21:44:28-0800,"Suzanne Ciani & Jonathan Fitoussi","Coral Reef","Golden Apples of the Sun",4:46,,QM6P42360650,,,2023,,,"Obliques / Atmospheric",3760179357547
"Dec 2, 2025","8:30:00 PM",2025-12-02T20:30:00-0800,"Convergence Zone",Music,120,174269,"Jim Causey","Dec 2, 2025","9:40:03 PM",2025-12-02T21:40:03-0800,Lusine,"Zero to Sixty","Zero to Sixty",4:48,,US2J72302702,,,2023,,,"Ghostly International",0617308053401
"Dec 2, 2025","8:30:00 PM",2025-12-02T20:30:00-0800,"Convergence Zone",Music,120,174269,"Jim Causey","Dec 2, 2025","9:37:51 PM",2025-12-02T21:37:51-0800,"Noé Solange","I Know","I Know",2:20,,GBEWA2504180,,,2025,,,Anjunachill,
"Dec 2, 2025","8:30:00 PM",2025-12-02T20:30:00-0800,"Convergence Zone",Music,120,174269,"Jim Causey","Dec 2, 2025","9:31:31 PM",2025-12-02T21:31:31-0800,"Miki Berenyi Trio","Doldrum Days","Doldrum Days",6:24,,GBBRP2501538,,,2025,,,"Bella Union",3618020137438
"Dec 2, 2025","8:30:00 PM",2025-12-02T20:30:00-0800,"Convergence Zone",Music,120,174269,"Jim Causey","Dec 2, 2025","9:27:31 PM",2025-12-02T21:27:31-0800,Meltt,"In Your Arms","In Your Arms",4:03,,CAN112502320,,L,2025,,,"Nettwerk Music Group",0067004134667
"Dec 2, 2025","8:30:00 PM",2025-12-02T20:30:00-0800,"Convergence Zone",Music,120,174269,"Jim Causey","Dec 2, 2025","9:22:10 PM",2025-12-02T21:22:10-0800,Bluhm,"Slow Rewind","Mostly Forever",4:15,,QT6EX2520592,,,2025,,,"Bluhm Music",0199954201233
"Dec 2, 2025","8:30:00 PM",2025-12-02T20:30:00-0800,"Convergence Zone",Music,120,174269,"Jim Causey","Dec 2, 2025","9:16:04 PM",2025-12-02T21:16:04-0800,"Select Level",NVR,"Select Level",6:19,,USLZJ1920474,,,2019,,,"Select Level",0193872355740
"Dec 2, 2025","8:30:00 PM",2025-12-02T20:30:00-0800,"Convergence Zone",Music,120,174269,"Jim Causey","Dec 2, 2025","9:11:46 PM",2025-12-02T21:11:46-0800,"Christine and the Queens","People, I've been sad","La vita nuova",4:20,,FR6P11901360,,,2020,,,"Because Music",05060686508035
"Dec 2, 2025","8:30:00 PM",2025-12-02T20:30:00-0800,"Convergence Zone",Music,120,174269,"Jim Causey","Dec 2, 2025","9:08:37 PM",2025-12-02T21:08:37-0800,"Nouvelle Vague ft. Mélanie Pain","This Charming Man","Should I Stay or Should I Go?",3:17,,FR13Z2300058,,,2024,,,[PIAS],5400863149673
"Dec 2, 2025","8:30:00 PM",2025-12-02T20:30:00-0800,"Convergence Zone",Music,120,174269,"Jim Causey","Dec 2, 2025","9:04:18 PM",2025-12-02T21:04:18-0800,"Ben von Wildenhaus",Spishal,"Ketamine - Von Universe 5",4:18,,QMEQK2301103,,L,2023,,"Performing at The Sunset Tavern in Seattle on Thursday, December 11","GLOBOS RECORD",7316219909076
"Dec 2, 2025","8:30:00 PM",2025-12-02T20:30:00-0800,"Convergence Zone",Music,120,174269,"Jim Causey","Dec 2, 2025","9:00:32 PM",2025-12-02T21:00:32-0800,"Hello Meteor","Fluorescent Weight","Cordial Bizarre",4:01,,QT6EW2525788,,L,2025,,,DISTROKID,0199954419928
"Dec 2, 2025","8:30:00 PM",2025-12-02T20:30:00-0800,"Convergence Zone",Music,120,174269,"Jim Causey","Dec 2, 2025","8:56:45 PM",2025-12-02T20:56:45-0800,Hooverphonic,"Club Montepulciano","Blue Wonder Power Milk",3:40,,BEU019801027,,,2016,,,SME,0886446121208
"Dec 2, 2025","8:30:00 PM",2025-12-02T20:30:00-0800,"Convergence Zone",Music,120,174269,"Jim Causey","Dec 2, 2025","8:53:05 PM",2025-12-02T20:53:05-0800,"Natalie Prass","Short Court Style","Short Court Style",3:43,,USATO1800040,,,2018,,,"ATO Digital/VMG",
"Dec 2, 2025","8:30:00 PM",2025-12-02T20:30:00-0800,"Convergence Zone",Music,120,174269,"Jim Causey","Dec 2, 2025","8:48:40 PM",2025-12-02T20:48:40-0800,"Midnight High",Avenue,Avenue,4:28,,QZDA42363979,,L,2023,,,DISTROKID,0197547345395
"Dec 2, 2025","8:30:00 PM",2025-12-02T20:30:00-0800,"Convergence Zone",Music,120,174269,"Jim Causey","Dec 2, 2025","8:42:54 PM",2025-12-02T20:42:54-0800,"Melody's Echo Chamber","Eyes Closed","Eyes Closed",2:57,,GBCEL2500403,,,2025,,,"Domino Recording Co",0887828054169
"Dec 2, 2025","8:30:00 PM",2025-12-02T20:30:00-0800,"Convergence Zone",Music,120,174269,"Jim Causey","Dec 2, 2025","8:39:14 PM",2025-12-02T20:39:14-0800,"Altın Gün","Rakiya Su Katamam",Aşk,3:40,,DETP62200176,,,2023,,,"ATO Records LLC",880882565053
"Dec 2, 2025","8:30:00 PM",2025-12-02T20:30:00-0800,"Convergence Zone",Music,120,174269,"Jim Causey","Dec 2, 2025","8:35:00 PM",2025-12-02T20:35:00-0800,"Sea Lemon","Crystals (feat. Benjamin Gibbard)","Crystals (feat. Benjamin Gibbard)",4:29,,QM7282493534,,L,2024,,,"Luminelle Recordings",0198588906408
"Dec 2, 2025","8:30:00 PM",2025-12-02T20:30:00-0800,"Convergence Zone",Music,120,174269,"Jim Causey","Dec 2, 2025","8:31:04 PM",2025-12-02T20:31:04-0800,"Fleet Foxes ft. The Resistance Revival Chorus","Can I Believe You - Solstice Version","A Very Lonely Solstice",3:59,,USEP42107015,,L,2021,," featuring the Resistance Revival Chorus, a collective of women and nonbinary singers",Anti/Epitaph,0045778790265
"Nov 25, 2025","8:30:00 PM",2025-11-25T20:30:00-0800,"11.25.2025 - Michael G",Music,120,173567,"Jim Causey","Nov 25, 2025","10:21:05 PM",2025-11-25T22:21:05-0800,"Steve Roach",Trancemigration,Landmass,7:53,,USHK91602005,,,2008,,,"Timeroom Editions",0617026302027
"Nov 25, 2025","8:30:00 PM",2025-11-25T20:30:00-0800,"11.25.2025 - Michael G",Music,120,173567,"Jim Causey","Nov 25, 2025","10:16:44 PM",2025-11-25T22:16:44-0800,Akusmi,"Divine Moments of Truth","Fleeting Future",4:19,,GX4FT2201003,,,2022,,,"Tonal Union",3616845262458
"Nov 25, 2025","8:30:00 PM",2025-11-25T20:30:00-0800,"11.25.2025 - Michael G",Music,120,173567,"Jim Causey","Nov 25, 2025","10:10:00 PM",2025-11-25T22:10:00-0800,"Soft Mirage",Obsidian,"Ionian Dream",,,,,,,,,"Kinnta (Montreal based label)",
"Nov 25, 2025","8:30:00 PM",2025-11-25T20:30:00-0800,"11.25.2025 - Michael G",Music,120,173567,"Jim Causey","Nov 25, 2025","10:05:00 PM",2025-11-25T22:05:00-0800,"AV Flowers","We Had Such High Hopes For You","Blood Pressures",,,,,,,,,"Self Released",
"Nov 25, 2025","8:30:00 PM",2025-11-25T20:30:00-0800,"11.25.2025 - Michael G",Music,120,173567,"Jim Causey","Nov 25, 2025","9:59:27 PM",2025-11-25T21:59:27-0800,Tor,"Foxglove - PALLADIAN Remix","Oasis Sky (Remixes)",6:12,,USA2P2200532,,,2022,,,"Tor Music",0192641917738
"Nov 25, 2025","8:30:00 PM",2025-11-25T20:30:00-0800,"11.25.2025 - Michael G",Music,120,173567,"Jim Causey","Nov 25, 2025","9:56:41 PM",2025-11-25T21:56:41-0800,"The Crystals","Santa Claus Is Coming to Town","Hjerternes fest 2020",3:24,,USA176330040,,,2010,,,"UMOD (Universal Music On Demand)",00044006651125
"Nov 25, 2025","8:30:00 PM",2025-11-25T20:30:00-0800,"11.25.2025 - Michael G",Music,120,173567,"Jim Causey","Nov 25, 2025","9:54:00 PM",2025-11-25T21:54:00-0800,ramp,"The Deep Well","caverna larvarum",,,,,,,,,"Doombient Music",
"Nov 25, 2025","8:30:00 PM",2025-11-25T20:30:00-0800,"11.25.2025 - Michael G",Music,120,173567,"Jim Causey","Nov 25, 2025","9:49:44 PM",2025-11-25T21:49:44-0800,"Manatee Commune","Amaat One","Amaat One",5:36,,USGC62000978,,,2021,,,"Bastard Jazz Recordings",0708630009010
"Nov 25, 2025","8:30:00 PM",2025-11-25T20:30:00-0800,"11.25.2025 - Michael G",Music,120,173567,"Jim Causey","Nov 25, 2025","9:44:59 PM",2025-11-25T21:44:59-0800,Ausklang,Kairos,Kairos,4:52,,DEYX82211937,,,2024,,,MusicHub,4064946379206
"Nov 25, 2025","8:30:00 PM",2025-11-25T20:30:00-0800,"11.25.2025 - Michael G",Music,120,173567,"Jim Causey","Nov 25, 2025","9:39:00 PM",2025-11-25T21:39:00-0800,Afrocop,Mermaids,Moondust,,,,,,,,,"Self Released",
"Nov 25, 2025","8:30:00 PM",2025-11-25T20:30:00-0800,"11.25.2025 - Michael G",Music,120,173567,"Jim Causey","Nov 25, 2025","9:33:03 PM",2025-11-25T21:33:03-0800,"Maire Brennan","Rinne Tu","Whisper To The Wild Water",5:02,,GBBBY0300075,,,2000,,,"UMC (Universal Music Catalogue)",00601215756029
"Nov 25, 2025","8:30:00 PM",2025-11-25T20:30:00-0800,"11.25.2025 - Michael G",Music,120,173567,"Jim Causey","Nov 25, 2025","9:28:52 PM",2025-11-25T21:28:52-0800,"October Project","A Lonely Voice","October Project",4:20,,USSM10024931,,,1993,,,SME,0888880597441
"Nov 25, 2025","8:30:00 PM",2025-11-25T20:30:00-0800,"11.25.2025 - Michael G",Music,120,173567,"Jim Causey","Nov 25, 2025","9:23:08 PM",2025-11-25T21:23:08-0800,Leftfield,"Storm 3000","Rhythm and Stealth",5:44,,GBARL1700455,,,1999,,,"Hard Hands/Columbia",5099748852724
"Nov 25, 2025","8:30:00 PM",2025-11-25T20:30:00-0800,"11.25.2025 - Michael G",Music,120,173567,"Jim Causey","Nov 25, 2025","9:18:07 PM",2025-11-25T21:18:07-0800,"Soft Machine","Kings And Queens - Remastered 2006",Fourth,5:00,,GBBBN7102014,,,1993,,,SME,5099747300325
"Nov 25, 2025","8:30:00 PM",2025-11-25T20:30:00-0800,"11.25.2025 - Michael G",Music,120,173567,"Jim Causey","Nov 25, 2025","9:14:32 PM",2025-11-25T21:14:32-0800,BALTHVS,"Turkish Coffee","Cause & Effect",3:38,,SE6XY2170403,,,2021,,,"Cubensis Records",7316213813720
"Nov 25, 2025","8:30:00 PM",2025-11-25T20:30:00-0800,"11.25.2025 - Michael G",Music,120,173567,"Jim Causey","Nov 25, 2025","9:10:17 PM",2025-11-25T21:10:17-0800,"The Mermen","Walking The Peach","The Amazing California Health And Happiness Road Show",4:20,,USA2P0823125,,,2000,,,"Mesa BlueMoon Recordings",0644949110125
"Nov 25, 2025","8:30:00 PM",2025-11-25T20:30:00-0800,"11.25.2025 - Michael G",Music,120,173567,"Jim Causey","Nov 25, 2025","9:03:56 PM",2025-11-25T21:03:56-0800,"Black Swan Lane","Throwing Stones","Hide in View",5:16,,USC792100012,,,2021,,,"Black Swan Lane",0195269126223
"Nov 25, 2025","8:30:00 PM",2025-11-25T20:30:00-0800,"11.25.2025 - Michael G",Music,120,173567,"Jim Causey","Nov 25, 2025","8:59:52 PM",2025-11-25T20:59:52-0800,"Peter Murphy","Crystal Wrists",Deep,4:09,,GBAZP8900101,,,1989,,,"Beggars Banquet",5059638117371
"Nov 25, 2025","8:30:00 PM",2025-11-25T20:30:00-0800,"11.25.2025 - Michael G",Music,120,173567,"Jim Causey","Nov 25, 2025","8:52:48 PM",2025-11-25T20:52:48-0800,"Basin & Range","Les Pigeons","Is My Sound Working?",5:55,,USCGJ1221400,,,2012,,,"Bcd Records",0884501690362
"Nov 25, 2025","8:30:00 PM",2025-11-25T20:30:00-0800,"11.25.2025 - Michael G",Music,120,173567,"Jim Causey","Nov 25, 2025","8:48:56 PM",2025-11-25T20:48:56-0800,"Small Skies",Movement,"A Million Mirrors",4:42,,usl4q2017056,,,2020,,,,
"Nov 25, 2025","8:30:00 PM",2025-11-25T20:30:00-0800,"11.25.2025 - Michael G",Music,120,173567,"Jim Causey","Nov 25, 2025","8:44:36 PM",2025-11-25T20:44:36-0800,"Nation of Language","Whatever You Want","A Way Forward",4:53,,USLZJ2193705,,,2021,,,"Nation Of Language",0193872163796
"Nov 25, 2025","8:30:00 PM",2025-11-25T20:30:00-0800,"11.25.2025 - Michael G",Music,120,173567,"Jim Causey","Nov 25, 2025","8:40:53 PM",2025-11-25T20:40:53-0800,Meltt,"Do You Ever Wonder?","Do You Ever Wonder?",3:51,,CAN112300521,,,2023,,,"Nettwerk Music Group",0067003478267
"Nov 25, 2025","8:30:00 PM",2025-11-25T20:30:00-0800,"11.25.2025 - Michael G",Music,120,173567,"Jim Causey","Nov 25, 2025","8:36:00 PM",2025-11-25T20:36:00-0800,Cannons,"Come Alive","Fever Dream",,,,,,2023,,,Columbia,
"Nov 25, 2025","8:30:00 PM",2025-11-25T20:30:00-0800,"11.25.2025 - Michael G",Music,120,173567,"Jim Causey","Nov 25, 2025","8:32:33 PM",2025-11-25T20:32:33-0800,"Chris Lake","Ease My Mind (Extended Mix)","Ease My Mind (Extended Mix)",6:25,,GXFCP2500021,,,2025,,,"Black Book Records",8721253929963
"Nov 25, 2025","8:30:00 PM",2025-11-25T20:30:00-0800,"11.25.2025 - Michael G",Music,120,173567,"Jim Causey","Nov 25, 2025","8:31:00 PM",2025-11-25T20:31:00-0800,"The Cheebacabra","A Casual Encounter (Gramaphone Children Remix)","A Casual Encounter (EP)",,,,,,,,,"Self Released",
"Nov 18, 2025","8:30:00 PM",2025-11-18T20:30:00-0800,"Convergence Zone",Music,120,174269,"Jim Causey","Nov 18, 2025","10:13:55 PM",2025-11-18T22:13:55-0800,St∆er,Manifold,Equilibrium,16:00,,QMAAK2237223,,,2023,,,"1240188 Records DK",197629995289
"Nov 18, 2025","8:30:00 PM",2025-11-18T20:30:00-0800,"Convergence Zone",Music,120,174269,"Jim Causey","Nov 18, 2025","10:09:57 PM",2025-11-18T22:09:57-0800,Talkdemonic,"Thanksgiving '23","Very Cool Yesterday",4:08,,usl4q2500576,,,2025,,,"Bathysphere Records",
"Nov 18, 2025","8:30:00 PM",2025-11-18T20:30:00-0800,"Convergence Zone",Music,120,174269,"Jim Causey","Nov 18, 2025","10:04:16 PM",2025-11-18T22:04:16-0800,"Mount Maxwell","The Missing Day","Birds of Paradise",6:03,,,,L,2025,,,"Hotham Sound",
"Nov 18, 2025","8:30:00 PM",2025-11-18T20:30:00-0800,"Convergence Zone",Music,120,174269,"Jim Causey","Nov 18, 2025","10:02:39 PM",2025-11-18T22:02:39-0800,"Patricia Wolf","Krummi’s Theme",Hrafnamynd,1:20,,DEG932502541,,L,2025,,,Balmat,4062548117707
"Nov 18, 2025","8:30:00 PM",2025-11-18T20:30:00-0800,"Convergence Zone",Music,120,174269,"Jim Causey","Nov 18, 2025","9:56:08 PM",2025-11-18T21:56:08-0800,Vangelis,"Blush Response","Blade Runner (Music From The Original Soundtrack)",5:47,,GBAHS0104433,,,2002,,,"East West Records UK Ltd",0745099657420
"Nov 18, 2025","8:30:00 PM",2025-11-18T20:30:00-0800,"Convergence Zone",Music,120,174269,"Jim Causey","Nov 18, 2025","9:51:22 PM",2025-11-18T21:51:22-0800,"Hans Zimmer","Herald of the Change","Dune (Original Motion Picture Soundtrack)",5:01,,USNLR2101179,,,2021,,,"WaterTower Music",0794043205743
"Nov 18, 2025","8:30:00 PM",2025-11-18T20:30:00-0800,"Convergence Zone",Music,120,174269,"Jim Causey","Nov 18, 2025","9:48:42 PM",2025-11-18T21:48:42-0800,Lusine,Rafters,"Long Light",2:59,,US2J72302710,,L,2023,,,"Ghostly International",0804297842707
"Nov 18, 2025","8:30:00 PM",2025-11-18T20:30:00-0800,"Convergence Zone",Music,120,174269,"Jim Causey","Nov 18, 2025","9:43:37 PM",2025-11-18T21:43:37-0800,uh,humanus,humanus,5:03,,UK4UM2200081,,,2023,,,"PRAH Recordings",5060918152197
"Nov 18, 2025","8:30:00 PM",2025-11-18T20:30:00-0800,"Convergence Zone",Music,120,174269,"Jim Causey","Nov 18, 2025","9:37:30 PM",2025-11-18T21:37:30-0800,"Select Level",NVR,"Select Level",6:19,,USLZJ1920474,,L,2019,,,"Select Level",0193872355740
"Nov 18, 2025","8:30:00 PM",2025-11-18T20:30:00-0800,"Convergence Zone",Music,120,174269,"Jim Causey","Nov 18, 2025","9:34:00 PM",2025-11-18T21:34:00-0800,"Keep Shelly In Athens",Remember,Remember,3:24,,QT65X2593751,,,2025,,,"Keep Shelly in Athens",0859718043133
"Nov 18, 2025","8:30:00 PM",2025-11-18T20:30:00-0800,"Convergence Zone",Music,120,174269,"Jim Causey","Nov 18, 2025","9:28:43 PM",2025-11-18T21:28:43-0800,"Talk Talk","It's My Life (Remastered 1997)","It's My Life (Remastered 1997)",3:52,,GBAYE9700491,,,1984,,,"Parlophone UK",724385679759
"Nov 18, 2025","8:30:00 PM",2025-11-18T20:30:00-0800,"Convergence Zone",Music,120,174269,"Jim Causey","Nov 18, 2025","9:26:00 PM",2025-11-18T21:26:00-0800,"The Smiths","Girl Afraid","Hatful of Hollow",2:46,,GBCRL1300379,,,1984,,,Rhino,825646335886
"Nov 18, 2025","8:30:00 PM",2025-11-18T20:30:00-0800,"Convergence Zone",Music,120,174269,"Jim Causey","Nov 18, 2025","9:22:05 PM",2025-11-18T21:22:05-0800,"The The ft. Neneh Cherry","Slow Train To Dawn",Infected,4:14,,GBBBM0102162,,,1987,,,SME,0074644047127
"Nov 18, 2025","8:30:00 PM",2025-11-18T20:30:00-0800,"Convergence Zone",Music,120,174269,"Jim Causey","Nov 18, 2025","9:18:09 PM",2025-11-18T21:18:09-0800,"Mt Fog","It's Mycelial","ultraviolet heart machine",3:51,,QZNWV2488001,,L,2024,,"Mt Fog will perform in Seattle at Sunset Tavern on Thursday, December 11","Save the Forest for the Trees",0198674079535
"Nov 18, 2025","8:30:00 PM",2025-11-18T20:30:00-0800,"Convergence Zone",Music,120,174269,"Jim Causey","Nov 18, 2025","9:15:47 PM",2025-11-18T21:15:47-0800,"Augustus Muller",Sanctuary,"My Animal (Original Score)",2:26,,DED622300151,,,2023,,,"Nude Club",4250506848712
"Nov 18, 2025","8:30:00 PM",2025-11-18T20:30:00-0800,"Convergence Zone",Music,120,174269,"Jim Causey","Nov 18, 2025","9:11:26 PM",2025-11-18T21:11:26-0800,Patience,"Living Things Don't Last","Dizzy Spells",3:01,,GBCK41200336,,,2019,,,"Night School Records / Winona Records",0647603405001
"Nov 18, 2025","8:30:00 PM",2025-11-18T20:30:00-0800,"Convergence Zone",Music,120,174269,"Jim Causey","Nov 18, 2025","9:08:29 PM",2025-11-18T21:08:29-0800,U2,"In God's Country","The Joshua Tree",2:57,,GBAAN8790007,,,1987,,"Single released on 11/17/1987!","Universal-Island Records Ltd.",
"Nov 18, 2025","8:30:00 PM",2025-11-18T20:30:00-0800,"Convergence Zone",Music,120,174269,"Jim Causey","Nov 18, 2025","9:04:26 PM",2025-11-18T21:04:26-0800,Hatchie,"Only One Laughing","Only One Laughing",4:06,,US38W2550302,,,2025,,,"Secretly Canadian",0656605050362
"Nov 18, 2025","8:30:00 PM",2025-11-18T20:30:00-0800,"Convergence Zone",Music,120,174269,"Jim Causey","Nov 18, 2025","9:00:56 PM",2025-11-18T21:00:56-0800,Erasure,Sometimes,"The Circus",3:40,,GBAJH0100079,,,1987,,,"Sire/Warner Records",75992555463
"Nov 18, 2025","8:30:00 PM",2025-11-18T20:30:00-0800,"Convergence Zone",Music,120,174269,"Jim Causey","Nov 18, 2025","8:57:47 PM",2025-11-18T20:57:47-0800,"Conan Gray","Boys & Girls","Found Heaven",2:23,,USUM72400709,,,2024,,,"republic records",00602465167191
"Nov 18, 2025","8:30:00 PM",2025-11-18T20:30:00-0800,"Convergence Zone",Music,120,174269,"Jim Causey","Nov 18, 2025","8:51:05 PM",2025-11-18T20:51:05-0800,Roosevelt,"Montreal - Midnight Version","Montreal - Midnight Version",5:23,,NL8RL2512977,,,2025,,,"Tambourine Dreams Records",8721215077381
"Nov 18, 2025","8:30:00 PM",2025-11-18T20:30:00-0800,"Convergence Zone",Music,120,174269,"Jim Causey","Nov 18, 2025","8:45:21 PM",2025-11-18T20:45:21-0800,"New Order","True Faith",Substance,5:55,,GBAAP0001118,,,1987,,,Rhino,190295211592
"Nov 18, 2025","8:30:00 PM",2025-11-18T20:30:00-0800,"Convergence Zone",Music,120,174269,"Jim Causey","Nov 18, 2025","8:40:02 PM",2025-11-18T20:40:02-0800,"Tame Impala","One More Year","The Slow Rush",5:24,,AUUM71900926,,,2020,,,"UMG Recordings, Inc.",00602507353841
"Nov 18, 2025","8:30:00 PM",2025-11-18T20:30:00-0800,"Convergence Zone",Music,120,174269,"Jim Causey","Nov 18, 2025","8:36:29 PM",2025-11-18T20:36:29-0800,"Soul II Soul","Back to Life (However Do You Want Me) [feat. Caron Wheeler]","Club Classics, Vol. One (10th Anniversary Edition)",3:52,,GBAAA8900012,,,1989,,,Virgin,724384747053
"Nov 18, 2025","8:30:00 PM",2025-11-18T20:30:00-0800,"Convergence Zone",Music,120,174269,"Jim Causey","Nov 18, 2025","8:33:06 PM",2025-11-18T20:33:06-0800,"Night Heron","WHAT IS REAL?","ESCAPISM B_SIDES",3:31,,QMDA72563776,,L,2025,,"Portland band!","Night Heron",745687072956
"Nov 18, 2025","8:30:00 PM",2025-11-18T20:30:00-0800,"Convergence Zone",Music,120,174269,"Jim Causey","Nov 18, 2025","8:29:58 PM",2025-11-18T20:29:58-0800,"Kristen Roos","Music Mouse I (excerpt)","Universal Synthesizer Interface Vol II",3:08,,CA0WS2315902,,L,2023,,,"We Are Busy Bodies",634457147232
"Nov 11, 2025","8:30:00 PM",2025-11-11T20:30:00-0800,"11.11.2025 - Michael G",Music,120,173567,"Jim Causey","Nov 11, 2025","10:23:00 PM",2025-11-11T22:23:00-0800,"The Sound of Unknowing (Fred Epps)","Where or When","Unprecedented Saturation (EP)",,,,,,,,,"Self Released (by Fred's Daughter)",
"Nov 11, 2025","8:30:00 PM",2025-11-11T20:30:00-0800,"11.11.2025 - Michael G",Music,120,173567,"Jim Causey","Nov 11, 2025","10:16:01 PM",2025-11-11T22:16:01-0800,"Alex Henry Foster","All of Our Past Future Lives",Kimiyo,4:42,,CAM372300459,,,2024,,,"Hopeful Tragedy Records / Fontana North",0823675298035
"Nov 11, 2025","8:30:00 PM",2025-11-11T20:30:00-0800,"11.11.2025 - Michael G",Music,120,173567,"Jim Causey","Nov 11, 2025","10:09:21 PM",2025-11-11T22:09:21-0800,"Black Swan Lane","Little Bird","Hide in View",7:05,,USC792100005,,,2021,,,"Black Swan Lane",0195269126223
"Nov 11, 2025","8:30:00 PM",2025-11-11T20:30:00-0800,"11.11.2025 - Michael G",Music,120,173567,"Jim Causey","Nov 11, 2025","10:03:30 PM",2025-11-11T22:03:30-0800,"The Identity Matrix","Miami Roads","Tangerine Crush",4:56,,QZFZ41966605,,,2019,,,"The Identity Matrix Records",0194616252400
"Nov 11, 2025","8:30:00 PM",2025-11-11T20:30:00-0800,"11.11.2025 - Michael G",Music,120,173567,"Jim Causey","Nov 11, 2025","9:59:39 PM",2025-11-11T21:59:39-0800,"The Detroit Escalator Co.","Manual Transmission","Black Buildings",4:09,,GBEWK0100037,,,2002,,,"Peacefrog Records",5060100741406
"Nov 11, 2025","8:30:00 PM",2025-11-11T20:30:00-0800,"11.11.2025 - Michael G",Music,120,173567,"Jim Causey","Nov 11, 2025","9:55:40 PM",2025-11-11T21:55:40-0800,"Flying Lotus","Mind Flight",Yasuke,2:54,,GBBPW2100124,,,2021,,,"Warp Records",0801061033439
"Nov 11, 2025","8:30:00 PM",2025-11-11T20:30:00-0800,"11.11.2025 - Michael G",Music,120,173567,"Jim Causey","Nov 11, 2025","9:49:24 PM",2025-11-11T21:49:24-0800,"Matthew S Burns",Opulence,"Opus Magnum (Original Soundtrack)",6:24,,QZHN31910199,,,2017,,,Zachtronics,0194694724875
"Nov 11, 2025","8:30:00 PM",2025-11-11T20:30:00-0800,"11.11.2025 - Michael G",Music,120,173567,"Jim Causey","Nov 11, 2025","9:44:31 PM",2025-11-11T21:44:31-0800,Ceilla,Endless,Halcyon,5:02,,QZK6N1952595,,,2019,,,DISTROKID,0195036818160
"Nov 11, 2025","8:30:00 PM",2025-11-11T20:30:00-0800,"11.11.2025 - Michael G",Music,120,173567,"Jim Causey","Nov 11, 2025","9:37:55 PM",2025-11-11T21:37:55-0800,"Pleasure Corporation","Owl Generator","Portals: A Kosmische Journey Through Outer Worlds and Inner Space",5:11,,US25X2002415,,,2020,,,"Behind The Sky Music",0669158548224
"Nov 11, 2025","8:30:00 PM",2025-11-11T20:30:00-0800,"11.11.2025 - Michael G",Music,120,173567,"Jim Causey","Nov 11, 2025","9:34:41 PM",2025-11-11T21:34:41-0800,OMRI.,"Nothing Wrong - Love Mix","Nothing Wrong",3:25,,GB7NR2533201,,,2025,,,"Crosstown Rebels",0199350591044
"Nov 11, 2025","8:30:00 PM",2025-11-11T20:30:00-0800,"11.11.2025 - Michael G",Music,120,173567,"Jim Causey","Nov 11, 2025","9:33:00 PM",2025-11-11T21:33:00-0800,DropLab,"OMRI. - Nothing Wrong (Love Mix)","Nothing Wrong",,,,,,,,,"Self Released",
"Nov 11, 2025","8:30:00 PM",2025-11-11T20:30:00-0800,"11.11.2025 - Michael G",Music,120,173567,"Jim Causey","Nov 11, 2025","9:29:28 PM",2025-11-11T21:29:28-0800,Subaqueous,"Glimmers - Entheo Remix",ReCreate,5:25,,USLZJ1516574,,,2015,,,"Invibe Music",0811868642390
"Nov 11, 2025","8:30:00 PM",2025-11-11T20:30:00-0800,"11.11.2025 - Michael G",Music,120,173567,"Jim Causey","Nov 11, 2025","9:21:58 PM",2025-11-11T21:21:58-0800,"Jesse Sykes & The Sweet Hereafter","Forever, I've Been Being Born","Forever, I've Been Being Born",6:34,,QZXT62300008,,,2025,,,"Ideologic Organ",0647581409015
"Nov 11, 2025","8:30:00 PM",2025-11-11T20:30:00-0800,"11.11.2025 - Michael G",Music,120,173567,"Jim Causey","Nov 11, 2025","9:16:40 PM",2025-11-11T21:16:40-0800,"Sea Lemon","Crystals (feat. Benjamin Gibbard)","Crystals (feat. Benjamin Gibbard)",4:29,,QM7282493534,,,2024,,,"Luminelle Recordings",0198588906408
"Nov 11, 2025","8:30:00 PM",2025-11-11T20:30:00-0800,"11.11.2025 - Michael G",Music,120,173567,"Jim Causey","Nov 11, 2025","9:11:39 PM",2025-11-11T21:11:39-0800,Somesurprises,"High Rise",somesurprises,5:08,,USA2B1902268,,,2019,,,"Drawing Room Records",0634457843776
"Nov 11, 2025","8:30:00 PM",2025-11-11T20:30:00-0800,"11.11.2025 - Michael G",Music,120,173567,"Jim Causey","Nov 11, 2025","9:08:00 PM",2025-11-11T21:08:00-0800,"MINT FIELD","Recuerdo de los días","Aprender a Ser: Extended",3:44,,QMGEB2410503,,,2024,,,felte,0617308078749
"Nov 11, 2025","8:30:00 PM",2025-11-11T20:30:00-0800,"11.11.2025 - Michael G",Music,120,173567,"Jim Causey","Nov 11, 2025","9:03:15 PM",2025-11-11T21:03:15-0800,LEATHERS,"Phantom Heart",Reckless,3:58,,TCAEC1925501,,,2021,,,"Artoffact Records",0196292539301
"Nov 11, 2025","8:30:00 PM",2025-11-11T20:30:00-0800,"11.11.2025 - Michael G",Music,120,173567,"Jim Causey","Nov 11, 2025","8:59:28 PM",2025-11-11T20:59:28-0800,"Rainbow The Ghost","Glitter and Bone","Rainbow the Ghost",3:42,,QZAMM2213274,,,2023,,,"Rainbow the Ghost Music",8720357512774
"Nov 11, 2025","8:30:00 PM",2025-11-11T20:30:00-0800,"11.11.2025 - Michael G",Music,120,173567,"Jim Causey","Nov 11, 2025","8:58:00 PM",2025-11-11T20:58:00-0800,"Mama Noodles","Glitter and Bone","Rainbow the Ghost",,,,,,,,,"Self Released",
"Nov 11, 2025","8:30:00 PM",2025-11-11T20:30:00-0800,"11.11.2025 - Michael G",Music,120,173567,"Jim Causey","Nov 11, 2025","8:54:30 PM",2025-11-11T20:54:30-0800,"Cock and Swan","Perg (Honing)","Julian's Sword",3:57,,TCADJ1703167,,,2017,,,"Dandelion Gold",
"Nov 11, 2025","8:30:00 PM",2025-11-11T20:30:00-0800,"11.11.2025 - Michael G",Music,120,173567,"Jim Causey","Nov 11, 2025","8:49:50 PM",2025-11-11T20:49:50-0800,"Chatham Rise",Eventide,Meadowsweet,4:07,,TCADZ1837889,,,2018,,,"Picture In My Ear",0859729818850
"Nov 11, 2025","8:30:00 PM",2025-11-11T20:30:00-0800,"11.11.2025 - Michael G",Music,120,173567,"Jim Causey","Nov 11, 2025","8:45:00 PM",2025-11-11T20:45:00-0800,"Meridian Arc (Andrew Crawshaw)",Abyss,Timelapse,,,,,,,,,"SFI Recordings",
"Nov 11, 2025","8:30:00 PM",2025-11-11T20:30:00-0800,"11.11.2025 - Michael G",Music,120,173567,"Jim Causey","Nov 11, 2025","8:41:23 PM",2025-11-11T20:41:23-0800,"I Will Keep Your Ghost","Gold Leaf - The Animals at Night Remix",Versions,4:02,,QZFYY1908161,,,2019,,,Unsigned,0194526994612
"Nov 11, 2025","8:30:00 PM",2025-11-11T20:30:00-0800,"11.11.2025 - Michael G",Music,120,173567,"Jim Causey","Nov 11, 2025","8:37:00 PM",2025-11-11T20:37:00-0800,"The Discussion","Get To You","Get To You",3:15,,QMFMF2419888,,,2025,,,"Artoffact Records",0199066611678
"Nov 11, 2025","8:30:00 PM",2025-11-11T20:30:00-0800,"11.11.2025 - Michael G",Music,120,173567,"Jim Causey","Nov 11, 2025","8:33:39 PM",2025-11-11T20:33:39-0800,ACTORS,"L'appel Du Vide","It Will Come to You",3:34,,QMBZ91722688,,,2018,,,"Artoffact Records",0628070633425
"Nov 11, 2025","8:30:00 PM",2025-11-11T20:30:00-0800,"11.11.2025 - Michael G",Music,120,173567,"Jim Causey","Nov 11, 2025","8:31:00 PM",2025-11-11T20:31:00-0800,"Peter Murphy","Cuts You Up",Deep,,,,,,,,,"Beggars Banquet",
"Nov 4, 2025","8:30:00 PM",2025-11-04T20:30:00-0800,"Convergence Zone",Music,120,174269,"Jim Causey","Nov 4, 2025","10:29:31 PM",2025-11-04T22:29:31-0800,ODESZA,"Entering Lumon - ODESZA Severance Remix","Entering Lumon (ODESZA Severance Remix)",2:11,,GBCFB2500163,,,2025,,,"Fifth Season Music / Lakeshore Records",0780163668926
"Nov 4, 2025","8:30:00 PM",2025-11-04T20:30:00-0800,"Convergence Zone",Music,120,174269,"Jim Causey","Nov 4, 2025","10:26:59 PM",2025-11-04T22:26:59-0800,"Purple Decades","Interlude Crash (excerpt)","Interlude Crash",3:00,,ushm82414200,,,2024,,,"Beacon Sound",
"Nov 4, 2025","8:30:00 PM",2025-11-04T20:30:00-0800,"Convergence Zone",Music,120,174269,"Jim Causey","Nov 4, 2025","10:22:09 PM",2025-11-04T22:22:09-0800,Talkdemonic,"Book of High Mountains","Very Cool Yesterday",5:02,,usl4q2500579,,,2025,,,"Bathysphere Records",0199800207655
"Nov 4, 2025","8:30:00 PM",2025-11-04T20:30:00-0800,"Convergence Zone",Music,120,174269,"Jim Causey","Nov 4, 2025","10:20:25 PM",2025-11-04T22:20:25-0800,"Patricia Wolf","I Thought I Could Fly",Hrafnamynd,1:52,,DEG932502545,,L,2025,,,Balmat,4062548117707
"Nov 4, 2025","8:30:00 PM",2025-11-04T20:30:00-0800,"Convergence Zone",Music,120,174269,"Jim Causey","Nov 4, 2025","10:16:02 PM",2025-11-04T22:16:02-0800,"Visible Cloaks",Frame,Lex,2:36,,US6PQ1700084,,L,2017,,"Visible Cloaks will perform live in Seattle on Saturday, November 22nd as part of the Age of Reflections series: https://ageofreflections.com/251122-Visible-Cloaks-in-Seattle","RVNG INTL.",0716670165979
"Nov 4, 2025","8:30:00 PM",2025-11-04T20:30:00-0800,"Convergence Zone",Music,120,174269,"Jim Causey","Nov 4, 2025","10:12:06 PM",2025-11-04T22:12:06-0800,"Mount Maxwell","The Lion in the Water","Birds of Paradise",4:52,,,,L,2025,,,"Hotham Sound",
"Nov 4, 2025","8:30:00 PM",2025-11-04T20:30:00-0800,"Convergence Zone",Music,120,174269,"Jim Causey","Nov 4, 2025","10:08:33 PM",2025-11-04T22:08:33-0800,"Colin Chin","The Alluvial Plains (excerpt)","Intruding On a Silence",3:50,,USNA19014270,,,1988,,,Narada,94635217858
"Nov 4, 2025","8:30:00 PM",2025-11-04T20:30:00-0800,"Convergence Zone",Music,120,174269,"Jim Causey","Nov 4, 2025","10:04:29 PM",2025-11-04T22:04:29-0800,"Bruce Mitchell",Reflections,"Hidden Pathways",4:22,,USNA18713504,,,1987,,,Narada,00094635218350
"Nov 4, 2025","8:30:00 PM",2025-11-04T20:30:00-0800,"Convergence Zone",Music,120,174269,"Jim Causey","Nov 4, 2025","9:57:24 PM",2025-11-04T21:57:24-0800,"The The feat. Sinéad O'Connor","Kingdom of Rain","Mind Bomb",5:51,,GBBBM0102849,,,1989,,,SME,0696998661622
"Nov 4, 2025","8:30:00 PM",2025-11-04T20:30:00-0800,"Convergence Zone",Music,120,174269,"Jim Causey","Nov 4, 2025","9:51:26 PM",2025-11-04T21:51:26-0800,"Dead Can Dance","The Ubiquitous Mr. Lovegrove (Remastered)","Into the Labyrinth (Remastered)",6:17,,GBAFL0700037,,,1993,,,4AD,652637271164
"Nov 4, 2025","8:30:00 PM",2025-11-04T20:30:00-0800,"Convergence Zone",Music,120,174269,"Jim Causey","Nov 4, 2025","9:46:42 PM",2025-11-04T21:46:42-0800,Other,"She Moves Through Worlds","She Moves Through Worlds",4:49,,QZMEP2592912,,L,2025,,,"3394290 Records DK",0199337219794
"Nov 4, 2025","8:30:00 PM",2025-11-04T20:30:00-0800,"Convergence Zone",Music,120,174269,"Jim Causey","Nov 4, 2025","9:39:23 PM",2025-11-04T21:39:23-0800,"Frankie Rose","A Forest","Seventeen Seconds",5:58,,US4TA1900025,,,2019,,,"Slumberland Records",0749846902689
"Nov 4, 2025","8:30:00 PM",2025-11-04T20:30:00-0800,"Convergence Zone",Music,120,174269,"Jim Causey","Nov 4, 2025","9:34:24 PM",2025-11-04T21:34:24-0800,"The Cure","Fascination Street","Disintegration (Remastered)",5:15,,USEE10610201,,,1989,,,Elektra,0603497978434
"Nov 4, 2025","8:30:00 PM",2025-11-04T20:30:00-0800,"Convergence Zone",Music,120,174269,"Jim Causey","Nov 4, 2025","9:29:47 PM",2025-11-04T21:29:47-0800,"The Charlatans","Tremelo Song","Between 10th And 11th",4:37,,GBAZP9200047,,,1992,,,"Beggars Banquet",5059638121033
"Nov 4, 2025","8:30:00 PM",2025-11-04T20:30:00-0800,"Convergence Zone",Music,120,174269,"Jim Causey","Nov 4, 2025","9:23:02 PM",2025-11-04T21:23:02-0800,"My Bloody Valentine",Soon,Loveless,6:59,,USWB19904068,,,1991,,,"Rhino/Warner Records",603497980109
"Nov 4, 2025","8:30:00 PM",2025-11-04T20:30:00-0800,"Convergence Zone",Music,120,174269,"Jim Causey","Nov 4, 2025","9:17:41 PM",2025-11-04T21:17:41-0800,"The B-52's","Song for a Future Generation",Whammy!,3:57,,USWB11400600,,,1983,,,"Rhino/Warner Records",603497890415
"Nov 4, 2025","8:30:00 PM",2025-11-04T20:30:00-0800,"Convergence Zone",Music,120,174269,"Jim Causey","Nov 4, 2025","9:13:30 PM",2025-11-04T21:13:30-0800,Pretenders,"Middle Of The Road - 2007 Remastered Version","Learning To Crawl [Expanded and Remastered]",4:14,,GBAHT0004145,,,2004,,,"Warner Music UK",0075992398022
"Nov 4, 2025","8:30:00 PM",2025-11-04T20:30:00-0800,"Convergence Zone",Music,120,174269,"Jim Causey","Nov 4, 2025","9:09:32 PM",2025-11-04T21:09:32-0800,"Jamie Drake","Thread and the Spark","Thread and the Spark",4:07,,QZPJ32474200,,,2025,,,"Jamie Drake",0199999263142
"Nov 4, 2025","8:30:00 PM",2025-11-04T20:30:00-0800,"Convergence Zone",Music,120,174269,"Jim Causey","Nov 4, 2025","9:04:17 PM",2025-11-04T21:04:17-0800,"The War On Drugs","I Don't Live Here Anymore (feat. Lucius)","I Don't Live Here Anymore (feat. Lucius)",5:27,,USAT22102101,,,2021,,"Lucius will perform at the Showbox in Seattle on Monday, November 17","Atlantic Records",0075679776297
"Nov 4, 2025","8:30:00 PM",2025-11-04T20:30:00-0800,"Convergence Zone",Music,120,174269,"Jim Causey","Nov 4, 2025","9:01:00 PM",2025-11-04T21:01:00-0800,Panabrite,Tentacle,"Sub-Aquatic Meditation 2",3:37,,,,L,2021,,"Seattle's Norm Chambers - performed the Sub-Aquatic Meditation albums mostly on an ARP Odyssey",,
"Nov 4, 2025","8:30:00 PM",2025-11-04T20:30:00-0800,"Convergence Zone",Music,120,174269,"Jim Causey","Nov 4, 2025","8:58:33 PM",2025-11-04T20:58:33-0800,"The New Pornographers","Wide Eyes","Brill Bruisers",2:56,,USMTD1405017,,L,2014,,,"Last Gang",0060270156531
"Nov 4, 2025","8:30:00 PM",2025-11-04T20:30:00-0800,"Convergence Zone",Music,120,174269,"Jim Causey","Nov 4, 2025","8:54:23 PM",2025-11-04T20:54:23-0800,Meltt,"By Your Side","By Your Side",4:02,,CAN112501903,,L,2025,,"Coming to Barboza in Seattle -  December 6th, 2025","Nettwerk Music Group",0067004092462
"Nov 4, 2025","8:30:00 PM",2025-11-04T20:30:00-0800,"Convergence Zone",Music,120,174269,"Jim Causey","Nov 4, 2025","8:50:03 PM",2025-11-04T20:50:03-0800,"Tame Impala",Oblivion,Deadbeat,4:28,,USQX92504225,,,2025,,,SME,0196873555331
"Nov 4, 2025","8:30:00 PM",2025-11-04T20:30:00-0800,"Convergence Zone",Music,120,174269,"Jim Causey","Nov 4, 2025","8:43:45 PM",2025-11-04T20:43:45-0800,"Bryan Ferry","Kiss and Tell","Kiss and Tell - EP",4:53,,GBJX32061402,,,1987,,,"BMG Rights Management (UK) Ltd.",4050538858235
"Nov 4, 2025","8:30:00 PM",2025-11-04T20:30:00-0800,"Convergence Zone",Music,120,174269,"Jim Causey","Nov 4, 2025","8:39:15 PM",2025-11-04T20:39:15-0800,"Night Heron",HOME,ESCAPISM,4:36,,QMDA72454397,,L,2025,,,"Literal Gold Records",0198846863344
"Nov 4, 2025","8:30:00 PM",2025-11-04T20:30:00-0800,"Convergence Zone",Music,120,174269,"Jim Causey","Nov 4, 2025","8:35:53 PM",2025-11-04T20:35:53-0800,Sade,Paradise,"Stronger Than Pride",4:02,,GBBBM8802021,,,1988,,"Released on this day in 1985!",Epic,5099750059722
"Nov 4, 2025","8:30:00 PM",2025-11-04T20:30:00-0800,"Convergence Zone",Music,120,174269,"Jim Causey","Nov 4, 2025","8:31:41 PM",2025-11-04T20:31:41-0800,MOLTENO,"Treading Water (feat. Hello Meteor) [Undercurrent Mix]","Treading Water (Undercurrent Mix) [feat. Hello Meteor] - Single",4:34,,AUGBT2564516,,L,2025,,"Remix by Hello Meteor - from the Evergreen Prefecture",MOLTENO,9361713872201
"Nov 4, 2025","8:30:00 PM",2025-11-04T20:30:00-0800,"Convergence Zone",Music,120,174269,"Jim Causey","Nov 4, 2025","8:28:32 PM",2025-11-04T20:28:32-0800,Gwenno,Tresor,Tresor,4:09,,GBPVV2004028,,,2022,,,"Heavenly Recordings",5400863073275
"Oct 28, 2025","8:30:00 PM",2025-10-28T20:30:00-0700,"10.28.2025 - Michael G",Music,120,173567,"Jim Causey","Oct 28, 2025","10:17:35 PM",2025-10-28T22:17:35-0700,"Fleet Foxes","Can I Believe You - Solstice Version","A Very Lonely Solstice",3:59,,USEP42107015,,,2021,,,Anti/Epitaph,0045778790265
"Oct 28, 2025","8:30:00 PM",2025-10-28T20:30:00-0700,"10.28.2025 - Michael G",Music,120,173567,"Jim Causey","Oct 28, 2025","10:17:12 PM",2025-10-28T22:17:12-0700,"Dead Can Dance","The Carnival Is Over",Wake,5:43,,GBAFL9300094,,,2003,,,4AD,0652637230321
"Oct 28, 2025","8:30:00 PM",2025-10-28T20:30:00-0700,"10.28.2025 - Michael G",Music,120,173567,"Jim Causey","Oct 28, 2025","10:13:16 PM",2025-10-28T22:13:16-0700,"Black Whales","Keep It Hemingway","Keep It Hemingway",4:23,,QZK6N2591624,,,2025,,,"Cult Of Maybe",0199523648964
"Oct 28, 2025","8:30:00 PM",2025-10-28T20:30:00-0700,"10.28.2025 - Michael G",Music,120,173567,"Jim Causey","Oct 28, 2025","10:06:56 PM",2025-10-28T22:06:56-0700,Yaima,"Odonata (Revisioned)",Moongate,5:17,,US7VG2443907,,,2024,,,YAIMA,
"Oct 28, 2025","8:30:00 PM",2025-10-28T20:30:00-0700,"10.28.2025 - Michael G",Music,120,173567,"Jim Causey","Oct 28, 2025","10:03:48 PM",2025-10-28T22:03:48-0700,"Song Sparrow Research","Let It Ring","Don’t Look Now",3:15,,QZMEQ2292532,,,2022,,,"Song Sparrow Research",0197084692143
"Oct 28, 2025","8:30:00 PM",2025-10-28T20:30:00-0700,"10.28.2025 - Michael G",Music,120,173567,"Jim Causey","Oct 28, 2025","9:58:44 PM",2025-10-28T21:58:44-0700,ICEHOUSE,"Man of Colours","Man of Colours",5:11,,AUC441100035,,,1987,,,"Diva Records Pty Ltd",9369999801915
"Oct 28, 2025","8:30:00 PM",2025-10-28T20:30:00-0700,"10.28.2025 - Michael G",Music,120,173567,"Jim Causey","Oct 28, 2025","9:55:37 PM",2025-10-28T21:55:37-0700,Luin,Praktove,Undead,2:05,,QZDA62100405,,,2021,,,"Blue Wizard Music",0196051409890
"Oct 28, 2025","8:30:00 PM",2025-10-28T20:30:00-0700,"10.28.2025 - Michael G",Music,120,173567,"Jim Causey","Oct 28, 2025","9:53:06 PM",2025-10-28T21:53:06-0700,"Hotel Pools","Falling Horizon",Nature,2:41,,US3DF2410290,,,2024,,,"Hotel Pools",1963621957667
"Oct 28, 2025","8:30:00 PM",2025-10-28T20:30:00-0700,"10.28.2025 - Michael G",Music,120,173567,"Jim Causey","Oct 28, 2025","9:49:05 PM",2025-10-28T21:49:05-0700,"DJ Kenneth A","The Sea Hawk Rises","The Hope of The Sea",4:07,,QZK6J2294914,,,2022,,,"Spiderbat Productions",0197046950151
"Oct 28, 2025","8:30:00 PM",2025-10-28T20:30:00-0700,"10.28.2025 - Michael G",Music,120,173567,"Jim Causey","Oct 28, 2025","9:45:59 PM",2025-10-28T21:45:59-0700,ODESZA,"Irving Watermelon - ODESZA Severance Remix","Music To Refine To: A Remix Companion to Severance",3:11,,GBCFB2500168,,,2025,,,"Foreign Family Collective",5054429203936
"Oct 28, 2025","8:30:00 PM",2025-10-28T20:30:00-0700,"10.28.2025 - Michael G",Music,120,173567,"Jim Causey","Oct 28, 2025","9:38:29 PM",2025-10-28T21:38:29-0700,"Active Region","Tight Beam","Horizon Dispatch",5:58,,USCGJ2328130,,,2023,,,Exosphere,0198015702559
"Oct 28, 2025","8:30:00 PM",2025-10-28T20:30:00-0700,"10.28.2025 - Michael G",Music,120,173567,"Jim Causey","Oct 28, 2025","9:33:00 PM",2025-10-28T21:33:00-0700,"Mount Maxwell","The Fleet","Blue Highways Volume 1",,,,,,,,,"Hotham Sound",
"Oct 28, 2025","8:30:00 PM",2025-10-28T20:30:00-0700,"10.28.2025 - Michael G",Music,120,173567,"Jim Causey","Oct 28, 2025","9:29:00 PM",2025-10-28T21:29:00-0700,Kaito,"Illuminated Air","The Ground Quietly Illuminated",,,,,,,,,"Cosmic Signatures",
"Oct 28, 2025","8:30:00 PM",2025-10-28T20:30:00-0700,"10.28.2025 - Michael G",Music,120,173567,"Jim Causey","Oct 28, 2025","9:24:00 PM",2025-10-28T21:24:00-0700,Fleksor,"Voces En Polvo","Arroyo De Mercurio",,,,,,2025,,,"Vief Records",
"Oct 28, 2025","8:30:00 PM",2025-10-28T20:30:00-0700,"10.28.2025 - Michael G",Music,120,173567,"Jim Causey","Oct 28, 2025","9:19:00 PM",2025-10-28T21:19:00-0700,"Dead Vibrations","Prayers for Rain (Cure Cover)",N/A,,,,,,,,,"Dead Vibrations Productions",
"Oct 28, 2025","8:30:00 PM",2025-10-28T20:30:00-0700,"10.28.2025 - Michael G",Music,120,173567,"Jim Causey","Oct 28, 2025","9:15:09 PM",2025-10-28T21:15:09-0700,"The Cure","A Night Like This","The Head On The Door",4:11,,GBALB8500008,,,2007,,,"Polydor Records",00042282923929
"Oct 28, 2025","8:30:00 PM",2025-10-28T20:30:00-0700,"10.28.2025 - Michael G",Music,120,173567,"Jim Causey","Oct 28, 2025","9:08:17 PM",2025-10-28T21:08:17-0700,"The Church","Hotel Womb",Starfish,5:41,,AUEI10700196,,,2011,,,"EMI Music Australia",05099991817655
"Oct 28, 2025","8:30:00 PM",2025-10-28T20:30:00-0700,"10.28.2025 - Michael G",Music,120,173567,"Jim Causey","Oct 28, 2025","9:02:53 PM",2025-10-28T21:02:53-0700,"The Churchhill Garden","Fade Away","Fade Away",5:37,,QZ5AB2176774,,,2021,,,"the churchhill garden",0759159357878
"Oct 28, 2025","8:30:00 PM",2025-10-28T20:30:00-0700,"10.28.2025 - Michael G",Music,120,173567,"Jim Causey","Oct 28, 2025","8:59:05 PM",2025-10-28T20:59:05-0700,CHVRCHES,Science/Visions,"In Search Of Darkness",3:58,,GBZN81300025,,,2021,,,"Virgin Records Ltd",00602435902098
"Oct 28, 2025","8:30:00 PM",2025-10-28T20:30:00-0700,"10.28.2025 - Michael G",Music,120,173567,"Jim Causey","Oct 28, 2025","8:55:47 PM",2025-10-28T20:55:47-0700,"Laurel Halo",Earthbound,Atlas,4:16,,DEG932301503,,,2023,,,Awe,4062548065206
"Oct 28, 2025","8:30:00 PM",2025-10-28T20:30:00-0700,"10.28.2025 - Michael G",Music,120,173567,"Jim Causey","Oct 28, 2025","8:52:37 PM",2025-10-28T20:52:37-0700,Softcult,Drain,Drain,3:21,,UKMD42100099,,,2022,,,"Easy Life Records",0197187055395
"Oct 28, 2025","8:30:00 PM",2025-10-28T20:30:00-0700,"10.28.2025 - Michael G",Music,120,173567,"Jim Causey","Oct 28, 2025","8:47:47 PM",2025-10-28T20:47:47-0700,"Desert Mountain Tribe",Interstellar,"Either That or the Moon",9:01,,DEU241505843,,,2017,,,"2017 Membran",0782388100960
"Oct 28, 2025","8:30:00 PM",2025-10-28T20:30:00-0700,"10.28.2025 - Michael G",Music,120,173567,"Jim Causey","Oct 28, 2025","8:44:12 PM",2025-10-28T20:44:12-0700,"Bridal Veil",Chasing,Morpho,3:44,,QMBZ91970123,,,2019,,,"Emily Overstreet",0194491557515
"Oct 28, 2025","8:30:00 PM",2025-10-28T20:30:00-0700,"10.28.2025 - Michael G",Music,120,173567,"Jim Causey","Oct 28, 2025","8:36:15 PM",2025-10-28T20:36:15-0700,Orbital,Illuminate,"The Altogether",5:30,,GBAAP0100301,,,2017,,,"LMS Ltd.",0809274067821
"Oct 28, 2025","8:30:00 PM",2025-10-28T20:30:00-0700,"10.28.2025 - Michael G",Music,120,173567,"Jim Causey","Oct 28, 2025","8:34:00 PM",2025-10-28T20:34:00-0700,"Talk Talk","Living In Another World","The Colour of Spring",,,,,,1986,,,EMI,
"Oct 28, 2025","8:30:00 PM",2025-10-28T20:30:00-0700,"10.28.2025 - Michael G",Music,120,173567,"Jim Causey","Oct 28, 2025","8:32:00 PM",2025-10-28T20:32:00-0700,"Marvyn Gaye","What's Going On","What's Going On",,,,,,,,,Tamla,
"Oct 21, 2025","8:30:00 PM",2025-10-21T20:30:00-0700,"Convergence Zone",Music,120,174269,"Jim Causey","Oct 21, 2025","10:26:41 PM",2025-10-21T22:26:41-0700,"Brian Eno","Deep Blue Day - From ""Trainspotting""","Brian Eno - Film Music 1976 ~ 2020",3:53,,GBAAA0500105,,,2005,,,"EMI Catalogue",00724356364752
"Oct 21, 2025","8:30:00 PM",2025-10-21T20:30:00-0700,"Convergence Zone",Music,120,174269,"Jim Causey","Oct 21, 2025","10:26:18 PM",2025-10-21T22:26:18-0700,Panabrite,"Departure Zone","Sub-Aquatic Meditation 2",3:47,,,,L,2021,,"The late Norm Chambers, Seattle icon of experimental music, performed the Sub-Aquatic Meditation albums on an ARP Odyssey",,
"Oct 21, 2025","8:30:00 PM",2025-10-21T20:30:00-0700,"Convergence Zone",Music,120,174269,"Jim Causey","Oct 21, 2025","10:22:01 PM",2025-10-21T22:22:01-0700,"Martin Gore",Kino,"Soul of the Machine: A Celebration of the Life & Legacy of ARP founder Alan R. Pearlman",3:19,,USHK92535304,,,2025,,"New solo work from Depeche Mode's Martin Gore",Projekt:Archive,0617026235325
"Oct 21, 2025","8:30:00 PM",2025-10-21T20:30:00-0700,"Convergence Zone",Music,120,174269,"Jim Causey","Oct 21, 2025","10:15:42 PM",2025-10-21T22:15:42-0700,"Lisa Bella Donna",Conclusions,"Soul of the Machine: A Celebration of the Life & Legacy of ARP founder Alan R. Pearlman",7:22,,USHK92535319,,,2025,,"Originally on ""Live: USA/Europe""",Projekt:Archive,0617026235325
"Oct 21, 2025","8:30:00 PM",2025-10-21T20:30:00-0700,"Convergence Zone",Music,120,174269,"Jim Causey","Oct 21, 2025","10:10:47 PM",2025-10-21T22:10:47-0700,"Steve Roach","Cloud Motion","Soul of the Machine: A Celebration of the Life & Legacy of ARP founder Alan R. Pearlman",5:05,,USHK91640003,,,2025,,"Originally on the 1985 album ""Now"" - ",Projekt:Archive,0617026235325
"Oct 21, 2025","8:30:00 PM",2025-10-21T20:30:00-0700,"Convergence Zone",Music,120,174269,"Jim Causey","Oct 21, 2025","10:01:59 PM",2025-10-21T22:01:59-0700,Panabrite,"These are Barnacles","Sub-Aquatic Meditation",2:10,,BEK111118006,,L,2012,,,Aguirre,5051813595073
"Oct 21, 2025","8:30:00 PM",2025-10-21T20:30:00-0700,"Convergence Zone",Music,120,174269,"Jim Causey","Oct 21, 2025","10:01:34 PM",2025-10-21T22:01:34-0700,Panabrite,"Neptune Visions in the Cryst","Sub-Aquatic Meditation",4:14,,BEK111118005,,L,2012,,,Aguirre,5051813595073
"Oct 21, 2025","8:30:00 PM",2025-10-21T20:30:00-0700,"Convergence Zone",Music,120,174269,"Jim Causey","Oct 21, 2025","9:51:55 PM",2025-10-21T21:51:55-0700,"Herbie Hancock","Actual Proof",Thrust,9:42,,USSM17400304,,,1974,,"Herbie Hancock used ARP synths throughout the 70s and early 80s - his solo on this track featuring the ARP Odyssey",Columbia/Legacy,74646498422
"Oct 21, 2025","8:30:00 PM",2025-10-21T20:30:00-0700,"Convergence Zone",Music,120,174269,"Jim Causey","Oct 21, 2025","9:47:13 PM",2025-10-21T21:47:13-0700,"Stevie Wonder","You've Got It Bad Girl","Talking Book",4:57,,USMO17282856,,,1972,,"Stevie Wonder played the TONTO custom modular synthesizer - including custom modules by ARP Instruments",UNI/MOTOWN,602537002382
"Oct 21, 2025","8:30:00 PM",2025-10-21T20:30:00-0700,"Convergence Zone",Music,120,174269,"Jim Causey","Oct 21, 2025","9:42:29 PM",2025-10-21T21:42:29-0700,"Jean-Luc Ponty",Mirage,"Enigmatic Ocean",4:54,,USAT20180851,,,1977,,"Keyboardist Allan Zavod on the ARP Odyssey","Atlantic Records",0081227986223
"Oct 21, 2025","8:30:00 PM",2025-10-21T20:30:00-0700,"Convergence Zone",Music,120,174269,"Jim Causey","Oct 21, 2025","9:34:28 PM",2025-10-21T21:34:28-0700,Orbital,"The Girl with the Sun in Her Head - Lone Remix","30 Something",8:12,,GBAAP2200029,,,2022,,"ARP 2600 as percussion!","London Music Stream",0190296152856
"Oct 21, 2025","8:30:00 PM",2025-10-21T20:30:00-0700,"Convergence Zone",Music,120,174269,"Jim Causey","Oct 21, 2025","9:28:01 PM",2025-10-21T21:28:01-0700,"The Chemical Brothers","Star Guitar","Come With Us",6:27,,GBAAA0100915,,,2002,,"“We are not very good keyboard players,” Rowlands said. “Our hands fall a lot easier on a fretboard than a keyboard. Playing an old synth like an ARP 2600 with your guitar was great, we got totally weird stuff- that we didn’t mean to do.”","Virgin Records",724381189559
"Oct 21, 2025","8:30:00 PM",2025-10-21T20:30:00-0700,"Convergence Zone",Music,120,174269,"Jim Causey","Oct 21, 2025","9:23:42 PM",2025-10-21T21:23:42-0700,"Depeche Mode","Never Let Me Down Again","Music for the Masses (Deluxe Edition)",4:48,,GBAJH0600228,,,1987,,"On ""Music for the Masses"", Martin Gore played an ARP 2600 with an electric guitar","Venusnote Ltd.",886445705096
"Oct 21, 2025","8:30:00 PM",2025-10-21T20:30:00-0700,"Convergence Zone",Music,120,174269,"Jim Causey","Oct 21, 2025","9:15:47 PM",2025-10-21T21:15:47-0700,Erasure,Chorus,Chorus,4:26,,USRE10102070,,,1991,,"On ""Chorus"", Vince Clarke returned to his favorite analog synths - including an ARP 2500 and ARP 2600","Warner Records",75992666862
"Oct 21, 2025","8:30:00 PM",2025-10-21T20:30:00-0700,"Convergence Zone",Music,120,174269,"Jim Causey","Oct 21, 2025","9:10:17 PM",2025-10-21T21:10:17-0700,Air,"Kelly Watch the Stars - Moog Cookbook Remix","All I Need",5:39,,FRS639800043,,,2013,,"The French duo Air build many of their songs around the ARP Solina String Ensemble, among other instruments","PLG France",0724389534252
"Oct 21, 2025","8:30:00 PM",2025-10-21T20:30:00-0700,"Convergence Zone",Music,120,174269,"Jim Causey","Oct 21, 2025","9:07:54 PM",2025-10-21T21:07:54-0700,Commodores,"Machine Gun","Machine Gun",2:39,,USMO17400285,,,1974,,"Thomas McClary on the ARP 2600","UMG Recordings, Inc.",00602438287826
"Oct 21, 2025","8:30:00 PM",2025-10-21T20:30:00-0700,"Convergence Zone",Music,120,174269,"Jim Causey","Oct 21, 2025","9:04:43 PM",2025-10-21T21:04:43-0700,Panabrite,"Octopus in Your Dreams","Sub-Aquatic Meditation",4:08,,BEK111118007,,L,2012,,"The late Norm Chambers, Seattle icon of experimental music, performed the Sub-Aquatic Meditation albums on an ARP Odyssey",Aguirre,5051813595073
"Oct 21, 2025","8:30:00 PM",2025-10-21T20:30:00-0700,"Convergence Zone",Music,120,174269,"Jim Causey","Oct 21, 2025","9:01:17 PM",2025-10-21T21:01:17-0700,Panabrite,Whirlpool,"Sub-Aquatic Meditation",2:53,,BEK111118003,,L,2012,,"The late Norm Chambers, Seattle icon of experimental music, performed the Sub-Aquatic Meditation albums on an ARP Odyssey",Aguirre,5051813595073
"Oct 21, 2025","8:30:00 PM",2025-10-21T20:30:00-0700,"Convergence Zone",Music,120,174269,"Jim Causey","Oct 21, 2025","8:57:28 PM",2025-10-21T20:57:28-0700,"Michael Jackson","P.Y.T. (Pretty Young Thing)",Thriller,3:59,,USSM19902993,,,1982,,"Synth bass on an ARP 2600 - programmed by Anthony Marinelli",Epic/Legacy,0827969428726
"Oct 21, 2025","8:30:00 PM",2025-10-21T20:30:00-0700,"Convergence Zone",Music,120,174269,"Jim Causey","Oct 21, 2025","8:52:00 PM",2025-10-21T20:52:00-0700,Madonna,"Lucky Star",Madonna,5:38,,USWB19902975,,,1983,,"Synth bass by the ARP 2600","Warner Records",93624790365
"Oct 21, 2025","8:30:00 PM",2025-10-21T20:30:00-0700,"Convergence Zone",Music,120,174269,"Jim Causey","Oct 21, 2025","8:48:30 PM",2025-10-21T20:48:30-0700,Panabrite,Siphonophore,"Sub-Aquatic Meditation",3:07,,BEK111118011,,L,2012,,"The late Norm Chambers, Seattle icon of experimental music, performed the Sub-Aquatic Meditation albums on an ARP Odyssey",Aguirre,5051813595073
"Oct 21, 2025","8:30:00 PM",2025-10-21T20:30:00-0700,"Convergence Zone",Music,120,174269,"Jim Causey","Oct 21, 2025","8:45:00 PM",2025-10-21T20:45:00-0700,Panabrite,Euphotic,"Sub-Aquatic Meditation Vol 2",3:27,,,,L,2021,,"The late Norm Chambers, Seattle icon of experimental music, performed the Sub-Aquatic Meditation albums on an ARP Odyssey","Muzan Editions",
"Oct 21, 2025","8:30:00 PM",2025-10-21T20:30:00-0700,"Convergence Zone",Music,120,174269,"Jim Causey","Oct 21, 2025","8:40:18 PM",2025-10-21T20:40:18-0700,"Gary Numan","We Are Glass",Telekon,4:47,,GBAZP9700054,,,1977,,"Gary Numan used the ARP Pro Soloist throughout 1977's ""Telekon""","Beggars Banquet",0607618001988
"Oct 21, 2025","8:30:00 PM",2025-10-21T20:30:00-0700,"Convergence Zone",Music,120,174269,"Jim Causey","Oct 21, 2025","8:35:45 PM",2025-10-21T20:35:45-0700,"New Order","The Village","Power, Corruption & Lies",4:37,,GBAAP1500174,,,1983,,"Gillian Gilbert on the ARP Quadra; Joy Division and New Order used the ARP Omni and Quadra for several years","WM UK",825646053803
"Oct 21, 2025","8:30:00 PM",2025-10-21T20:30:00-0700,"Convergence Zone",Music,120,174269,"Jim Causey","Oct 21, 2025","8:31:00 PM",2025-10-21T20:31:00-0700,"Depeche Mode","New Life","Speak & Spell",3:45,,GBAJH9800100,,,1981,,"Vince Clarke is a famed afficionado of the ARP 2600, and Depeche Mode used them on nearly every album",SME,94635797657
"Oct 14, 2025","8:30:00 PM",2025-10-14T20:30:00-0700,"Convergence Zone",Music,120,174269,"Jim Causey","Oct 14, 2025","10:27:01 PM",2025-10-14T22:27:01-0700,"Aaron Cherof","Mean Machine","Cobalt Core (Original Soundtrack)",4:54,,QZZ8A2338830,,,2023,,,"Aaron Cherof",0197999238054
"Oct 14, 2025","8:30:00 PM",2025-10-14T20:30:00-0700,"Convergence Zone",Music,120,174269,"Jim Causey","Oct 14, 2025","10:19:04 PM",2025-10-14T22:19:04-0700,"Avian Invasion","Woven Crystal (Extended Mix)","Woven Crystal",5:14,,GX53U2637777,,L,2025,,,"Matthew Ebel Entertainment",5063807395705
"Oct 14, 2025","8:30:00 PM",2025-10-14T20:30:00-0700,"Convergence Zone",Music,120,174269,"Jim Causey","Oct 14, 2025","10:13:50 PM",2025-10-14T22:13:50-0700,"Jeremy Blake","Fushigi (Japanese for Mysterious)",Superstructures,5:10,,,,L,2025,,,,
"Oct 14, 2025","8:30:00 PM",2025-10-14T20:30:00-0700,"Convergence Zone",Music,120,174269,"Jim Causey","Oct 14, 2025","10:04:26 PM",2025-10-14T22:04:26-0700,Somesurprises,"Be Reasonable",Perseids,6:30,,uscgh2471448,,L,2024,,,"Doom Trip Records",0198500093575
"Oct 14, 2025","8:30:00 PM",2025-10-14T20:30:00-0700,"Convergence Zone",Music,120,174269,"Jim Causey","Oct 14, 2025","10:00:50 PM",2025-10-14T22:00:50-0700,"The Groovy Nobody",Elevated,"Reflections of a Lost Year",3:41,,USCGH2212412,,L,2022,,,"The Groovy Nobody",0198002849458
"Oct 14, 2025","8:30:00 PM",2025-10-14T20:30:00-0700,"Convergence Zone",Music,120,174269,"Jim Causey","Oct 14, 2025","9:55:31 PM",2025-10-14T21:55:31-0700,"Midnight High",Avenue,Avenue,4:28,,QZDA42363979,,L,2023,,,DISTROKID,0197547345395
"Oct 14, 2025","8:30:00 PM",2025-10-14T20:30:00-0700,"Convergence Zone",Music,120,174269,"Jim Causey","Oct 14, 2025","9:46:16 PM",2025-10-14T21:46:16-0700,"Tomo Nakayama","Get to Know You","Get to Know You",3:53,,TCAEP2026073,,L,2020,,,"Ricebelly Music",
"Oct 14, 2025","8:30:00 PM",2025-10-14T20:30:00-0700,"Convergence Zone",Music,120,174269,"Jim Causey","Oct 14, 2025","9:42:31 PM",2025-10-14T21:42:31-0700,"Lane Lines","Like to Look Sad","Like to Look Sad",3:51,,QZTAX2218090,,L,2023,,,DISTROKID,0197272393302
"Oct 14, 2025","8:30:00 PM",2025-10-14T20:30:00-0700,"Convergence Zone",Music,120,174269,"Jim Causey","Oct 14, 2025","9:38:12 PM",2025-10-14T21:38:12-0700,Lemolo,"High Tide",Swansea,4:18,,US9CJ1900002,,L,2019,,,DISTROKID,0194616627277
"Oct 14, 2025","8:30:00 PM",2025-10-14T20:30:00-0700,"Convergence Zone",Music,120,174269,"Jim Causey","Oct 14, 2025","9:30:01 PM",2025-10-14T21:30:01-0700,LIGHTSPEAR,Traffic,Motor,4:56,,,,L,2023,,,LIGHTSPEAR,
"Oct 14, 2025","8:30:00 PM",2025-10-14T20:30:00-0700,"Convergence Zone",Music,120,174269,"Jim Causey","Oct 14, 2025","9:24:05 PM",2025-10-14T21:24:05-0700,Lusine,"Crowded Room","A Certain Distance",5:24,,US2J70908710,,L,2009,,,"Ghostly International",0804297908731
"Oct 14, 2025","8:30:00 PM",2025-10-14T20:30:00-0700,"Convergence Zone",Music,120,174269,"Jim Causey","Oct 14, 2025","9:19:26 PM",2025-10-14T21:19:26-0700,Wolftron,"The Deep","Dead After Dark",4:59,,QT3F32572294,,L,2025,,,"607509 Records DK2",0199740009388
"Oct 14, 2025","8:30:00 PM",2025-10-14T20:30:00-0700,"Convergence Zone",Music,120,174269,"Jim Causey","Oct 14, 2025","9:08:55 PM",2025-10-14T21:08:55-0700,"Manatee Commune",Faulted,Faulted,6:36,,USGC62001206,,L,2024,,,"Bastard Jazz Recordings",0674276680053
"Oct 14, 2025","8:30:00 PM",2025-10-14T20:30:00-0700,"Convergence Zone",Music,120,174269,"Jim Causey","Oct 14, 2025","9:02:05 PM",2025-10-14T21:02:05-0700,Quaad,"The Magic Box",HVS08,6:50,,,,L,2025,,,"Heavy Sounds",
"Oct 14, 2025","8:30:00 PM",2025-10-14T20:30:00-0700,"Convergence Zone",Music,120,174269,"Jim Causey","Oct 14, 2025","8:49:48 PM",2025-10-14T20:49:48-0700,Dvwnpour,Coastline,"New Skies",7:13,,QZNWV2366427,,L,2023,,,Dvwnpour,0197954736502
"Oct 14, 2025","8:30:00 PM",2025-10-14T20:30:00-0700,"Convergence Zone",Music,120,174269,"Jim Causey","Oct 14, 2025","8:46:23 PM",2025-10-14T20:46:23-0700,"Laryssa Okada","Call Me When You Get Home","Call Me When You Get Home",3:40,,USL4Q2533641,,L,2025,,,"Laryssa Okada",0199800401879
"Oct 14, 2025","8:30:00 PM",2025-10-14T20:30:00-0700,"Convergence Zone",Music,120,174269,"Jim Causey","Oct 14, 2025","8:34:45 PM",2025-10-14T20:34:45-0700,Fotoform,"Digging Trenches",Horizons,4:26,,QZK6N2163566,,L,2021,,,"Dismal Nitch",196322599848
"Oct 14, 2025","8:30:00 PM",2025-10-14T20:30:00-0700,"Convergence Zone",Music,120,174269,"Jim Causey","Oct 14, 2025","8:31:32 PM",2025-10-14T20:31:32-0700,"Beach Vacation","Weighted Down","Let Go - EP",3:15,,QZS7J2488584,,L,2024,,,Independent,797885472618
"Oct 14, 2025","8:30:00 PM",2025-10-14T20:30:00-0700,"Convergence Zone",Music,120,174269,"Jim Causey","Oct 14, 2025","8:27:00 PM",2025-10-14T20:27:00-0700,bloococoon,"Blossom Like a Rose","Blossom Like a Rose",3:47,,QZZEM2300001,,L,2024,,,"Little Cloud Records",
"Oct 7, 2025","8:30:00 PM",2025-10-07T20:30:00-0700,"Convergence Zone",Music,120,174269,"Jim Causey","Oct 7, 2025","10:29:37 PM",2025-10-07T22:29:37-0700,"Lindsey Stirling",Guardian,Artemis,3:20,,QMRSZ1901209,,,2019,,,"BMG Rights Management (US) LLC",4050538525663
"Oct 7, 2025","8:30:00 PM",2025-10-07T20:30:00-0700,"Convergence Zone",Music,120,174269,"Jim Causey","Oct 7, 2025","10:21:55 PM",2025-10-07T22:21:55-0700,"Tangerine Dream","Stratosfear (excerpt)","Stratosfear (Remastered)",10:37,,GBAAA9400698,,,1976,,,"Virgin Records",724384006556
"Oct 7, 2025","8:30:00 PM",2025-10-07T20:30:00-0700,"Convergence Zone",Music,120,174269,"Jim Causey","Oct 7, 2025","10:14:30 PM",2025-10-07T22:14:30-0700,Raica,"Swirly Doot","The Absence of Being",7:37,,GBCMQ2500372,,L,2025,,"New music from Chloe Harris (Raica) - musician, global DJ, and curator of the NonSeq live music series","quiet details",
"Oct 7, 2025","8:30:00 PM",2025-10-07T20:30:00-0700,"Convergence Zone",Music,120,174269,"Jim Causey","Oct 7, 2025","10:06:52 PM",2025-10-07T22:06:52-0700,wndfrm,"WVLT 008",WVLT,7:03,,,,L,2025,,"Performing live in Seattle on Saturday, October 11 at 8pm - part of the Nonsequitur’s NonSeq series: https://www.waywardmusic.org/event/nonseq-patricia-wolf-wndfrm/","A Strangely Isolated Place",
"Oct 7, 2025","8:30:00 PM",2025-10-07T20:30:00-0700,"Convergence Zone",Music,120,174269,"Jim Causey","Oct 7, 2025","10:01:31 PM",2025-10-07T22:01:31-0700,"Patricia Wolf","Subconscious Familiarity",Hrafnamynd,5:28,,DEG932502540,,L,2025,,"Performing live in Seattle on Saturday, October 11 at 8pm - part of the Nonsequitur’s NonSeq series: https://www.waywardmusic.org/event/nonseq-patricia-wolf-wndfrm/",Balmat,4062548117707
"Oct 7, 2025","8:30:00 PM",2025-10-07T20:30:00-0700,"Convergence Zone",Music,120,174269,"Jim Causey","Oct 7, 2025","9:52:56 PM",2025-10-07T21:52:56-0700,"Cartas de Japón",Kütral,"Gemstones VI",6:58,,,,,2025,,,"Cyclical Dreams",
"Oct 7, 2025","8:30:00 PM",2025-10-07T20:30:00-0700,"Convergence Zone",Music,120,174269,"Jim Causey","Oct 7, 2025","9:41:13 PM",2025-10-07T21:41:13-0700,Perge,Epicentre,"Mutually Assured Destruction",11:42,,,,,2022,,,,
"Oct 7, 2025","8:30:00 PM",2025-10-07T20:30:00-0700,"Convergence Zone",Music,120,174269,"Jim Causey","Oct 7, 2025","9:35:02 PM",2025-10-07T21:35:02-0700,Kraftwerk,"Die Roboter - 2009 Digital Remaster","Die Mensch-Maschine (Remastered Version)",6:13,,USCA20903079,,,2013,,,"PLG UK Frontline",5099996602256
"Oct 7, 2025","8:30:00 PM",2025-10-07T20:30:00-0700,"Convergence Zone",Music,120,174269,"Jim Causey","Oct 7, 2025","9:26:35 PM",2025-10-07T21:26:35-0700,"LCD Soundsystem","Get Innocuous!","Sound of Silver",7:12,,US4GE0600014,,,2007,,,"Parlophone UK",0094638511359
"Oct 7, 2025","8:30:00 PM",2025-10-07T20:30:00-0700,"Convergence Zone",Music,120,174269,"Jim Causey","Oct 7, 2025","9:20:17 PM",2025-10-07T21:20:17-0700,"Deep Forest ft. Peter Gabriel","While the Earth Sleeps - Long Version",Boheme,6:22,,USSM19504700,,,1996,,,SME,5099747862366
"Oct 7, 2025","8:30:00 PM",2025-10-07T20:30:00-0700,"Convergence Zone",Music,120,174269,"Jim Causey","Oct 7, 2025","9:14:20 PM",2025-10-07T21:14:20-0700,James,"Born Of Frustration","Seven (Digitally Remastered)",4:22,,GBF089290349,,,1992,,"October 9 in Vancouver BC for the ""Laid"" tour",EMI,731454878623
"Oct 7, 2025","8:30:00 PM",2025-10-07T20:30:00-0700,"Convergence Zone",Music,120,174269,"Jim Causey","Oct 7, 2025","9:10:42 PM",2025-10-07T21:10:42-0700,Quivers,"You're Not Always on My Mind","Golden Doubt",3:43,,AUUM72100068,,,2021,,,"Universal Music Australia Pty. Ltd.",
"Oct 7, 2025","8:30:00 PM",2025-10-07T20:30:00-0700,"Convergence Zone",Music,120,174269,"Jim Causey","Oct 7, 2025","9:06:49 PM",2025-10-07T21:06:49-0700,"Pure Bathing Culture",Veil,"Night Pass",4:02,,QZDZU1800003,,L,2019,,,"Infinite Companion",
"Oct 7, 2025","8:30:00 PM",2025-10-07T20:30:00-0700,"Convergence Zone",Music,120,174269,"Jim Causey","Oct 7, 2025","9:01:58 PM",2025-10-07T21:01:58-0700,"The Smiths","The Headmaster Ritual","Meat Is Murder",4:53,,GBCRL1300305,,,1985,,,Rhino,825646336593
"Oct 7, 2025","8:30:00 PM",2025-10-07T20:30:00-0700,"Convergence Zone",Music,120,174269,"Jim Causey","Oct 7, 2025","8:56:25 PM",2025-10-07T20:56:25-0700,Hatchie,"Lose It Again","Lose It Again",3:31,,US38W2550308,,,2025,,,"Secretly Canadian",0656605050379
"Oct 7, 2025","8:30:00 PM",2025-10-07T20:30:00-0700,"Convergence Zone",Music,120,174269,"Jim Causey","Oct 7, 2025","8:53:08 PM",2025-10-07T20:53:08-0700,"Sea Lemon","In The Flowers","Diving For A Prize",3:21,,QMFME2487265,,L,2025,,,"Luminelle Recordings",0199066146996
"Oct 7, 2025","8:30:00 PM",2025-10-07T20:30:00-0700,"Convergence Zone",Music,120,174269,"Jim Causey","Oct 7, 2025","8:45:52 PM",2025-10-07T20:45:52-0700,"Magdalena Bay","Ashes to Ashes - triple j Like A Version","Ashes to Ashes (triple j Like A Version)",5:39,,AUAB02500071,,,2025,,,"triple j",0199350242632
"Oct 7, 2025","8:30:00 PM",2025-10-07T20:30:00-0700,"Convergence Zone",Music,120,174269,"Jim Causey","Oct 7, 2025","8:41:47 PM",2025-10-07T20:41:47-0700,"Future Islands","Born in a War","Born in a War",4:13,,GBAFL2000213,,,2020,,,4AD,5059638064453
"Oct 7, 2025","8:30:00 PM",2025-10-07T20:30:00-0700,"Convergence Zone",Music,120,174269,"Jim Causey","Oct 7, 2025","8:38:25 PM",2025-10-07T20:38:25-0700,"Tame Impala","Dracula (Radio Edit)",Dracula,3:24,,USQX92504223,,,2025,,,SME,0196873634074
"Oct 7, 2025","8:30:00 PM",2025-10-07T20:30:00-0700,"Convergence Zone",Music,120,174269,"Jim Causey","Oct 7, 2025","8:33:42 PM",2025-10-07T20:33:42-0700,"Miami Horror","Real Slow (feat. Sarah Chernoff)","All Possible Futures",4:47,,GBKPL1362960,,,2013,,,"Vitalic Noise",5055489288154
"Oct 7, 2025","8:30:00 PM",2025-10-07T20:30:00-0700,"Convergence Zone",Music,120,174269,"Jim Causey","Oct 7, 2025","8:30:00 PM",2025-10-07T20:30:00-0700,"Hotel Pools & Brothertiger","Eye to Eye",Paradigms,3:51,,QZWV32571053,,L,2025,,,Brothertiger,199502092474
"Sep 30, 2025","8:30:00 PM",2025-09-30T20:30:00-0700,"09.30.2025 - Michael G",Music,120,173567,"Jim Causey","Sep 30, 2025","10:28:07 PM",2025-09-30T22:28:07-0700,"Carl Weingarten","Rise of the Perigee Moon","Songs for a Perigee Moon",4:31,,QZXE42513603,,,2025,,,"Multiphase Records",0755491333242
"Sep 30, 2025","8:30:00 PM",2025-09-30T20:30:00-0700,"09.30.2025 - Michael G",Music,120,173567,"Jim Causey","Sep 30, 2025","10:23:21 PM",2025-09-30T22:23:21-0700,"Patricia Wolf","Surfing on Wind",Hrafnamynd,4:51,,DEG932502547,,,2025,,,Balmat,4062548117707
"Sep 30, 2025","8:30:00 PM",2025-09-30T20:30:00-0700,"09.30.2025 - Michael G",Music,120,173567,"Jim Causey","Sep 30, 2025","10:20:23 PM",2025-09-30T22:20:23-0700,citrine,golden,"line of sight",3:14,,QZES72580048,,,2025,,,"Home Normal",0199083290375
"Sep 30, 2025","8:30:00 PM",2025-09-30T20:30:00-0700,"09.30.2025 - Michael G",Music,120,173567,"Jim Causey","Sep 30, 2025","10:13:36 PM",2025-09-30T22:13:36-0700,"Galactic Sound Station","Zero Gravity","Music for the Mental Health of Astronauts, Vol. 1",5:57,,QZTDY2500002,,,2025,,,"Galactic Sound Station",0199515614625
"Sep 30, 2025","8:30:00 PM",2025-09-30T20:30:00-0700,"09.30.2025 - Michael G",Music,120,173567,"Jim Causey","Sep 30, 2025","10:08:32 PM",2025-09-30T22:08:32-0700,"Daryl Groetsch","Above the Shore (Radio Edit)","Above the Shore",5:14,,uscgj2445362,,,2024,,,"Daryl Groetsch",0712179450301
"Sep 30, 2025","8:30:00 PM",2025-09-30T20:30:00-0700,"09.30.2025 - Michael G",Music,120,173567,"Jim Causey","Sep 30, 2025","10:08:00 PM",2025-09-30T22:08:00-0700,"Pulse Emitter","Above The Shore","Above The Shore",,,,,,,,,Self-Released,
"Sep 30, 2025","8:30:00 PM",2025-09-30T20:30:00-0700,"09.30.2025 - Michael G",Music,120,173567,"Jim Causey","Sep 30, 2025","10:02:34 PM",2025-09-30T22:02:34-0700,"Matthew S Burns","Behind the Scenes","Exapunks (Original Soundtrack)",6:01,,QZHN31910210,,,2018,,,Zachtronics,0194694723779
"Sep 30, 2025","8:30:00 PM",2025-09-30T20:30:00-0700,"09.30.2025 - Michael G",Music,120,173567,"Jim Causey","Sep 30, 2025","9:59:57 PM",2025-09-30T21:59:57-0700,"Andy Aquarius","Aquarius Moon",Chapel,3:12,,GBHLW2102255,,,2021,,,"Hush Hush",5056321653710
"Sep 30, 2025","8:30:00 PM",2025-09-30T20:30:00-0700,"09.30.2025 - Michael G",Music,120,173567,"Jim Causey","Sep 30, 2025","9:54:18 PM",2025-09-30T21:54:18-0700,"Laryssa Okada",Mou!,"Things I'll Never Say",5:51,,uscgh2133467,,,2021,,,,
"Sep 30, 2025","8:30:00 PM",2025-09-30T20:30:00-0700,"09.30.2025 - Michael G",Music,120,173567,"Jim Causey","Sep 30, 2025","9:50:26 PM",2025-09-30T21:50:26-0700,"Michael Weber",TATAKI,OMAKASE,4:04,,QZTBD2318719,,,2023,,,"681590 Records DK",0198092565481
"Sep 30, 2025","8:30:00 PM",2025-09-30T20:30:00-0700,"09.30.2025 - Michael G",Music,120,173567,"Jim Causey","Sep 30, 2025","9:43:23 PM",2025-09-30T21:43:23-0700,"Chatham Rise","Surf in G",Meadowsweet,5:38,,TCADZ1837963,,,2018,,,"Picture In My Ear",0859729818850
"Sep 30, 2025","8:30:00 PM",2025-09-30T20:30:00-0700,"09.30.2025 - Michael G",Music,120,173567,"Jim Causey","Sep 30, 2025","9:37:00 PM",2025-09-30T21:37:00-0700,"Holy Wave","Western Playland","Freaks Of Nature",,,,,,2016,,,"The Reverberation Appreciation Society",
"Sep 30, 2025","8:30:00 PM",2025-09-30T20:30:00-0700,"09.30.2025 - Michael G",Music,120,173567,"Jim Causey","Sep 30, 2025","9:32:33 PM",2025-09-30T21:32:33-0700,"Death and Vanilla","Eye Bath","Are You A Dreamer?",6:25,,GBCKK1954304,,,2019,,,"Fire Records",0809236154309
"Sep 30, 2025","8:30:00 PM",2025-09-30T20:30:00-0700,"09.30.2025 - Michael G",Music,120,173567,"Jim Causey","Sep 30, 2025","9:30:17 PM",2025-09-30T21:30:17-0700,"Hello Meteor","Waterproof Thoughts","Community Broadcasting: Winter Office Hours",3:54,,QZWFE2305506,,,2023,,,DISTROKID,0853515194906
"Sep 30, 2025","8:30:00 PM",2025-09-30T20:30:00-0700,"09.30.2025 - Michael G",Music,120,173567,"Jim Causey","Sep 30, 2025","9:25:27 PM",2025-09-30T21:25:27-0700,"Sea Lemon","Thought For You","Diving For A Prize",3:55,,QMFME2487111,,,2025,,,"Luminelle Recordings",0199066146996
"Sep 30, 2025","8:30:00 PM",2025-09-30T20:30:00-0700,"09.30.2025 - Michael G",Music,120,173567,"Jim Causey","Sep 30, 2025","9:21:14 PM",2025-09-30T21:21:14-0700,Fotoform,"Reconcile the Blue","Grief is a Garden (Forever in Bloom)",4:21,,QZES92543864,,,2025,,,"Dismal Nitch",0199081928508
"Sep 30, 2025","8:30:00 PM",2025-09-30T20:30:00-0700,"09.30.2025 - Michael G",Music,120,173567,"Jim Causey","Sep 30, 2025","9:17:30 PM",2025-09-30T21:17:30-0700,"Hotel Pools","Eye to Eye",Paradigms,3:50,,QZWV32571053,,,2025,,,Brothertiger,0199502092474
"Sep 30, 2025","8:30:00 PM",2025-09-30T20:30:00-0700,"09.30.2025 - Michael G",Music,120,173567,"Jim Causey","Sep 30, 2025","9:16:00 PM",2025-09-30T21:16:00-0700,"La Roca","Drama Of Japan","Buddah Bar II (Compilation)",,,,,,2000,,,"Chall'O Music",
"Sep 30, 2025","8:30:00 PM",2025-09-30T20:30:00-0700,"09.30.2025 - Michael G",Music,120,173567,"Jim Causey","Sep 30, 2025","9:12:37 PM",2025-09-30T21:12:37-0700,Temples,"Colours To Life","Colours To Life / Shelter Song",5:16,,UK32S2222357,,,2014,,,"WM France",0825646195459
"Sep 30, 2025","8:30:00 PM",2025-09-30T20:30:00-0700,"09.30.2025 - Michael G",Music,120,173567,"Jim Causey","Sep 30, 2025","9:07:50 PM",2025-09-30T21:07:50-0700,"Kingdom of the Holy Sun","Flown Away","At the Gates of Dawn",4:50,,FR59R1621911,,,2016,,,"Dead Bees records",3614599880560
"Sep 30, 2025","8:30:00 PM",2025-09-30T20:30:00-0700,"09.30.2025 - Michael G",Music,120,173567,"Jim Causey","Sep 30, 2025","9:04:00 PM",2025-09-30T21:04:00-0700,"The Dalai Lama Rama Fa Fa Fa",Sun,"Single (B-Side)",,,,,,2012,,,"Close Up Records",
"Sep 30, 2025","8:30:00 PM",2025-09-30T20:30:00-0700,"09.30.2025 - Michael G",Music,120,173567,"Jim Causey","Sep 30, 2025","9:03:35 PM",2025-09-30T21:03:35-0700,"Kikagaku Moyo",Kodama,"Forest of Lost Children",4:20,,QMMS41401302,,,2014,,,"Beyond Beyond Is Beyond Records",0888608896528
"Sep 30, 2025","8:30:00 PM",2025-09-30T20:30:00-0700,"09.30.2025 - Michael G",Music,120,173567,"Jim Causey","Sep 30, 2025","8:59:41 PM",2025-09-30T20:59:41-0700,BALTHVS,Asha,Asha,2:51,,GBRKQ2460762,,,2024,,,"Mixto Records",0198342344330
"Sep 30, 2025","8:30:00 PM",2025-09-30T20:30:00-0700,"09.30.2025 - Michael G",Music,120,173567,"Jim Causey","Sep 30, 2025","8:54:29 PM",2025-09-30T20:54:29-0700,"The Groovy Nobody","Endless Stream",Solarium,5:19,,USMH92340032,,,2023,,,"The Groovy Nobody",0198025771637
"Sep 30, 2025","8:30:00 PM",2025-09-30T20:30:00-0700,"09.30.2025 - Michael G",Music,120,173567,"Jim Causey","Sep 30, 2025","8:49:51 PM",2025-09-30T20:49:51-0700,"We Are Wood","When Bees Made Honey from Edelweiss","When Bees Made Honey from Edelweiss",4:52,,SE3OH1735176,,,2017,,,Spinnup,7332900414452
"Sep 30, 2025","8:30:00 PM",2025-09-30T20:30:00-0700,"09.30.2025 - Michael G",Music,120,173567,"Jim Causey","Sep 30, 2025","8:44:17 PM",2025-09-30T20:44:17-0700,"The Velvet Underground","Ocean - Session Outtake; 2015 Remaster","Loaded (2015 Remaster)",5:44,,USRH11503060,,,2015,,,"Atlantic Records",0603497884599
"Sep 30, 2025","8:30:00 PM",2025-09-30T20:30:00-0700,"09.30.2025 - Michael G",Music,120,173567,"Jim Causey","Sep 30, 2025","8:39:49 PM",2025-09-30T20:39:49-0700,"The Cranberries","I Still Do","Everybody Else Is Doing It, So Why Can't We?",3:16,,USIR29300079,,,2006,,,"Island Records",00731458670728
"Sep 30, 2025","8:30:00 PM",2025-09-30T20:30:00-0700,"09.30.2025 - Michael G",Music,120,173567,"Jim Causey","Sep 30, 2025","8:36:53 PM",2025-09-30T20:36:53-0700,"Coral Grief",Starboard,"Air Between Us",3:16,,US33X2524401,,,2025,,,"Suicide Squeeze Records",0617308100594
"Sep 30, 2025","8:30:00 PM",2025-09-30T20:30:00-0700,"09.30.2025 - Michael G",Music,120,173567,"Jim Causey","Sep 30, 2025","8:33:12 PM",2025-09-30T20:33:12-0700,"Thiago SKP",Pessoas,"Eu Só Volto Com a Vitória",2:33,,QZTPX2387231,,,2023,,,"Thiago SKP",
"Sep 30, 2025","8:30:00 PM",2025-09-30T20:30:00-0700,"09.30.2025 - Michael G",Music,120,173567,"Jim Causey","Sep 30, 2025","8:33:12 PM",2025-09-30T20:33:12-0700,Evanescence,"Taking Over Me",Fallen,3:48,,USWU30200114,,,2014,,,"The Bicycle Music Company",00601501406300
"Sep 23, 2025","8:30:00 PM",2025-09-23T20:30:00-0700,"Convergence Zone",Music,120,174269,"Jim Causey","Sep 23, 2025","10:29:14 PM",2025-09-23T22:29:14-0700,"Crystal Quartez",Attunement,Erospace,2:17,,QZHN32565860,,L,2025,,,DISTROKID,0199081277798
"Sep 23, 2025","8:30:00 PM",2025-09-23T20:30:00-0700,"Convergence Zone",Music,120,174269,"Jim Causey","Sep 23, 2025","10:22:35 PM",2025-09-23T22:22:35-0700,"Liam J Boyle",Revolutions,"Gemstones VI",6:32,,,,,2025,,,"Cyclical Dreams",
"Sep 23, 2025","8:30:00 PM",2025-09-23T20:30:00-0700,"Convergence Zone",Music,120,174269,"Jim Causey","Sep 23, 2025","10:15:36 PM",2025-09-23T22:15:36-0700,Raica,"The Tripvoice","The Absence of Being",7:09,,GBCMQ2500373,,L,2025,,"Stunning new ambient album from Seattle producer, DJ, record label owner, and international house music icon - https://www.quietdetails.com/post/qd39-raica-the-absence-of-being-out-now","quiet details",5050580858480
"Sep 23, 2025","8:30:00 PM",2025-09-23T20:30:00-0700,"Convergence Zone",Music,120,174269,"Jim Causey","Sep 23, 2025","10:09:47 PM",2025-09-23T22:09:47-0700,"Tara Clerkin Trio","The Turning Ground","The Turning Ground",4:25,,QMBZ92367750,,,2023,,,"World of Echo",0197189579387
"Sep 23, 2025","8:30:00 PM",2025-09-23T20:30:00-0700,"Convergence Zone",Music,120,174269,"Jim Causey","Sep 23, 2025","10:05:30 PM",2025-09-23T22:05:30-0700,BLUETECH,"Artemis Program (Laika's Lament)","Spacehop Chronicles 2",4:16,,QZZ782517208,,L,2025,,"Brand new from Seattle's own Bluetech","Over The Moon Music",0199326231905
"Sep 23, 2025","8:30:00 PM",2025-09-23T20:30:00-0700,"Convergence Zone",Music,120,174269,"Jim Causey","Sep 23, 2025","10:00:52 PM",2025-09-23T22:00:52-0700,"Deborah Martin & Jill Haley","Fitful Dreams","Rendering Time",4:53,,USSP52590005,,L,2025,,"Third ambient LP from this partnership is due out on September 29","Spotted Peccary",600028906829
"Sep 23, 2025","8:30:00 PM",2025-09-23T20:30:00-0700,"Convergence Zone",Music,120,174269,"Jim Causey","Sep 23, 2025","9:47:21 PM",2025-09-23T21:47:21-0700,"Chuck van Zyl","Force Field","Gemstones VI",13:17,,,,,2025,,,"Cyclical Dreams",
"Sep 23, 2025","8:30:00 PM",2025-09-23T20:30:00-0700,"Convergence Zone",Music,120,174269,"Jim Causey","Sep 23, 2025","9:40:41 PM",2025-09-23T21:40:41-0700,Raica,"The Details","The Absence of Being",6:58,,GBCMQ2500368,,L,2025,,"Stunning new ambient album from Seattle producer, DJ, record label owner, and international house music icon - https://www.quietdetails.com/post/qd39-raica-the-absence-of-being-out-now","quiet details",5050580858480
"Sep 23, 2025","8:30:00 PM",2025-09-23T20:30:00-0700,"Convergence Zone",Music,120,174269,"Jim Causey","Sep 23, 2025","9:35:27 PM",2025-09-23T21:35:27-0700,"NCY Milky Band","Aphex Twin","Our Gurus 2",3:57,,FR8KQ2300320,,,2023,,,"BMM Records",3617223801887
"Sep 23, 2025","8:30:00 PM",2025-09-23T20:30:00-0700,"Convergence Zone",Music,120,174269,"Jim Causey","Sep 23, 2025","9:34:27 PM",2025-09-23T21:34:27-0700,"NCY Milky Band","Aphex Talking","Our Gurus 2",0:46,,FR8KQ2300310,,,2023,,,"BMM Records",3617223801887
"Sep 23, 2025","8:30:00 PM",2025-09-23T20:30:00-0700,"Convergence Zone",Music,120,174269,"Jim Causey","Sep 23, 2025","9:31:56 PM",2025-09-23T21:31:56-0700,"Hello Meteor","Night Boat To East Hoshimi","Darling River",2:39,,QZWFW2529438,,L,2025,,,DISTROKID,0199506228930
"Sep 23, 2025","8:30:00 PM",2025-09-23T20:30:00-0700,"Convergence Zone",Music,120,174269,"Jim Causey","Sep 23, 2025","9:28:03 PM",2025-09-23T21:28:03-0700,NAVVI,Ultimae,V,4:04,,GBHLW2300287,,L,2023,,,"Hush Hush",5056321686466
"Sep 23, 2025","8:30:00 PM",2025-09-23T20:30:00-0700,"Convergence Zone",Music,120,174269,"Jim Causey","Sep 23, 2025","9:23:40 PM",2025-09-23T21:23:40-0700,Lusine,"Zero to Sixty (feat. Sarah Jaffe)","Long Light",4:48,,US2J72302702,,L,2023,,,"Ghostly International",804297842707
"Sep 23, 2025","8:30:00 PM",2025-09-23T20:30:00-0700,"Convergence Zone",Music,120,174269,"Jim Causey","Sep 23, 2025","9:20:03 PM",2025-09-23T21:20:03-0700,"Crystal Quartez","Sacred and Scared",Erospace,3:40,,QZHN32565855,,L,2025,,,DISTROKID,0199081277798
"Sep 23, 2025","8:30:00 PM",2025-09-23T20:30:00-0700,"Convergence Zone",Music,120,174269,"Jim Causey","Sep 23, 2025","9:14:39 PM",2025-09-23T21:14:39-0700,"New Order","Dreams Never End",Movement,3:13,,GBAAP0200504,,,1981,,,"Warner Music UK",825646054602
"Sep 23, 2025","8:30:00 PM",2025-09-23T20:30:00-0700,"Convergence Zone",Music,120,174269,"Jim Causey","Sep 23, 2025","9:10:44 PM",2025-09-23T21:10:44-0700,"Drab Majesty",Oxytocin,Oxytocin,3:55,,QMEU31901400,,,2019,,,"Dais Records",0656605345086
"Sep 23, 2025","8:30:00 PM",2025-09-23T20:30:00-0700,"Convergence Zone",Music,120,174269,"Jim Causey","Sep 23, 2025","9:05:36 PM",2025-09-23T21:05:36-0700,"Boy Harsher","Yr Body Is Nothing","Yr Body Is Nothing",5:12,,USA2P1681430,,,2016,,,"DKA Records",0889326739777
"Sep 23, 2025","8:30:00 PM",2025-09-23T20:30:00-0700,"Convergence Zone",Music,120,174269,"Jim Causey","Sep 23, 2025","9:01:32 PM",2025-09-23T21:01:32-0700,Other,"Drunken Butterfly","She Moves Through Worlds",3:46,,QZMEP2592914,,L,2025,,,"3394290 Records DK",0199337219794
"Sep 23, 2025","8:30:00 PM",2025-09-23T20:30:00-0700,"Convergence Zone",Music,120,174269,"Jim Causey","Sep 23, 2025","8:55:58 PM",2025-09-23T20:55:58-0700,"Tame Impala",Loser,Loser,3:41,,USQX92504224,,,2025,,"New LP ""Dracula"" due out on Friday",SME,0196873531786
"Sep 23, 2025","8:30:00 PM",2025-09-23T20:30:00-0700,"Convergence Zone",Music,120,174269,"Jim Causey","Sep 23, 2025","8:52:27 PM",2025-09-23T20:52:27-0700,"White Lies","Keep Up","Keep Up",3:36,,GBENL2504413,,,2025,,"Brand new from White Lies! ""Night Light"", their 7th LP, due out in November ","Play It Again Sam",5400863189730
"Sep 23, 2025","8:30:00 PM",2025-09-23T20:30:00-0700,"Convergence Zone",Music,120,174269,"Jim Causey","Sep 23, 2025","8:47:47 PM",2025-09-23T20:47:47-0700,"Nation of Language","I'm Not Ready for the Change","Dance Called Memory",4:45,,USSUB2570005,,,2025,,"Coming to Seattle's Showbox on October 9 and 10 - https://www.nationoflanguage.com/events","Subpop Record Group",0098787170061
"Sep 23, 2025","8:30:00 PM",2025-09-23T20:30:00-0700,"Convergence Zone",Music,120,174269,"Jim Causey","Sep 23, 2025","8:44:31 PM",2025-09-23T20:44:31-0700,Hatchie,"Lose It Again","Lose It Again",3:31,,US38W2550308,,,2025,,"""Liquorice"" is due out November 7! - https://hatchie.bandcamp.com/album/liquorice","Secretly Canadian",0656605050379
"Sep 23, 2025","8:30:00 PM",2025-09-23T20:30:00-0700,"Convergence Zone",Music,120,174269,"Jim Causey","Sep 23, 2025","8:38:13 PM",2025-09-23T20:38:13-0700,Roosevelt,Elliot,"Elliot - EP",4:21,,GBRTB1300166,,,2013,,,"Greco-Roman Ltd",5065001989568
"Sep 23, 2025","8:30:00 PM",2025-09-23T20:30:00-0700,"Convergence Zone",Music,120,174269,"Jim Causey","Sep 23, 2025","8:33:41 PM",2025-09-23T20:33:41-0700,"Small Black",Postcard,"Cheap Dreams",4:35,,QMGR32242719,,,2021,,,"100% Electronica",0720665588148
"Sep 23, 2025","8:30:00 PM",2025-09-23T20:30:00-0700,"Convergence Zone",Music,120,174269,"Jim Causey","Sep 23, 2025","8:30:09 PM",2025-09-23T20:30:09-0700,"Hotel Pools & Brothertiger",Boundary,Paradigms,3:49,,QZWV32571044,,L,2025,,"Brand new from Portland's Hotel Pools - with NY-based Brothertiger",Brothertiger,199502092474
"Sep 16, 2025","8:30:00 PM",2025-09-16T20:30:00-0700,"09.16.2025 - Michael G",Music,120,173567,"Jim Causey","Sep 16, 2025","10:25:59 PM",2025-09-16T22:25:59-0700,Mylo,"Valley Of The Dolls","Destroy Rock & Roll",3:29,,AUNV00600095,,,2009,,,"Universal Music Australia (Distribution)",
"Sep 16, 2025","8:30:00 PM",2025-09-16T20:30:00-0700,"09.16.2025 - Michael G",Music,120,173567,"Jim Causey","Sep 16, 2025","10:22:16 PM",2025-09-16T22:22:16-0700,"Night Heron","DO & DON'T SAY",ESCAPISM,3:50,,QMDA72454395,,,2025,,,"Literal Gold Records",0198846863344
"Sep 16, 2025","8:30:00 PM",2025-09-16T20:30:00-0700,"09.16.2025 - Michael G",Music,120,173567,"Jim Causey","Sep 16, 2025","10:19:11 PM",2025-09-16T22:19:11-0700,"Qur'an Shaheed",Reach,Process,3:08,,US25X2003071,,,2020,,,"Preference Records",0669158549290
"Sep 16, 2025","8:30:00 PM",2025-09-16T20:30:00-0700,"09.16.2025 - Michael G",Music,120,173567,"Jim Causey","Sep 16, 2025","10:12:40 PM",2025-09-16T22:12:40-0700,Dreamatic,"Audio Trip","I Can Feel It / Audio Trip - Single",6:50,,IT00G9100503,,,1991,,,"Dance Floor Corporation",8014360005041
"Sep 16, 2025","8:30:00 PM",2025-09-16T20:30:00-0700,"09.16.2025 - Michael G",Music,120,173567,"Jim Causey","Sep 16, 2025","10:07:53 PM",2025-09-16T22:07:53-0700,"Simian Mobile Disco","Defender - Single Version",Defender,3:50,,GBDNH1800003,,,2018,,,"Wichita Recordings",5055036225298
"Sep 16, 2025","8:30:00 PM",2025-09-16T20:30:00-0700,"09.16.2025 - Michael G",Music,120,173567,"Jim Causey","Sep 16, 2025","10:03:03 PM",2025-09-16T22:03:03-0700,"Jurgen Muller","Thebes Triad","The Encyclopedia Of Civilizations Vol.1: Egypt",5:08,,US2391900087,,,2019,,,"Lucian Lift",0881626539163
"Sep 16, 2025","8:30:00 PM",2025-09-16T20:30:00-0700,"09.16.2025 - Michael G",Music,120,173567,"Jim Causey","Sep 16, 2025","9:59:59 PM",2025-09-16T21:59:59-0700,"Acid Lab","Quiet Scapes","Mind Encode",3:17,,QZQGC2500410,,,2025,,,"Onset Audio",0673681905812
"Sep 16, 2025","8:30:00 PM",2025-09-16T20:30:00-0700,"09.16.2025 - Michael G",Music,120,173567,"Jim Causey","Sep 16, 2025","9:54:18 PM",2025-09-16T21:54:18-0700,"Nicolas Godin","The Border","Concrete and Glass",4:50,,FR7LG1800024,,,2019,,,"Because Music",05060686504501
"Sep 16, 2025","8:30:00 PM",2025-09-16T20:30:00-0700,"09.16.2025 - Michael G",Music,120,173567,"Jim Causey","Sep 16, 2025","9:47:09 PM",2025-09-16T21:47:09-0700,D*time,"Event Horizon Artefacts","Shadows Of Time",6:06,,QZWFM2564560,,,2025,,,"753196 Records DK",0199510513992
"Sep 16, 2025","8:30:00 PM",2025-09-16T20:30:00-0700,"09.16.2025 - Michael G",Music,120,173567,"Jim Causey","Sep 16, 2025","9:43:23 PM",2025-09-16T21:43:23-0700,"King Gizzard & The Lizard Wizard","Blue Morpho","Butterfly 3000",3:51,,AU2ZC2000055,,,2021,,,"KGLW (King Gizzard & the Lizard Wizard)",
"Sep 16, 2025","8:30:00 PM",2025-09-16T20:30:00-0700,"09.16.2025 - Michael G",Music,120,173567,"Jim Causey","Sep 16, 2025","9:37:20 PM",2025-09-16T21:37:20-0700,"New Astronomy",Float,"Lesser Infinities",4:44,,USCGH2575067,,,2025,,,"New Astronomy",0198999813661
"Sep 16, 2025","8:30:00 PM",2025-09-16T20:30:00-0700,"09.16.2025 - Michael G",Music,120,173567,"Jim Causey","Sep 16, 2025","9:34:36 PM",2025-09-16T21:34:36-0700,BT,Immutable,Metaversal,3:02,,NLE712100825,,,2021,,,"Black Hole Recordings",8718525242691
"Sep 16, 2025","8:30:00 PM",2025-09-16T20:30:00-0700,"09.16.2025 - Michael G",Music,120,173567,"Jim Causey","Sep 16, 2025","9:29:44 PM",2025-09-16T21:29:44-0700,"Cool Maritime","Soft Fascination","Big Earth Energy",5:08,,US78L2224004,,,2022,,,"Western Vinyl",0617308027440
"Sep 16, 2025","8:30:00 PM",2025-09-16T20:30:00-0700,"09.16.2025 - Michael G",Music,120,173567,"Jim Causey","Sep 16, 2025","9:23:18 PM",2025-09-16T21:23:18-0700,Transponder,"Prelude to Prophecy","Empire of the Eclipse",6:34,,USDY42439791,,,2024,,,Exosphere,0198500543681
"Sep 16, 2025","8:30:00 PM",2025-09-16T20:30:00-0700,"09.16.2025 - Michael G",Music,120,173567,"Jim Causey","Sep 16, 2025","9:15:59 PM",2025-09-16T21:15:59-0700,"Claude Challe","Drama Of Japan",Buddha-Bar.II,6:10,,,,,,,,Wagram,
"Sep 16, 2025","8:30:00 PM",2025-09-16T20:30:00-0700,"09.16.2025 - Michael G",Music,120,173567,"Jim Causey","Sep 16, 2025","9:09:06 PM",2025-09-16T21:09:06-0700,echodrone,"Falling from Planes",Five,7:00,,QMTXS1400199,,,2015,,,"Saint Marie",0889176402203
"Sep 16, 2025","8:30:00 PM",2025-09-16T20:30:00-0700,"09.16.2025 - Michael G",Music,120,173567,"Jim Causey","Sep 16, 2025","9:00:43 PM",2025-09-16T21:00:43-0700,"Sea Lemon",Stay,Stay,3:12,,QMFME2487122,,,2025,,,"Luminelle Recordings",0199066146996
"Sep 16, 2025","8:30:00 PM",2025-09-16T20:30:00-0700,"09.16.2025 - Michael G",Music,120,173567,"Jim Causey","Sep 16, 2025","8:56:29 PM",2025-09-16T20:56:29-0700,"St Germain","What You Think About...","Tourist [Remastered] (Remastered Version)",4:48,,FR92S1200009,,,2014,,,"Parlophone (France)",5099963645750
"Sep 16, 2025","8:30:00 PM",2025-09-16T20:30:00-0700,"09.16.2025 - Michael G",Music,120,173567,"Jim Causey","Sep 16, 2025","8:51:55 PM",2025-09-16T20:51:55-0700,"Catherine Wheel","Flower To Hide",Ferment,4:43,,USWWW0134810,,,1992,,,"Island Mercury",00731451251023
"Sep 16, 2025","8:30:00 PM",2025-09-16T20:30:00-0700,"09.16.2025 - Michael G",Music,120,173567,"Jim Causey","Sep 16, 2025","8:45:42 PM",2025-09-16T20:45:42-0700,"The Cure","From The Edge Of The Deep Green Sea - Love In Vain Mix 2018","Mixed Up (Deluxe Edition)",6:21,,GBUM71705728,,,2018,,,"UMC (Universal Music Catalogue)",00602567099758
"Sep 16, 2025","8:30:00 PM",2025-09-16T20:30:00-0700,"09.16.2025 - Michael G",Music,120,173567,"Jim Causey","Sep 16, 2025","8:41:46 PM",2025-09-16T20:41:46-0700,"Dead Vibrations",Reflections,"Reflections - Single",4:08,,SE3OH1513722,,,2015,,,Spinnup,7332900112778
"Sep 16, 2025","8:30:00 PM",2025-09-16T20:30:00-0700,"09.16.2025 - Michael G",Music,120,173567,"Jim Causey","Sep 16, 2025","8:36:19 PM",2025-09-16T20:36:19-0700,"Cavern of Anti-Matter","melody in high feedback tones","melody in high feedback tones",3:54,,GB5P51500034,,,2016,,,Duophonic,5060384610634
"Sep 16, 2025","8:30:00 PM",2025-09-16T20:30:00-0700,"09.16.2025 - Michael G",Music,120,173567,"Jim Causey","Sep 16, 2025","8:30:49 PM",2025-09-16T20:30:49-0700,"The Mermen","Unto The Resplendent","The Amazing California Health And Happiness Road Show",5:41,,USA2P0823120,,,2000,,,"Mesa BlueMoon Recordings",0644949110125
"Sep 9, 2025","8:30:00 PM",2025-09-09T20:30:00-0700,"Convergence Zone",Music,120,174269,"Jim Causey","Sep 9, 2025","10:24:25 PM",2025-09-09T22:24:25-0700,"Dao Strom","owe own","Tender Revolutions",6:48,,,,L,2025,,"Due out September 12! "" Tender Revolutions is the latest from Vietnam-born, Portland-based multimedia artist Dao Strom. A fluid album, existing between genres—part ambient folk, part sound collage, part spoken word, part post rock—it blurs the line between the work of an experimental composer and the work of an accomplished singer-songwriter.""","Beacon Sound",199538391589
"Sep 9, 2025","8:30:00 PM",2025-09-09T20:30:00-0700,"Convergence Zone",Music,120,174269,"Jim Causey","Sep 9, 2025","10:17:46 PM",2025-09-09T22:17:46-0700,citrine,"facing the wind","line of sight",6:28,,QZES72580047,,,2025,,"""citrine is the collaborative project of our very own Brad Deschamps (anthéne) with Melbourne-based vocalist, violist, producer and sound alchemist Phoebe Dubar. Phoebe is well established for her work as IKSRE (I Keep Seeing Rainbows Everywhere)""","Home Normal",0199083290375
"Sep 9, 2025","8:30:00 PM",2025-09-09T20:30:00-0700,"Convergence Zone",Music,120,174269,"Jim Causey","Sep 9, 2025","10:09:55 PM",2025-09-09T22:09:55-0700,"Rodrigo Passannanti","The Eternal","Everything Dies",8:37,,GXBDS2516512,,,2025,,"""A profound and synthematic exploration that stimulates the intellect through the interplay of universes and ritualistic expressions, contemplating on all entities that have departed our existence, culminating in the understanding that the future has already transpired without our awareness.""","Cyclical Dreams",
"Sep 9, 2025","8:30:00 PM",2025-09-09T20:30:00-0700,"Convergence Zone",Music,120,174269,"Jim Causey","Sep 9, 2025","10:07:11 PM",2025-09-09T22:07:11-0700,Talkdemonic,"Early and Forever","Early and Forever",2:56,,ushm92553582,,,2025,,"New album due out September 12 - vinyl pre-sale still underway: https://talkdemonic.bandcamp.com/album/very-cool-yesterday","Bathysphere Records",0199800207655
"Sep 9, 2025","8:30:00 PM",2025-09-09T20:30:00-0700,"Convergence Zone",Music,120,174269,"Jim Causey","Sep 9, 2025","10:02:25 PM",2025-09-09T22:02:25-0700,"Domenica Diavoleria","arc in d sign","arc in d sign",5:05,,,,L,2025,,"Olympia-based musician, co-headlining Hildegard Fest 25 on September 17 in Seattle - https://domenicadiavoleria.bandcamp.com/track/arc-in-d-sign",,
"Sep 9, 2025","8:30:00 PM",2025-09-09T20:30:00-0700,"Convergence Zone",Music,120,174269,"Jim Causey","Sep 9, 2025","9:56:12 PM",2025-09-09T21:56:12-0700,"The OO-Ray",Marginals,Marginals,4:41,,QMDA62583295,,L,2025,,"""Shoegazer Cello"" or ""Chamber Drone"" from Ted Laderas, Portland-based musician","Beacon Sound",0199538303797
"Sep 9, 2025","8:30:00 PM",2025-09-09T20:30:00-0700,"Convergence Zone",Music,120,174269,"Jim Causey","Sep 9, 2025","9:50:42 PM",2025-09-09T21:50:42-0700,"Sarah Beaty, Mari Sato & Shuai Wang","Declaration: IV. Whom Do You Call Angel Now?","Brouwer: Reactions",5:38,,HKI192120407,,L,2022,,"Portland-based mezzo-soprano Sarah Beaty co-headlines Hildegard Fest 25 on September 17 in Seattle - https://www.sarahbeaty.com/bio",Naxos,636943990421
"Sep 9, 2025","8:30:00 PM",2025-09-09T20:30:00-0700,"Convergence Zone",Music,120,174269,"Jim Causey","Sep 9, 2025","9:48:11 PM",2025-09-09T21:48:11-0700,"Sarah Beaty, Mari Sato & Shuai Wang","Declaration: II. Scattering in Fear","Brouwer: Reactions",2:31,,HKI192120405,,L,2022,,"<p>""Sarah co-founded Vocatrix, an LA-based Medieval ensemble which brings together early music virtuose to perform the music of Hildegard von Bingen. Sarah sang the role of Castitas in Hildegard’s rarely performed <em>Ordo Virtutum</em> on the Berkeley Early Music Festival. ""</p>",Naxos,636943990421
"Sep 9, 2025","8:30:00 PM",2025-09-09T20:30:00-0700,"Convergence Zone",Music,120,174269,"Jim Causey","Sep 9, 2025","9:43:39 PM",2025-09-09T21:43:39-0700,"Sarah Beaty, Mari Sato & Shuai Wang","Declaration: I. Thorn","Brouwer: Reactions",4:32,,HKI192120404,,L,2022,,"Portland-based mezzo-soprano Sarah Beaty co-headlines Hildegard Fest 25 on September 17 in Seattle - https://www.sarahbeaty.com/bio",Naxos,636943990421
"Sep 9, 2025","8:30:00 PM",2025-09-09T20:30:00-0700,"Convergence Zone",Music,120,174269,"Jim Causey","Sep 9, 2025","9:36:17 PM",2025-09-09T21:36:17-0700,"Mt Fog","Turn into Leaves","Guide to the Unusual",5:37,,QZHN92142174,,L,2021,,"Seattle's own Mt. Fog presents Hildegard Fest 25 - her new music project, Every Shade of Green, will co-headline the event on Wednesday, September 17, 2025 at Vermillion in Seattle: https://www.mtfog.com/hildegard25","Save the Forest for the Trees",0196251393050
"Sep 9, 2025","8:30:00 PM",2025-09-09T20:30:00-0700,"Convergence Zone",Music,120,174269,"Jim Causey","Sep 9, 2025","9:30:40 PM",2025-09-09T21:30:40-0700,"Kaley Lane Eaton","The End of the Line","The End of the Line",5:38,,QZWFJ2373659,,L,2024,,"Seattle-based composer and singer-songwriter will co-headline Hildegard Fest 25 on Wednesday, September 17 - https://www.kaleylaneeaton.com/","Strange Moon Records",0019307131782
"Sep 9, 2025","8:30:00 PM",2025-09-09T20:30:00-0700,"Convergence Zone",Music,120,174269,"Jim Causey","Sep 9, 2025","9:23:07 PM",2025-09-09T21:23:07-0700,"Pabellón Sintético","Le Modulor","Machine for living",7:41,,GX5MY2555440,,,2025,,"<p>""The
album is inspired by my visit to the Curutchet House. It was designed by the
great architect Le Corbusier (Charles Edouard Jeanneret) for the surgeon Pedro
Domingo Curutchet. Located in La Plata, Province of Buenos Aires, Argentina, it
is the only house built in South America by the great master. The architect
knew Argentina and the city of La Plata from his trip in 1929, but he never
travelled to Argentina during the construction of the building.""</p>","Cyclical Dreams",
"Sep 9, 2025","8:30:00 PM",2025-09-09T20:30:00-0700,"Convergence Zone",Music,120,174269,"Jim Causey","Sep 9, 2025","9:17:58 PM",2025-09-09T21:17:58-0700,"Erik Wøllo","Sinuous Path","Aeris Suite",5:28,,,,,2025,,"New EP due out September 19, 2025",Projekt,
"Sep 9, 2025","8:30:00 PM",2025-09-09T20:30:00-0700,"Convergence Zone",Music,120,174269,"Jim Causey","Sep 9, 2025","9:11:46 PM",2025-09-09T21:11:46-0700,"Martin Stürtzer","Threshold Orbit",Protostar,7:28,,,,,2025,,,Synphaera,
"Sep 9, 2025","8:30:00 PM",2025-09-09T20:30:00-0700,"Convergence Zone",Music,120,174269,"Jim Causey","Sep 9, 2025","9:01:40 PM",2025-09-09T21:01:40-0700,"Luke Requena","Under the Scarlet Fog","Myth and Murmur",8:45,,usl4q2539831,,L,2025,,"<p>Third studio LP from the Vancouver, BC-based artist - ""It is an exploration of ancient ritual and forgotten landscapes. An odyssey powered by machine and myth, altering between sunlit nostalgia and dark ceremony.""</p>","Shady Ridge Records",
"Sep 9, 2025","8:30:00 PM",2025-09-09T20:30:00-0700,"Convergence Zone",Music,120,174269,"Jim Causey","Sep 9, 2025","8:56:56 PM",2025-09-09T20:56:56-0700,Other,Mythos,"She Moves Through Worlds",3:52,,QZMEP2592911,,L,2025,,"Album release party on Friday, September 12 at The Mountain Room in Seattle - doors at 7pm, show at 8pm: 

https://www.themountainroomseattle.com/event-details/other-album-release-1","3394290 Records DK",0199337219794
"Sep 9, 2025","8:30:00 PM",2025-09-09T20:30:00-0700,"Convergence Zone",Music,120,174269,"Jim Causey","Sep 9, 2025","8:52:04 PM",2025-09-09T20:52:04-0700,"Cut Copy feat. Kate Bollinger","Belong To You",Moments,4:30,,AUQJ32504302,,,2025,,"Brand new music from Australian group Cut Copy - featuring vocals from American singer-songwriter Kate Bollinger","Cutters Records",199350686856
"Sep 9, 2025","8:30:00 PM",2025-09-09T20:30:00-0700,"Convergence Zone",Music,120,174269,"Jim Causey","Sep 9, 2025","8:44:49 PM",2025-09-09T20:44:49-0700,"Tame Impala","End Of Summer","End Of Summer",7:11,,USQX92502794,,,2025,,"First single from ""Deadbeat"" - the 5th LP from Tame Impala, due out on October 17",SME,0196873424460
"Sep 9, 2025","8:30:00 PM",2025-09-09T20:30:00-0700,"Convergence Zone",Music,120,174269,"Jim Causey","Sep 9, 2025","8:40:03 PM",2025-09-09T20:40:03-0700,"Future Islands","Ancient Water","The Far Field",3:55,,GBAFL1600402,,,2017,,,4AD,5059638055611
"Sep 9, 2025","8:30:00 PM",2025-09-09T20:30:00-0700,"Convergence Zone",Music,120,174269,"Jim Causey","Sep 9, 2025","8:35:17 PM",2025-09-09T20:35:17-0700,"Night Heron","SUN IN MY EYEZ",ESCAPISM,5:12,,QMDA72454388,,L,2025,,"""Psychedelic soul for night driving"" from Portland - saying goodbye to those long warm nights","Literal Gold Records",198846863344
"Sep 9, 2025","8:30:00 PM",2025-09-09T20:30:00-0700,"Convergence Zone",Music,120,174269,"Jim Causey","Sep 9, 2025","8:32:00 PM",2025-09-09T20:32:00-0700,"Sea Lemon","In The Flowers","Diving For A Prize",3:21,,QMFME2487265,,L,2025,,"Seattle dreampop from Natalie Lew","Luminelle Recordings",199066146996
"Sep 2, 2025","8:30:00 PM",2025-09-02T20:30:00-0700,"09.02.2025 - Michael G",Music,120,173567,"Jim Causey","Sep 2, 2025","10:24:22 PM",2025-09-02T22:24:22-0700,"Laurel Halo",Earthbound,Atlas,4:16,,DEG932301503,,,2023,,,Awe,4062548065206
"Sep 2, 2025","8:30:00 PM",2025-09-02T20:30:00-0700,"09.02.2025 - Michael G",Music,120,173567,"Jim Causey","Sep 2, 2025","10:22:00 PM",2025-09-02T22:22:00-0700,Deepspace,ApproachingTheBlue,"Water Planets",,,,,,2025,,,"Projekt Records",
"Sep 2, 2025","8:30:00 PM",2025-09-02T20:30:00-0700,"09.02.2025 - Michael G",Music,120,173567,"Jim Causey","Sep 2, 2025","10:14:09 PM",2025-09-02T22:14:09-0700,"Vanishing Twin","The Conservation of Energy","The Conservation of Energy",4:13,,GBUQH1500185,,,2016,,,"Soundway Records",5056032304529
"Sep 2, 2025","8:30:00 PM",2025-09-02T20:30:00-0700,"09.02.2025 - Michael G",Music,120,173567,"Jim Causey","Sep 2, 2025","10:11:02 PM",2025-09-02T22:11:02-0700,"The Union Trade",Aurelia,"Why We Need Night",3:14,,USHAF1110005,,,2011,,,"Tricycle Records",0844185090216
"Sep 2, 2025","8:30:00 PM",2025-09-02T20:30:00-0700,"09.02.2025 - Michael G",Music,120,173567,"Jim Causey","Sep 2, 2025","10:06:00 PM",2025-09-02T22:06:00-0700,"Haunted Computer","New Bug","Spectral Vision",,,,,,2025,,,Self-Released,
"Sep 2, 2025","8:30:00 PM",2025-09-02T20:30:00-0700,"09.02.2025 - Michael G",Music,120,173567,"Jim Causey","Sep 2, 2025","10:02:00 PM",2025-09-02T22:02:00-0700,Aukai,"Slow Sun","Slow Sun",3:39,,QZHN42582853,,,2025,,,DISTROKID,0199080723869
"Sep 2, 2025","8:30:00 PM",2025-09-02T20:30:00-0700,"09.02.2025 - Michael G",Music,120,173567,"Jim Causey","Sep 2, 2025","9:57:12 PM",2025-09-02T21:57:12-0700,"Glass Beams",Orb,Mahal,4:54,,GBCFB2400002,,,2024,,,"Ninja Tune",5054429192247
"Sep 2, 2025","8:30:00 PM",2025-09-02T20:30:00-0700,"09.02.2025 - Michael G",Music,120,173567,"Jim Causey","Sep 2, 2025","9:53:12 PM",2025-09-02T21:53:12-0700,Offthewally,"Into the Night",Pollination,3:05,,SEYOK2315645,,,2023,,,Offthewally,7321170648193
"Sep 2, 2025","8:30:00 PM",2025-09-02T20:30:00-0700,"09.02.2025 - Michael G",Music,120,173567,"Jim Causey","Sep 2, 2025","9:45:00 PM",2025-09-02T21:45:00-0700,"Bluetech and Steve Hillage",Hypnagogue,"Dreamtime Submersible",,,,,,2008,,,Bluetech,
"Sep 2, 2025","8:30:00 PM",2025-09-02T20:30:00-0700,"09.02.2025 - Michael G",Music,120,173567,"Jim Causey","Sep 2, 2025","9:42:13 PM",2025-09-02T21:42:13-0700,"Evan Marc",Hypnopomp,"Dreamtime Submersible",10:04,,US25T0890536,,,2008,,,Somnia,0844185016469
"Sep 2, 2025","8:30:00 PM",2025-09-02T20:30:00-0700,"09.02.2025 - Michael G",Music,120,173567,"Jim Causey","Sep 2, 2025","9:36:49 PM",2025-09-02T21:36:49-0700,Dungen,"Jakten genom skogen",Häxan,4:10,,QMV8L1522202,,,2017,,,"Mexican Summer",00184923122268
"Sep 2, 2025","8:30:00 PM",2025-09-02T20:30:00-0700,"09.02.2025 - Michael G",Music,120,173567,"Jim Causey","Sep 2, 2025","9:32:52 PM",2025-09-02T21:32:52-0700,"Can of Clouds","La Sortie","Passing Vistas",4:12,,TCAJH2566938,,,2025,,,"Pocket Star Records",
"Sep 2, 2025","8:30:00 PM",2025-09-02T20:30:00-0700,"09.02.2025 - Michael G",Music,120,173567,"Jim Causey","Sep 2, 2025","9:26:00 PM",2025-09-02T21:26:00-0700,yu-more,"Organize Before Life",Single,,,,,,2019,,,Self-Released,
"Sep 2, 2025","8:30:00 PM",2025-09-02T20:30:00-0700,"09.02.2025 - Michael G",Music,120,173567,"Jim Causey","Sep 2, 2025","9:25:17 PM",2025-09-02T21:25:17-0700,"Daniele Ravaioli","02 Sequence - Drum Loop (122bpm)","Melodic House & Techno Drum Loops Vol.2",5:22,,FR2X42068440,,,2020,,,"Danirava Records Samples Area",3616405326873
"Sep 2, 2025","8:30:00 PM",2025-09-02T20:30:00-0700,"09.02.2025 - Michael G",Music,120,173567,"Jim Causey","Sep 2, 2025","9:20:57 PM",2025-09-02T21:20:57-0700,"Chronotope Project","Unwinding the Dream - Remix",Chronology,6:12,,USSP52328036,,,2023,,,"Brain Laughter, Inc.",0600028280820
"Sep 2, 2025","8:30:00 PM",2025-09-02T20:30:00-0700,"09.02.2025 - Michael G",Music,120,173567,"Jim Causey","Sep 2, 2025","9:16:54 PM",2025-09-02T21:16:54-0700,"Arc De Soleil","Sahara Cowboy","Chameleon Sunday",3:04,,SE5Q51900476,,,2019,,,"Epidemic Sound",7330178021570
"Sep 2, 2025","8:30:00 PM",2025-09-02T20:30:00-0700,"09.02.2025 - Michael G",Music,120,173567,"Jim Causey","Sep 2, 2025","9:13:30 PM",2025-09-02T21:13:30-0700,"Nightmares On Wax","You Wish","In A Space Outta Sound",3:29,,GBBPW0500164,,,2010,,,"Handspun Records",0826194159245
"Sep 2, 2025","8:30:00 PM",2025-09-02T20:30:00-0700,"09.02.2025 - Michael G",Music,120,173567,"Jim Causey","Sep 2, 2025","9:09:33 PM",2025-09-02T21:09:33-0700,"Ikebe Shakedown","Road Song","The Beast / Road Song - EP",3:00,,USUR41131502,,,2013,,,"Ubiquity Recordings, Inc.",0780661131519
"Sep 2, 2025","8:30:00 PM",2025-09-02T20:30:00-0700,"09.02.2025 - Michael G",Music,120,173567,"Jim Causey","Sep 2, 2025","9:05:40 PM",2025-09-02T21:05:40-0700,BALTHVS,"Sun Colored Eyes, Pt. 1",Harvest,2:06,,QZTRX2474453,,,2024,,,"Mixto Records",0198342766361
"Sep 2, 2025","8:30:00 PM",2025-09-02T20:30:00-0700,"09.02.2025 - Michael G",Music,120,173567,"Jim Causey","Sep 2, 2025","8:59:00 PM",2025-09-02T20:59:00-0700,Simic,Saturn,"Discussion of Interests",,,,,,2017,,,SecondNature,
"Sep 2, 2025","8:30:00 PM",2025-09-02T20:30:00-0700,"09.02.2025 - Michael G",Music,120,173567,"Jim Causey","Sep 2, 2025","8:57:40 PM",2025-09-02T20:57:40-0700,"Orville Johnson","Waggy Tail",Freehand,3:11,,USHM80573084,,,2003,,,OJM,0678277055520
"Sep 2, 2025","8:30:00 PM",2025-09-02T20:30:00-0700,"09.02.2025 - Michael G",Music,120,173567,"Jim Causey","Sep 2, 2025","8:53:55 PM",2025-09-02T20:53:55-0700,Allah-Las,"Raspberry Jam","Self Discovery For Social Survival (Original Motion Picture Soundtrack)",3:48,,QMV8L1725504,,,2019,,,"Mexican Summer",00184923125580
"Sep 2, 2025","8:30:00 PM",2025-09-02T20:30:00-0700,"09.02.2025 - Michael G",Music,120,173567,"Jim Causey","Sep 2, 2025","8:49:06 PM",2025-09-02T20:49:06-0700,Pinkshinyultrablast,"Ravestar Supreme","Everything Else Matters",3:54,,GBJRZ1500007,,,2015,,,"Club AC30",3610159777226
"Sep 2, 2025","8:30:00 PM",2025-09-02T20:30:00-0700,"09.02.2025 - Michael G",Music,120,173567,"Jim Causey","Sep 2, 2025","8:45:38 PM",2025-09-02T20:45:38-0700,"Melody's Echo Chamber","I Follow You","Melody's Echo Chamber",3:35,,GBCEL1200322,,,2012,,,"Weird World",5055453702150
"Sep 2, 2025","8:30:00 PM",2025-09-02T20:30:00-0700,"09.02.2025 - Michael G",Music,120,173567,"Jim Causey","Sep 2, 2025","8:40:04 PM",2025-09-02T20:40:04-0700,Spires,"Candy Flip","Spires - Debut Single",4:20,,TCABP1379442,,,2013,,,"401K Music Inc",0859711080999
"Sep 2, 2025","8:30:00 PM",2025-09-02T20:30:00-0700,"09.02.2025 - Michael G",Music,120,173567,"Jim Causey","Sep 2, 2025","8:34:09 PM",2025-09-02T20:34:09-0700,Seasurfer,Falling,"Under the Milkyway... Who Cares",6:06,,QMTXS1600054,,,2017,,,"Saint Marie",0708527071267
"Sep 2, 2025","8:30:00 PM",2025-09-02T20:30:00-0700,"09.02.2025 - Michael G",Music,120,173567,"Jim Causey","Sep 2, 2025","8:32:00 PM",2025-09-02T20:32:00-0700,Geographer,"Sweet Memory","Down and Out in the Garden of Earthly Delights",,,,,,,,,Nettwerk,
"Aug 26, 2025","8:30:00 PM",2025-08-26T20:30:00-0700,"08.26.2025 - Jim Causey",Music,120,173567,"Jim Causey","Aug 26, 2025","10:25:04 PM",2025-08-26T22:25:04-0700,"Hello Meteor","Hoshimi Rubies","The Lower Path",4:07,,QZK6N2345820,,,2023,,,DISTROKID,0197814738943
"Aug 26, 2025","8:30:00 PM",2025-08-26T20:30:00-0700,"08.26.2025 - Jim Causey",Music,120,173567,"Jim Causey","Aug 26, 2025","10:21:13 PM",2025-08-26T22:21:13-0700,"Brian Eno","Everything Merges With The Night - 2004 Remaster","Another Green World (2004 Remaster)",3:59,,GBAAA0400086,,,2004,,,"EMI Marketing",00724357729154
"Aug 26, 2025","8:30:00 PM",2025-08-26T20:30:00-0700,"08.26.2025 - Jim Causey",Music,120,173567,"Jim Causey","Aug 26, 2025","10:14:53 PM",2025-08-26T22:14:53-0700,"Mark Vernon","The Tyrol, 1972","Call Back Carousel",6:33,,FRIDO2312455,,,2023,,,Discrepant,5065004291354
"Aug 26, 2025","8:30:00 PM",2025-08-26T20:30:00-0700,"08.26.2025 - Jim Causey",Music,120,173567,"Jim Causey","Aug 26, 2025","10:11:03 PM",2025-08-26T22:11:03-0700,"Bruce Mitchell","Gateway To The Sun","Hidden Pathways",3:59,,USNA18713508,,,2006,,,Narada,00094635218350
"Aug 26, 2025","8:30:00 PM",2025-08-26T20:30:00-0700,"08.26.2025 - Jim Causey",Music,120,173567,"Jim Causey","Aug 26, 2025","9:59:25 PM",2025-08-26T21:59:25-0700,"Chuck Van Zyl","Constellation, Pt. 7","Liveonstarsend 2021-2022",12:03,,USDY42365683,,,2023,,,"Chuck van Zyl",0195269229412
"Aug 26, 2025","8:30:00 PM",2025-08-26T20:30:00-0700,"08.26.2025 - Jim Causey",Music,120,173567,"Jim Causey","Aug 26, 2025","9:53:42 PM",2025-08-26T21:53:42-0700,"Pabellón Sintético","Farnsworth house","Mies van der Rohe's dreams",5:47,,GX38U2357300,,,2023,,,"Cyclical Dreams",5063292622003
"Aug 26, 2025","8:30:00 PM",2025-08-26T20:30:00-0700,"08.26.2025 - Jim Causey",Music,120,173567,"Jim Causey","Aug 26, 2025","9:43:55 PM",2025-08-26T21:43:55-0700,"Nils Frahm",#2,"Tripping with Nils Frahm",10:45,,GBWZD2013607,,,2020,,,"Erased Tapes",3663729137159
"Aug 26, 2025","8:30:00 PM",2025-08-26T20:30:00-0700,"08.26.2025 - Jim Causey",Music,120,173567,"Jim Causey","Aug 26, 2025","9:39:04 PM",2025-08-26T21:39:04-0700,Erwilian,"Masters in This Hall (Live)","Cascadia (Live)",5:14,,USHM82327299,,,2023,,,"Wood, Wind, & Wire Productions",0198025236006
"Aug 26, 2025","8:30:00 PM",2025-08-26T20:30:00-0700,"08.26.2025 - Jim Causey",Music,120,173567,"Jim Causey","Aug 26, 2025","9:33:41 PM",2025-08-26T21:33:41-0700,"Andreas Vollenweider","Dancing with the Lion","Dancing With The Lion",4:00,,FR96X2094546,,,1989,,,"AVAF Music",3616406551700
"Aug 26, 2025","8:30:00 PM",2025-08-26T20:30:00-0700,"08.26.2025 - Jim Causey",Music,120,173567,"Jim Causey","Aug 26, 2025","9:29:33 PM",2025-08-26T21:29:33-0700,"David Arkenstone","The Icy Brook Finds Its Way","The Icy Brook Finds Its Way",4:12,,QM3DF2264247,,,2023,,,"David Arkenstone",0197644863280
"Aug 26, 2025","8:30:00 PM",2025-08-26T20:30:00-0700,"08.26.2025 - Jim Causey",Music,120,173567,"Jim Causey","Aug 26, 2025","9:16:23 PM",2025-08-26T21:16:23-0700,"Caterina Barbieri","Math of You",Myuthafoo,5:40,,DEG932301229,,,2023,,,light-years,
"Aug 26, 2025","8:30:00 PM",2025-08-26T20:30:00-0700,"08.26.2025 - Jim Causey",Music,120,173567,"Jim Causey","Aug 26, 2025","9:12:12 PM",2025-08-26T21:12:12-0700,"Hyperion V",Astasis,"Accretion Disc",4:26,,USSP52391009,,,2023,,,"Spotted Peccary",0600028910529
"Aug 26, 2025","8:30:00 PM",2025-08-26T20:30:00-0700,"08.26.2025 - Jim Causey",Music,120,173567,"Jim Causey","Aug 26, 2025","9:09:56 PM",2025-08-26T21:09:56-0700,"Four Tet","4T Recordings","4T Recordings",3:17,,GBXNG2051014,,,2020,,,"Text Records",3663729114280
"Aug 26, 2025","8:30:00 PM",2025-08-26T20:30:00-0700,"08.26.2025 - Jim Causey",Music,120,173567,"Jim Causey","Aug 26, 2025","9:05:21 PM",2025-08-26T21:05:21-0700,"Kate Bush","Rubberband Girl","The Red Shoes",4:42,,USSM10026222,,,1993,,,Columbia,0074645373720
"Aug 26, 2025","8:30:00 PM",2025-08-26T20:30:00-0700,"08.26.2025 - Jim Causey",Music,120,173567,"Jim Causey","Aug 26, 2025","9:01:20 PM",2025-08-26T21:01:20-0700,"Sarah McLachlan","Back Door Man",Solace,4:01,,USAR19700529,,,2011,,,SME,0886443295827
"Aug 26, 2025","8:30:00 PM",2025-08-26T20:30:00-0700,"08.26.2025 - Jim Causey",Music,120,173567,"Jim Causey","Aug 26, 2025","8:57:15 PM",2025-08-26T20:57:15-0700,"Mt Fog","Waiting Through These Years","Waiting Through These Years",4:20,,QZMEM2200925,,,2022,,,"Save the Forest for the Trees",0197085934303
"Aug 26, 2025","8:30:00 PM",2025-08-26T20:30:00-0700,"08.26.2025 - Jim Causey",Music,120,173567,"Jim Causey","Aug 26, 2025","8:54:22 PM",2025-08-26T20:54:22-0700,"Brass Clouds","Simulated Sympathy","Escape Vessels",2:48,,USMH92380242,,,2023,,,"Bathysphere Records",0198015301509
"Aug 26, 2025","8:30:00 PM",2025-08-26T20:30:00-0700,"08.26.2025 - Jim Causey",Music,120,173567,"Jim Causey","Aug 26, 2025","8:50:27 PM",2025-08-26T20:50:27-0700,"Sinéad Lohan","No Mermaid","No Mermaid",4:08,,IEAAR9800240,,,1998,,,Dolphin,3617226649288
"Aug 26, 2025","8:30:00 PM",2025-08-26T20:30:00-0700,"08.26.2025 - Jim Causey",Music,120,173567,"Jim Causey","Aug 26, 2025","8:46:38 PM",2025-08-26T20:46:38-0700,"Small Black","Duplex (Com Truise Remix)","Duplex (Com Truise Remix)",4:23,,QZQAY2100314,,,2021,,,"100% Electronica",0720665672915
"Aug 26, 2025","8:30:00 PM",2025-08-26T20:30:00-0700,"08.26.2025 - Jim Causey",Music,120,173567,"Jim Causey","Aug 26, 2025","8:42:28 PM",2025-08-26T20:42:28-0700,"Wild Nothing","Sleight of Hand","Laughing Gas",4:25,,QMMZN1901755,,,2020,,,"Captured Tracks",0817949018054
"Aug 26, 2025","8:30:00 PM",2025-08-26T20:30:00-0700,"08.26.2025 - Jim Causey",Music,120,173567,"Jim Causey","Aug 26, 2025","8:39:38 PM",2025-08-26T20:39:38-0700,"Brass Clouds","Dream Recall","Escape Vessels",2:56,,USMH92380239,,,2023,,,"Bathysphere Records",0198015301509
"Aug 26, 2025","8:30:00 PM",2025-08-26T20:30:00-0700,"08.26.2025 - Jim Causey",Music,120,173567,"Jim Causey","Aug 26, 2025","8:36:39 PM",2025-08-26T20:36:39-0700,"Caroline Polachek",Breathless,Breathless,3:02,,QM4TX2032158,,,2020,,,"Perpetual Novice",0195081094823
"Aug 26, 2025","8:30:00 PM",2025-08-26T20:30:00-0700,"08.26.2025 - Jim Causey",Music,120,173567,"Jim Causey","Aug 26, 2025","8:33:30 PM",2025-08-26T20:33:30-0700,"Cocteau Twins","Pitch The Baby","Heaven Or Las Vegas (Remastered)",3:14,,GBAFL9000063,,,2003,,,4AD,5059638073523
"Aug 19, 2025","8:30:00 PM",2025-08-19T20:30:00-0700,"08.19.2025 - Michael G",Music,120,173567,"Jim Causey","Aug 19, 2025","10:28:25 PM",2025-08-19T22:28:25-0700,"Eydís Evensen",Tranquillant,Tranquillant,2:53,,USSM12211678,,,2023,,,SME,0196589851055
"Aug 19, 2025","8:30:00 PM",2025-08-19T20:30:00-0700,"08.19.2025 - Michael G",Music,120,173567,"Jim Causey","Aug 19, 2025","10:24:30 PM",2025-08-19T22:24:30-0700,"Dreamstate Logic","Mirrors Of Consciousness","Cosmic Legacy",5:50,,QZPLR2417850,,,2024,,,"Dreamstate Logic",0198671585619
"Aug 19, 2025","8:30:00 PM",2025-08-19T20:30:00-0700,"08.19.2025 - Michael G",Music,120,173567,"Jim Causey","Aug 19, 2025","10:17:49 PM",2025-08-19T22:17:49-0700,"Active Dark Filament","Ephemeral Oceans",Terranes,6:56,,QZTV32449286,,,2024,,,"WEATNU Records",0198342895504
"Aug 19, 2025","8:30:00 PM",2025-08-19T20:30:00-0700,"08.19.2025 - Michael G",Music,120,173567,"Jim Causey","Aug 19, 2025","10:13:08 PM",2025-08-19T22:13:08-0700,"Julien Baker","Me & My Dog","Me & My Dog",3:26,,USMTD1812082,,,2018,,,Matador,5059638303446
"Aug 19, 2025","8:30:00 PM",2025-08-19T20:30:00-0700,"08.19.2025 - Michael G",Music,120,173567,"Jim Causey","Aug 19, 2025","10:13:00 PM",2025-08-19T22:13:00-0700,Boygenius,"Me And My Dog","Me And My Dog",,,,,,2018,,,"Matador Records",
"Aug 19, 2025","8:30:00 PM",2025-08-19T20:30:00-0700,"08.19.2025 - Michael G",Music,120,173567,"Jim Causey","Aug 19, 2025","10:09:53 PM",2025-08-19T22:09:53-0700,"Christina Ward",Darkstar,Darkstar,3:23,,QM6N22468523,,,2024,,,"Mint 400 Records",0198588132715
"Aug 19, 2025","8:30:00 PM",2025-08-19T20:30:00-0700,"08.19.2025 - Michael G",Music,120,173567,"Jim Causey","Aug 19, 2025","10:06:06 PM",2025-08-19T22:06:06-0700,"The Stargazer Lilies","Summer's Gone","Door to the Sun",3:54,,USHM81964171,,,2016,,,"The Stargazer Lilies",0194171688188
"Aug 19, 2025","8:30:00 PM",2025-08-19T20:30:00-0700,"08.19.2025 - Michael G",Music,120,173567,"Jim Causey","Aug 19, 2025","10:00:00 PM",2025-08-19T22:00:00-0700,"Marc Vallée Trio",Caméléon,"Nagra 70th Anniversary Collection",,,,,,2022,,,2xHD,
"Aug 19, 2025","8:30:00 PM",2025-08-19T20:30:00-0700,"08.19.2025 - Michael G",Music,120,173567,"Jim Causey","Aug 19, 2025","9:55:35 PM",2025-08-19T21:55:35-0700,"Kevin Braheny","Down to Earth",Galaxies,4:41,,USAKS0600254,,,2024,,,"Hearts of Space Records",0025041199629
"Aug 19, 2025","8:30:00 PM",2025-08-19T20:30:00-0700,"08.19.2025 - Michael G",Music,120,173567,"Jim Causey","Aug 19, 2025","9:51:09 PM",2025-08-19T21:51:09-0700,"Fhloston Paradigm",...Math,After...,4:30,,USQY51752570,,,2017,,,KingBrittArchives,0191515417299
"Aug 19, 2025","8:30:00 PM",2025-08-19T20:30:00-0700,"08.19.2025 - Michael G",Music,120,173567,"Jim Causey","Aug 19, 2025","9:45:54 PM",2025-08-19T21:45:54-0700,"Four Tet",Circling,"There Is Love In You",5:17,,GBCEL0900701,,,2010,,,"Text Records",5034202025450
"Aug 19, 2025","8:30:00 PM",2025-08-19T20:30:00-0700,"08.19.2025 - Michael G",Music,120,173567,"Jim Causey","Aug 19, 2025","9:40:22 PM",2025-08-19T21:40:22-0700,Ephixa,"Losing You","Losing You",4:30,,CA6D21700024,,,2017,,,Monstercat,0859719495481
"Aug 19, 2025","8:30:00 PM",2025-08-19T20:30:00-0700,"08.19.2025 - Michael G",Music,120,173567,"Jim Causey","Aug 19, 2025","9:35:54 PM",2025-08-19T21:35:54-0700,Darkswoon,"Human Faults",Bind,4:37,,QM4TW1951862,,,2019,,,"Icy Cold Records",0193483380803
"Aug 19, 2025","8:30:00 PM",2025-08-19T20:30:00-0700,"08.19.2025 - Michael G",Music,120,173567,"Jim Causey","Aug 19, 2025","9:32:13 PM",2025-08-19T21:32:13-0700,"Holly Herndon",Alienation,PROTO,3:43,,GBAFL1800319,,,2019,,,4AD,5059638059626
"Aug 19, 2025","8:30:00 PM",2025-08-19T20:30:00-0700,"08.19.2025 - Michael G",Music,120,173567,"Jim Causey","Aug 19, 2025","9:29:23 PM",2025-08-19T21:29:23-0700,"Eydís Evensen",Tranquillant,Tranquillant,2:53,,USSM12211678,,,2023,,,SME,0196589851055
"Aug 19, 2025","8:30:00 PM",2025-08-19T20:30:00-0700,"08.19.2025 - Michael G",Music,120,173567,"Jim Causey","Aug 19, 2025","9:23:55 PM",2025-08-19T21:23:55-0700,"The Churchhill Garden","Always There","Always There",4:34,,GBRKQ2236915,,,2022,,,"GrindEthos Records",0195729876781
"Aug 19, 2025","8:30:00 PM",2025-08-19T20:30:00-0700,"08.19.2025 - Michael G",Music,120,173567,"Jim Causey","Aug 19, 2025","9:19:43 PM",2025-08-19T21:19:43-0700,"Noble Oak","Perfect Triple Backflip","No Bloke",4:25,,ushm81698149,,,2011,,,,
"Aug 19, 2025","8:30:00 PM",2025-08-19T20:30:00-0700,"08.19.2025 - Michael G",Music,120,173567,"Jim Causey","Aug 19, 2025","9:13:36 PM",2025-08-19T21:13:36-0700,"Jon Hopkins","Neon Pattern Drum",Singularity,6:07,,GBCEL1700693,,,2018,,,"Domino Recording Co",0887828035267
"Aug 19, 2025","8:30:00 PM",2025-08-19T20:30:00-0700,"08.19.2025 - Michael G",Music,120,173567,"Jim Causey","Aug 19, 2025","9:07:07 PM",2025-08-19T21:07:07-0700,"King Crimson",Discipline,Discipline,5:13,,GBCTX1600008,,,1980,,,"EG Records",0633367880925
"Aug 19, 2025","8:30:00 PM",2025-08-19T20:30:00-0700,"08.19.2025 - Michael G",Music,120,173567,"Jim Causey","Aug 19, 2025","9:02:02 PM",2025-08-19T21:02:02-0700,"Suso Saiz","Una Gota De Asfalto",Odisea,5:07,,NLD7H1600010,,,2016,,,"Music From Memory",0670579630375
"Aug 19, 2025","8:30:00 PM",2025-08-19T20:30:00-0700,"08.19.2025 - Michael G",Music,120,173567,"Jim Causey","Aug 19, 2025","8:57:59 PM",2025-08-19T20:57:59-0700,"FM Skyline",Illuso,Images,3:19,,QZTLA2467769,,,2024,,,"100% Electronica",0617513973099
"Aug 19, 2025","8:30:00 PM",2025-08-19T20:30:00-0700,"08.19.2025 - Michael G",Music,120,173567,"Jim Causey","Aug 19, 2025","8:53:58 PM",2025-08-19T20:53:58-0700,"Echo of the Low Light","Fearless Arrows","Fearless Arrows",4:08,,QZWFV2436515,,,2024,,,DISTROKID,0198880023049
"Aug 19, 2025","8:30:00 PM",2025-08-19T20:30:00-0700,"08.19.2025 - Michael G",Music,120,173567,"Jim Causey","Aug 19, 2025","8:48:00 PM",2025-08-19T20:48:00-0700,"Eric Random","The Louder You Scream","Electronic Sound Bulletin F",,,,,,2019,,,"Electronic Sound Magazine",
"Aug 19, 2025","8:30:00 PM",2025-08-19T20:30:00-0700,"08.19.2025 - Michael G",Music,120,173567,"Jim Causey","Aug 19, 2025","8:42:02 PM",2025-08-19T20:42:02-0700,"Fleet Foxes","Cradling Mother, Cradling Woman",Shore,5:10,,USEP42062014,,,2020,,,Anti/Epitaph,0045778844463
"Aug 19, 2025","8:30:00 PM",2025-08-19T20:30:00-0700,"08.19.2025 - Michael G",Music,120,173567,"Jim Causey","Aug 19, 2025","8:38:13 PM",2025-08-19T20:38:13-0700,Tremours,Burn,Fragments,3:54,,QZSBD2400015,,,2025,,,Tremours,
"Aug 19, 2025","8:30:00 PM",2025-08-19T20:30:00-0700,"08.19.2025 - Michael G",Music,120,173567,"Jim Causey","Aug 19, 2025","8:31:54 PM",2025-08-19T20:31:54-0700,"The War On Drugs","Harmonia's Dream","I Don’t Live Here Anymore",6:26,,USAT22102097,,,2021,,,"Atlantic Records",0075679781666
"Aug 12, 2025","8:30:00 PM",2025-08-12T20:30:00-0700,"Convergence Zone",Music,120,174269,"Jim Causey","Aug 12, 2025","10:25:30 PM",2025-08-12T22:25:30-0700,"Angela Winter","dark adaptation","Forbidden Questions In Space",7:41,,,,,2025,,,"Past Inside The Present",
"Aug 12, 2025","8:30:00 PM",2025-08-12T20:30:00-0700,"Convergence Zone",Music,120,174269,"Jim Causey","Aug 12, 2025","10:17:15 PM",2025-08-12T22:17:15-0700,"Dreamstate Logic","Memories of Home","Music for the Mental Health of Astronauts (Volume 1)",8:12,,,,L,2025,,,"Galactic Sound Station",
"Aug 12, 2025","8:30:00 PM",2025-08-12T20:30:00-0700,"Convergence Zone",Music,120,174269,"Jim Causey","Aug 12, 2025","10:07:30 PM",2025-08-12T22:07:30-0700,"Young Scientist","Music For Feet","Results, Not Answers",9:45,,DELI51902664,,L,2019,,,"Bureau B",4015698023459
"Aug 12, 2025","8:30:00 PM",2025-08-12T20:30:00-0700,"Convergence Zone",Music,120,174269,"Jim Causey","Aug 12, 2025","10:00:00 PM",2025-08-12T22:00:00-0700,"Steve Roach","The Holy Dirt (edit)","Day Out of Time",7:30,,USHK91500907,,,2002,,,"Timeroom Editions",617026300924
"Aug 12, 2025","8:30:00 PM",2025-08-12T20:30:00-0700,"Convergence Zone",Music,120,174269,"Jim Causey","Aug 12, 2025","9:47:20 PM",2025-08-12T21:47:20-0700,"Christian Fiesel","Picknick By The Wayside","Full Of Light",13:13,,,,,2025,,,"Cyclical Dreams",
"Aug 12, 2025","8:30:00 PM",2025-08-12T20:30:00-0700,"Convergence Zone",Music,120,174269,"Jim Causey","Aug 12, 2025","9:37:32 PM",2025-08-12T21:37:32-0700,Laraaji,"The Dance No. 2","Ambient 3: Day Of Radiance",9:42,,,,,1980,,,"UMG - EMI Catalogue",
"Aug 12, 2025","8:30:00 PM",2025-08-12T20:30:00-0700,"Convergence Zone",Music,120,174269,"Jim Causey","Aug 12, 2025","9:34:40 PM",2025-08-12T21:34:40-0700,"Lee Underwood","Little Desert Cat Feet","California Sigh",2:52,,US58L2489208,,,1988,,,"Drag City",781484089223
"Aug 12, 2025","8:30:00 PM",2025-08-12T20:30:00-0700,"Convergence Zone",Music,120,174269,"Jim Causey","Aug 12, 2025","9:30:00 PM",2025-08-12T21:30:00-0700,"Eric Tingstad",Heaven,"Heaven - Single",4:40,,USZPU2500001,,L,2025,,,Cheshire,198999774573
"Aug 12, 2025","8:30:00 PM",2025-08-12T20:30:00-0700,"Convergence Zone",Music,120,174269,"Jim Causey","Aug 12, 2025","9:25:50 PM",2025-08-12T21:25:50-0700,"The OO-Ray",163,Marginals,4:48,,,,,2025,,,"Beacon Sound",
"Aug 12, 2025","8:30:00 PM",2025-08-12T20:30:00-0700,"Convergence Zone",Music,120,174269,"Jim Causey","Aug 12, 2025","9:17:20 PM",2025-08-12T21:17:20-0700,"Dao Strom","how many wars","Tender Revolutions",8:28,,,,L,2025,,,"Beacon Sound",
"Aug 12, 2025","8:30:00 PM",2025-08-12T20:30:00-0700,"Convergence Zone",Music,120,174269,"Jim Causey","Aug 12, 2025","9:04:28 PM",2025-08-12T21:04:28-0700,Perge,"Heartbeat From a Crystalline Star","A Fleeting Abstraction Of An Evocation In Cryosleep",12:53,,,,,2025,,,,
"Aug 12, 2025","8:30:00 PM",2025-08-12T20:30:00-0700,"Convergence Zone",Music,120,174269,"Jim Causey","Aug 12, 2025","9:00:00 PM",2025-08-12T21:00:00-0700,"Steve Moore","Uncertainty Elipse","Positronic Neural Pathways",4:28,,,,L,2013,,,"VCO Recordings",
"Aug 12, 2025","8:30:00 PM",2025-08-12T20:30:00-0700,"Convergence Zone",Music,120,174269,"Jim Causey","Aug 12, 2025","8:55:24 PM",2025-08-12T20:55:24-0700,Vangelis,"Blade Runner (End Titles)","Blade Runner (Original Score from the Motion Picture)",4:39,,GBAHS0104441,,,1994,,,"EastWest U.K.",745099657468
"Aug 12, 2025","8:30:00 PM",2025-08-12T20:30:00-0700,"Convergence Zone",Music,120,174269,"Jim Causey","Aug 12, 2025","8:50:34 PM",2025-08-12T20:50:34-0700,"Klaus Schulze","Windy Times - Remastered 2016","Timewind (Remastered 2017)",4:55,,DEMV91603517,,,1975,,,Brain,
"Aug 12, 2025","8:30:00 PM",2025-08-12T20:30:00-0700,"Convergence Zone",Music,120,174269,"Jim Causey","Aug 12, 2025","8:36:00 PM",2025-08-12T20:36:00-0700,"Brendan Pollard",Conduit,"The Coils Suite",14:34,,,,,2025,,,,
"Aug 12, 2025","8:30:00 PM",2025-08-12T20:30:00-0700,"Convergence Zone",Music,120,174269,"Jim Causey","Aug 12, 2025","8:30:00 PM",2025-08-12T20:30:00-0700,"Terminus Void","Zero Gravity","Music for the Mental Health of Astronauts (Volume 1)",5:58,,,,L,2025,,,"Galactic Sound Station",
"Aug 5, 2025","8:30:00 PM",2025-08-05T20:30:00-0700,"08.05.2025 - Michael G",Music,120,173567,"Jim Causey","Aug 5, 2025","10:26:27 PM",2025-08-05T22:26:27-0700,Bluhm,"Double Dream","Double Dream",4:15,,QZZ7K2419144,,,2024,,,"Bluhm Music",0198876807011
"Aug 5, 2025","8:30:00 PM",2025-08-05T20:30:00-0700,"08.05.2025 - Michael G",Music,120,173567,"Jim Causey","Aug 5, 2025","10:21:59 PM",2025-08-05T22:21:59-0700,Yaima,"Chasing Antares (Revisioned)",Moongate,4:36,,US7VG2443910,,,2024,,,YAIMA,
"Aug 5, 2025","8:30:00 PM",2025-08-05T20:30:00-0700,"08.05.2025 - Michael G",Music,120,173567,"Jim Causey","Aug 5, 2025","10:15:15 PM",2025-08-05T22:15:15-0700,"Manatee Commune",Mosaic,Simultaneity,5:08,,USGC62001205,,,2024,,,"Bastard Jazz Recordings",0674276680053
"Aug 5, 2025","8:30:00 PM",2025-08-05T20:30:00-0700,"08.05.2025 - Michael G",Music,120,173567,"Jim Causey","Aug 5, 2025","10:09:27 PM",2025-08-05T22:09:27-0700,"The Conspiracy Tapes","And Chaos Ensues","The Conspiracy Tapes",6:04,,QZMEM2340638,,,2023,,,Countermeasure,0197876500892
"Aug 5, 2025","8:30:00 PM",2025-08-05T20:30:00-0700,"08.05.2025 - Michael G",Music,120,173567,"Jim Causey","Aug 5, 2025","10:05:02 PM",2025-08-05T22:05:02-0700,"New Arcades",Sacrifice,"Through Desolation",4:20,,TCAJR2571098,,,2025,,,,
"Aug 5, 2025","8:30:00 PM",2025-08-05T20:30:00-0700,"08.05.2025 - Michael G",Music,120,173567,"Jim Causey","Aug 5, 2025","10:00:26 PM",2025-08-05T22:00:26-0700,"Chelsea Wolfe","Unseen World","She Reaches Out To She Reaches Out To She",3:27,,USC4R2337035,,,2024,,,"Loma Vista",
"Aug 5, 2025","8:30:00 PM",2025-08-05T20:30:00-0700,"08.05.2025 - Michael G",Music,120,173567,"Jim Causey","Aug 5, 2025","9:55:24 PM",2025-08-05T21:55:24-0700,"Steve Moore","Liminal Migration","Liminal Migration",5:07,,US25X2102477,,,2021,,,"Behind The Sky Music",0669158556922
"Aug 5, 2025","8:30:00 PM",2025-08-05T20:30:00-0700,"08.05.2025 - Michael G",Music,120,173567,"Jim Causey","Aug 5, 2025","9:49:00 PM",2025-08-05T21:49:00-0700,"Summit Dub","Isotronic Projection","Isotronic Projection (EP)",,,,,,2022,,,"Restless Planet",
"Aug 5, 2025","8:30:00 PM",2025-08-05T20:30:00-0700,"08.05.2025 - Michael G",Music,120,173567,"Jim Causey","Aug 5, 2025","9:42:52 PM",2025-08-05T21:42:52-0700,"Robots With Rayguns","How Stella Got Her Fresh Back","How Stella Got Her Fresh Back",3:42,,QZTBA2576966,,,2025,,,Phony-Warnerversal,0199517019756
"Aug 5, 2025","8:30:00 PM",2025-08-05T20:30:00-0700,"08.05.2025 - Michael G",Music,120,173567,"Jim Causey","Aug 5, 2025","9:35:05 PM",2025-08-05T21:35:05-0700,"Osiris Indriya","Archer - Remastered","Break On Through (Remastered)",7:56,,QZ5FN1856958,,,2018,,,"Blessoteric Records",0192650223370
"Aug 5, 2025","8:30:00 PM",2025-08-05T20:30:00-0700,"08.05.2025 - Michael G",Music,120,173567,"Jim Causey","Aug 5, 2025","9:30:55 PM",2025-08-05T21:30:55-0700,Ladytron,Mirage,"Gravity The Seducer",4:22,,CAN111000632,,,2011,,,"Nettwerk Records",0067003710053
"Aug 5, 2025","8:30:00 PM",2025-08-05T20:30:00-0700,"08.05.2025 - Michael G",Music,120,173567,"Jim Causey","Aug 5, 2025","9:25:04 PM",2025-08-05T21:25:04-0700,Ringfinger,"Chamber of Roses","In A Black Frame",4:24,,QZTAS2315620,,,2023,,,"NGP x Verboden",0197992249996
"Aug 5, 2025","8:30:00 PM",2025-08-05T20:30:00-0700,"08.05.2025 - Michael G",Music,120,173567,"Jim Causey","Aug 5, 2025","9:20:46 PM",2025-08-05T21:20:46-0700,"Night in Athens",Nothingness,Metropolis,4:24,,QZNWW2194843,,,2021,,,NIA,
"Aug 5, 2025","8:30:00 PM",2025-08-05T20:30:00-0700,"08.05.2025 - Michael G",Music,120,173567,"Jim Causey","Aug 5, 2025","9:16:39 PM",2025-08-05T21:16:39-0700,"The Walking Who","Isn't That Dandy?","Isn't That Dandy?",4:16,,TCADG1787197,,,2017,,,"THE WALKING WHO",0859723258850
"Aug 5, 2025","8:30:00 PM",2025-08-05T20:30:00-0700,"08.05.2025 - Michael G",Music,120,173567,"Jim Causey","Aug 5, 2025","9:10:48 PM",2025-08-05T21:10:48-0700,"A Covenant of Thorns","Lost in the Light","Shadows & Serenades",5:03,,usl4r1803446,,,2018,,,"A Handful of Nothing",0193428390201
"Aug 5, 2025","8:30:00 PM",2025-08-05T20:30:00-0700,"08.05.2025 - Michael G",Music,120,173567,"Jim Causey","Aug 5, 2025","9:06:32 PM",2025-08-05T21:06:32-0700,"Houses of Heaven",Within/Without,Within/Without,4:16,,QMGEB2410202,,,2024,,,felte,
"Aug 5, 2025","8:30:00 PM",2025-08-05T20:30:00-0700,"08.05.2025 - Michael G",Music,120,173567,"Jim Causey","Aug 5, 2025","9:02:02 PM",2025-08-05T21:02:02-0700,"Clan of Xymox",Limbo,Limbo,4:37,,DEZ902100340,,,2021,,,Trisol,4260063947391
"Aug 5, 2025","8:30:00 PM",2025-08-05T20:30:00-0700,"08.05.2025 - Michael G",Music,120,173567,"Jim Causey","Aug 5, 2025","8:56:31 PM",2025-08-05T20:56:31-0700,Hatchie,"Kiss The Stars",Keepsake,4:11,,AULI01821510,,,2019,,,"Double Double Whammy",0644110406071
"Aug 5, 2025","8:30:00 PM",2025-08-05T20:30:00-0700,"08.05.2025 - Michael G",Music,120,173567,"Jim Causey","Aug 5, 2025","8:52:26 PM",2025-08-05T20:52:26-0700,Fotoform,"This City is Over","This City is Over",4:11,,QZES92543858,,,2025,,,"Dismal Nitch",0199339289139
"Aug 5, 2025","8:30:00 PM",2025-08-05T20:30:00-0700,"08.05.2025 - Michael G",Music,120,173567,"Jim Causey","Aug 5, 2025","8:47:41 PM",2025-08-05T20:47:41-0700,bloococoon,"Stranger Amongst Strangers","Stranger Amongst Strangers",4:51,,QZZEM2300002,,,2024,,,"Little Cloud Records",0742526221674
"Aug 5, 2025","8:30:00 PM",2025-08-05T20:30:00-0700,"08.05.2025 - Michael G",Music,120,173567,"Jim Causey","Aug 5, 2025","8:42:39 PM",2025-08-05T20:42:39-0700,"Hazel English",Fix,Fix,3:42,,GBX721700007,,,2017,,,"House Anxiety / Marathon Artists",5060454948988
"Aug 5, 2025","8:30:00 PM",2025-08-05T20:30:00-0700,"08.05.2025 - Michael G",Music,120,173567,"Jim Causey","Aug 5, 2025","8:36:00 PM",2025-08-05T20:36:00-0700,"Frantic Chant","My Blue Mood",Single,,,,,,2021,,,"Dogs Got A Bone Records",
"Aug 5, 2025","8:30:00 PM",2025-08-05T20:30:00-0700,"08.05.2025 - Michael G",Music,120,173567,"Jim Causey","Aug 5, 2025","8:31:19 PM",2025-08-05T20:31:19-0700,"Echo And The Bunnymen","Bring On The Dancing Horses - Extended Mix","Echo & the Bunnymen",5:52,,GBAHT0300160,,,2003,,,"Warner Music UK",0825646116423
"Jul 29, 2025","8:30:00 PM",2025-07-29T20:30:00-0700,"Convergence Zone",Music,120,174269,"Jim Causey","Jul 29, 2025","10:27:00 PM",2025-07-29T22:27:00-0700,"Little H Collective","Avalanche Pass (excerpt)","Avalanche Pass",3:00,,QZK6N2414231,,L,2023,,"Performing Live at the Rabbit Box in Seattle on Friday, August 9","Sun Cru",198473467755
"Jul 29, 2025","8:30:00 PM",2025-07-29T20:30:00-0700,"Convergence Zone",Music,120,174269,"Jim Causey","Jul 29, 2025","10:22:01 PM",2025-07-29T22:22:01-0700,"High Plains","Song for a Last Night",Cinderland,5:15,,USNCB1720609,,L,2017,,,kranky,191018644628
"Jul 29, 2025","8:30:00 PM",2025-07-29T20:30:00-0700,"Convergence Zone",Music,120,174269,"Jim Causey","Jul 29, 2025","10:18:26 PM",2025-07-29T22:18:26-0700,"Hello Meteor","The Northern Rim Archipelago","Welcome To New Cascade",3:33,,QZNWT2285548,,,2022,,,"Evergreen Prefecture",0197147196786
"Jul 29, 2025","8:30:00 PM",2025-07-29T20:30:00-0700,"Convergence Zone",Music,120,174269,"Jim Causey","Jul 29, 2025","10:12:57 PM",2025-07-29T22:12:57-0700,"Paul Ellis & Pabellón Sintético","Whispers from an Unseen Realm","Veiled Portraits",5:42,,GXBDS2487799,,L,2024,,,"Cyclical Dreams",5063585412649
"Jul 29, 2025","8:30:00 PM",2025-07-29T20:30:00-0700,"Convergence Zone",Music,120,174269,"Jim Causey","Jul 29, 2025","10:09:12 PM",2025-07-29T22:09:12-0700,Joystick,Superposition,Circuitscape,3:42,,USHM22589378,,,2025,,,Synphaera,0199199755768
"Jul 29, 2025","8:30:00 PM",2025-07-29T20:30:00-0700,"Convergence Zone",Music,120,174269,"Jim Causey","Jul 29, 2025","10:04:55 PM",2025-07-29T22:04:55-0700,"Pulse Emitter","Energy Flying","Tide Pools",2:48,,,,L,2025,,"From the prolific Portland artist - ""Tide Pools"" releases September 26, 2025 ",,
"Jul 29, 2025","8:30:00 PM",2025-07-29T20:30:00-0700,"Convergence Zone",Music,120,174269,"Jim Causey","Jul 29, 2025","10:01:03 PM",2025-07-29T22:01:03-0700,"Arkham Sunset",Facades,Facades,4:00,,,,L,2025,,"Hosting ""Zauberer: A Klaus Schulze Birthday Celebration"" at Holocene in Portland on Sunday, August 3!",,
"Jul 29, 2025","8:30:00 PM",2025-07-29T20:30:00-0700,"Convergence Zone",Music,120,174269,"Jim Causey","Jul 29, 2025","9:55:34 PM",2025-07-29T21:55:34-0700,AeTopus,Relic,Cup,5:45,,USSP52347004,,L,2023,,"aeTopus performs TOMORROW NIGHT - Wednesday, July 30 at 7pm- in Bellingham at Karate Church","Spotted Peccary",600028470122
"Jul 29, 2025","8:30:00 PM",2025-07-29T20:30:00-0700,"Convergence Zone",Music,120,174269,"Jim Causey","Jul 29, 2025","9:48:43 PM",2025-07-29T21:48:43-0700,D*time,"Archive Of The Unseen","Shadows Of Time",6:44,,QZWFM2564561,,,2025,,,"Cyclical Dreams",0199510513992
"Jul 29, 2025","8:30:00 PM",2025-07-29T20:30:00-0700,"Convergence Zone",Music,120,174269,"Jim Causey","Jul 29, 2025","9:42:05 PM",2025-07-29T21:42:05-0700,Destroyer,"It Just Doesn’t Happen","Have We Met",5:01,,USMRG2070903,,L,2020,,"Coming to The Crocodile in Seattle on Saturday, October 25","Merge Records",673855070926
"Jul 29, 2025","8:30:00 PM",2025-07-29T20:30:00-0700,"Convergence Zone",Music,120,174269,"Jim Causey","Jul 29, 2025","9:37:49 PM",2025-07-29T21:37:49-0700,"Roxy Music","More Than This",Avalon,4:31,,GBAAA9900092,,,1982,,,"EG Records",724384746056
"Jul 29, 2025","8:30:00 PM",2025-07-29T20:30:00-0700,"Convergence Zone",Music,120,174269,"Jim Causey","Jul 29, 2025","9:33:10 PM",2025-07-29T21:33:10-0700,"Aoife Nessa Frances","Way to Say Goodbye",Protector,4:42,,USBQU2100229,,,2022,,,"Partisan Records",720841302490
"Jul 29, 2025","8:30:00 PM",2025-07-29T20:30:00-0700,"Convergence Zone",Music,120,174269,"Jim Causey","Jul 29, 2025","9:30:06 PM",2025-07-29T21:30:06-0700,"Coral Grief",Starboard,"Air Between Us",3:16,,US33X2524401,,,2025,,,"Suicide Squeeze Records",0617308100594
"Jul 29, 2025","8:30:00 PM",2025-07-29T20:30:00-0700,"Convergence Zone",Music,120,174269,"Jim Causey","Jul 29, 2025","9:21:41 PM",2025-07-29T21:21:41-0700,Somesurprises,"Be Reasonable",Perseids,6:30,,uscgh2471448,,L,2024,,"somesurprises have reimagined a live score to Fritz Lang's 1927 silent masterpiece ""Metropolis"" - they'll perform it on Saturday, August 16th in Seattle at Maple Leaf Reservoir Park, and Sunday August 17 in Olympia at the Capitol Theatre","Doom Trip Records",0198500093575
"Jul 29, 2025","8:30:00 PM",2025-07-29T20:30:00-0700,"Convergence Zone",Music,120,174269,"Jim Causey","Jul 29, 2025","9:18:08 PM",2025-07-29T21:18:08-0700,Tamaryn,"Hands All over Me",Cranekiss,3:49,,QMV8L1420202,,,2015,,,"Mexican Summer",00184923120264
"Jul 29, 2025","8:30:00 PM",2025-07-29T20:30:00-0700,"Convergence Zone",Music,120,174269,"Jim Causey","Jul 29, 2025","9:12:48 PM",2025-07-29T21:12:48-0700,Curses,"Elegant Death","Another Heaven",5:21,,QZAKB2376369,,,2024,,,"Italians Do It Better",196429718302
"Jul 29, 2025","8:30:00 PM",2025-07-29T20:30:00-0700,"Convergence Zone",Music,120,174269,"Jim Causey","Jul 29, 2025","9:08:38 PM",2025-07-29T21:08:38-0700,Fotoform,"This City is Over","Grief is a Garden (Forever in Bloom)",4:11,,QZES92543858,,L,2025,,"Coming to the Seagaze Festival in Everett - September 5th and 6th! - http://www.seagazefestival.com/","Dismal Nitch",199081928508
"Jul 29, 2025","8:30:00 PM",2025-07-29T20:30:00-0700,"Convergence Zone",Music,120,174269,"Jim Causey","Jul 29, 2025","9:01:04 PM",2025-07-29T21:01:04-0700,"Bridal Veil",Child,Child,6:10,,QMFME2465465,,L,2024,,,"Emily Overstreet",0199066153673
"Jul 29, 2025","8:30:00 PM",2025-07-29T20:30:00-0700,"Convergence Zone",Music,120,174269,"Jim Causey","Jul 29, 2025","8:56:47 PM",2025-07-29T20:56:47-0700,"Molchat Doma","Сон / Son (Radio Edit)","Сон / Son - Single",3:05,,,,,2024,,,,
"Jul 29, 2025","8:30:00 PM",2025-07-29T20:30:00-0700,"Convergence Zone",Music,120,174269,"Jim Causey","Jul 29, 2025","8:53:25 PM",2025-07-29T20:53:25-0700,"Drab Majesty","No Rain","No Rain",3:28,,QZJCP2000048,,,2020,,,"Dais Records",0011586670471
"Jul 29, 2025","8:30:00 PM",2025-07-29T20:30:00-0700,"Convergence Zone",Music,120,174269,"Jim Causey","Jul 29, 2025","8:48:52 PM",2025-07-29T20:48:52-0700,"Joy Division","She's Lost Control (2019 Digital Master)","Unknown Pleasures (2019 Digital Master)",3:57,,GBCRL1900030,,,1979,,,Factory,190295440541
"Jul 29, 2025","8:30:00 PM",2025-07-29T20:30:00-0700,"Convergence Zone",Music,120,174269,"Jim Causey","Jul 29, 2025","8:42:32 PM",2025-07-29T20:42:32-0700,"The Discussion","In The Mirror","In The Mirror",3:29,,QZHNC2445790,,,2024,,"Coming to Portland on Sunday, August 24th at The Coffin Club",DISTROKID,0198471131399
"Jul 29, 2025","8:30:00 PM",2025-07-29T20:30:00-0700,"Convergence Zone",Music,120,174269,"Jim Causey","Jul 29, 2025","8:39:15 PM",2025-07-29T20:39:15-0700,ACTORS,"In Real Life","In Real Life",3:13,,QM4TX2437688,,L,2024,,"Coming to the Seagaze Festival at the Lucky Dime in Everett - Friday September 5! - http://www.seagazefestival.com/","Artoffact Records",0198391418259
"Jul 29, 2025","8:30:00 PM",2025-07-29T20:30:00-0700,"Convergence Zone",Music,120,174269,"Jim Causey","Jul 29, 2025","8:35:21 PM",2025-07-29T20:35:21-0700,"Crystal Quartez","Fall Down",Erospace,3:56,,QZHN32565853,,L,2025,,"Avant-Pop from Portland, one of my favorite LPs of 2025: https://crystalcortez.com/erospace",DISTROKID,0199081277798
"Jul 29, 2025","8:30:00 PM",2025-07-29T20:30:00-0700,"Convergence Zone",Music,120,174269,"Jim Causey","Jul 29, 2025","8:30:38 PM",2025-07-29T20:30:38-0700,Other,"She Moves Through Worlds","She Moves Through Worlds",4:49,,QZMEP2592912,,L,2025,,"Performing Sunday, August 24th at The Coffin Club in Portland - their album release show for ""She Moves Through Worlds"" coming in September in Seattle! New video: https://youtu.be/Ztc6aSkVelU","3394290 Records DK",0199337219794
"Jul 22, 2025","8:30:00 PM",2025-07-22T20:30:00-0700,"07.22.2025 - Michael G",Music,120,173567,"Jim Causey","Jul 22, 2025","10:29:35 PM",2025-07-22T22:29:35-0700,"The Chemical Brothers","The Sunshine Underground",Surrender,8:39,,GBAAA9900300,,,1999,,,"Virgin Records",00724384761059
"Jul 22, 2025","8:30:00 PM",2025-07-22T20:30:00-0700,"07.22.2025 - Michael G",Music,120,173567,"Jim Causey","Jul 22, 2025","10:27:44 PM",2025-07-22T22:27:44-0700,Björk,Batabid,"Pagan Poetry (single 2)",2:26,,GBBTF0100087,,,2019,,,"One Little Independent Records",05016958047009
"Jul 22, 2025","8:30:00 PM",2025-07-22T20:30:00-0700,"07.22.2025 - Michael G",Music,120,173567,"Jim Causey","Jul 22, 2025","10:21:58 PM",2025-07-22T22:21:58-0700,M83,Echoes,"A Necessary Escape (Dakar Chronicles Original Soundtrack)",5:55,,GB5SH2400015,,,2025,,,"M83 Recording Inc",3617393006259
"Jul 22, 2025","8:30:00 PM",2025-07-22T20:30:00-0700,"07.22.2025 - Michael G",Music,120,173567,"Jim Causey","Jul 22, 2025","10:17:00 PM",2025-07-22T22:17:00-0700,LIGHTSPEAR,System,Metro,,,,,,2019,,,Self-Released,
"Jul 22, 2025","8:30:00 PM",2025-07-22T20:30:00-0700,"07.22.2025 - Michael G",Music,120,173567,"Jim Causey","Jul 22, 2025","10:12:43 PM",2025-07-22T22:12:43-0700,"Rodrigo Passannanti","Eternal Code","Forgotten Worlds",4:39,,GXBDS2477371,,,2024,,,"Cyclical Dreams",5063561779988
"Jul 22, 2025","8:30:00 PM",2025-07-22T20:30:00-0700,"07.22.2025 - Michael G",Music,120,173567,"Jim Causey","Jul 22, 2025","10:08:17 PM",2025-07-22T22:08:17-0700,HeatleyBros,"Alien Imposter","HeatleyBros VI",3:20,,QM3DF2295425,,,2023,,,"Kyzen Music",1963621633172
"Jul 22, 2025","8:30:00 PM",2025-07-22T20:30:00-0700,"07.22.2025 - Michael G",Music,120,173567,"Jim Causey","Jul 22, 2025","10:08:00 PM",2025-07-22T22:08:00-0700,DadHatTony,Frightmare,"Global Game Jam 2022 Seattle Music (Compilation Album)",,,,,,2022,,,"Seattle Indies",
"Jul 22, 2025","8:30:00 PM",2025-07-22T20:30:00-0700,"07.22.2025 - Michael G",Music,120,173567,"Jim Causey","Jul 22, 2025","10:03:18 PM",2025-07-22T22:03:18-0700,"Rudy Adrian","Clouds Part To Reveal Distant Mountains","Adrian, Rudy: The Healing Lake",5:22,,HKC830004705,,,2000,,,"White Cloud",0747313004720
"Jul 22, 2025","8:30:00 PM",2025-07-22T20:30:00-0700,"07.22.2025 - Michael G",Music,120,173567,"Jim Causey","Jul 22, 2025","9:58:00 PM",2025-07-22T21:58:00-0700,"Brendan Perry (Dead Can Dance)",Sarabande,"Eye Of The Hunter",,,,,,,,,"4AD Records",
"Jul 22, 2025","8:30:00 PM",2025-07-22T20:30:00-0700,"07.22.2025 - Michael G",Music,120,173567,"Jim Causey","Jul 22, 2025","9:53:31 PM",2025-07-22T21:53:31-0700,Schiller,"Midnight in Shiraz","Midnight in Shiraz",3:50,,DEE862101140,,,2021,,,SME,0886449645725
"Jul 22, 2025","8:30:00 PM",2025-07-22T20:30:00-0700,"07.22.2025 - Michael G",Music,120,173567,"Jim Causey","Jul 22, 2025","9:49:06 PM",2025-07-22T21:49:06-0700,"This Mortal Coil","Waves Become Wings","Late Night Tales: Trentemøller",4:27,,GBAFL1000007,,,2012,,,4AD,5059638044554
"Jul 22, 2025","8:30:00 PM",2025-07-22T20:30:00-0700,"07.22.2025 - Michael G",Music,120,173567,"Jim Causey","Jul 22, 2025","9:49:04 PM",2025-07-22T21:49:04-0700,"Late Night Tales","Trentemøller Late Night Tales Continuous Mix","Late Night Tales: Trentemøller",10:00,,,,,,,,,
"Jul 22, 2025","8:30:00 PM",2025-07-22T20:30:00-0700,"07.22.2025 - Michael G",Music,120,173567,"Jim Causey","Jul 22, 2025","9:41:31 PM",2025-07-22T21:41:31-0700,"Johan Agebjörn","Unitas Vitae",Mossebo,6:25,,US4HD0800018,,,2008,,,lotuspike,0600028001326
"Jul 22, 2025","8:30:00 PM",2025-07-22T20:30:00-0700,"07.22.2025 - Michael G",Music,120,173567,"Jim Causey","Jul 22, 2025","9:35:25 PM",2025-07-22T21:35:25-0700,"Robert Miles","In My Dreams",Dreamland,6:10,,GBARS9600048,,,2011,,,SME,0078221893022
"Jul 22, 2025","8:30:00 PM",2025-07-22T20:30:00-0700,"07.22.2025 - Michael G",Music,120,173567,"Jim Causey","Jul 22, 2025","9:28:00 PM",2025-07-22T21:28:00-0700,"Roy Ayers","Reaching the Highest Pleasure","Reaching the Highest Pleasure",,,,,,2020,,,"BBE Music",
"Jul 22, 2025","8:30:00 PM",2025-07-22T20:30:00-0700,"07.22.2025 - Michael G",Music,120,173567,"Jim Causey","Jul 22, 2025","9:21:29 PM",2025-07-22T21:21:29-0700,"Lisa Bella Donna","Inner Space","Electronic Voyages",7:45,,QZMEM2488403,,,2024,,,"Appalachian Recordings Inc.",0198478358652
"Jul 22, 2025","8:30:00 PM",2025-07-22T20:30:00-0700,"07.22.2025 - Michael G",Music,120,173567,"Jim Causey","Jul 22, 2025","9:16:55 PM",2025-07-22T21:16:55-0700,"Arkham Sunset","Inhuman Condition",Beneath,3:59,,USL4Q2466827,,,2024,,,"Permanent Midnight",0198595746110
"Jul 22, 2025","8:30:00 PM",2025-07-22T20:30:00-0700,"07.22.2025 - Michael G",Music,120,173567,"Jim Causey","Jul 22, 2025","9:11:58 PM",2025-07-22T21:11:58-0700,"Klaus Schulze","Windy Times - Remastered 2016","Timewind (Remastered 2017)",4:55,,DEMV91603517,,,2019,,,Brain,00602557892901
"Jul 22, 2025","8:30:00 PM",2025-07-22T20:30:00-0700,"07.22.2025 - Michael G",Music,120,173567,"Jim Causey","Jul 22, 2025","9:05:10 PM",2025-07-22T21:05:10-0700,"David Gilmour","Between Two Points (with Romany Gilmour)","Between Two Points (with Romany Gilmour)",5:47,,GBLTP2400006,,,2024,,,"Legacy Recordings",0196872176766
"Jul 22, 2025","8:30:00 PM",2025-07-22T20:30:00-0700,"07.22.2025 - Michael G",Music,120,173567,"Jim Causey","Jul 22, 2025","9:03:46 PM",2025-07-22T21:03:46-0700,"David Gilmour","Black Cat","Luck and Strange",1:32,,GBLTP2400001,,,2024,,,"Legacy Recordings",0196872032185
"Jul 22, 2025","8:30:00 PM",2025-07-22T20:30:00-0700,"07.22.2025 - Michael G",Music,120,173567,"Jim Causey","Jul 22, 2025","9:00:43 PM",2025-07-22T21:00:43-0700,"RY X","You (feat. Hermanos Gutiérrez)",You,3:26,,QM6P42447923,,,2024,,,"Eden Recordings",0198588280898
"Jul 22, 2025","8:30:00 PM",2025-07-22T20:30:00-0700,"07.22.2025 - Michael G",Music,120,173567,"Jim Causey","Jul 22, 2025","8:54:29 PM",2025-07-22T20:54:29-0700,"The Third Sound","For a While","10 Years 8mm Musik",4:45,,USCGJ1340732,,,2013,,,"Fuzz Club Records",0887516946943
"Jul 22, 2025","8:30:00 PM",2025-07-22T20:30:00-0700,"07.22.2025 - Michael G",Music,120,173567,"Jim Causey","Jul 22, 2025","8:49:00 PM",2025-07-22T20:49:00-0700,Lush,"Sweetness & Light","Sweetness & Light (EP)",,,,,,1990,,,4AD,
"Jul 22, 2025","8:30:00 PM",2025-07-22T20:30:00-0700,"07.22.2025 - Michael G",Music,120,173567,"Jim Causey","Jul 22, 2025","8:44:00 PM",2025-07-22T20:44:00-0700,"My Favorite Band","Sweetness & Light","Sweetness & Light (EP)",,,,,,,,,Self-Released,
"Jul 22, 2025","8:30:00 PM",2025-07-22T20:30:00-0700,"07.22.2025 - Michael G",Music,120,173567,"Jim Causey","Jul 22, 2025","8:40:12 PM",2025-07-22T20:40:12-0700,"Kishi Bashi","Carry On Phenomenon",Lighght,4:04,,USJZA1414904,,,2014,,,POD,9332727029455
"Jul 22, 2025","8:30:00 PM",2025-07-22T20:30:00-0700,"07.22.2025 - Michael G",Music,120,173567,"Jim Causey","Jul 22, 2025","8:37:01 PM",2025-07-22T20:37:01-0700,"Japanese Breakfast","Be Sweet","Be Sweet",3:15,,USJ5G2022502,,,2021,,,"Dead Oceans",0656605152561
"Jul 22, 2025","8:30:00 PM",2025-07-22T20:30:00-0700,"07.22.2025 - Michael G",Music,120,173567,"Jim Causey","Jul 22, 2025","8:33:35 PM",2025-07-22T20:33:35-0700,Erasure,"A Little Respect","The Innocents",3:33,,GBAJH0000207,,,1988,,,"Rhino/Warner Records",75992573061
"Jul 22, 2025","8:30:00 PM",2025-07-22T20:30:00-0700,"07.22.2025 - Michael G",Music,120,173567,"Jim Causey","Jul 22, 2025","8:30:09 PM",2025-07-22T20:30:09-0700,Kainalu,"Inhibitions / Intuitions","Ginseng Hourglass",3:30,,QZMER2258278,,,2022,,,Kainalu,
"Jul 15, 2025","8:30:00 PM",2025-07-15T20:30:00-0700,"Convergence Zone",Music,120,174269,"Jim Causey","Jul 15, 2025","10:28:38 PM",2025-07-15T22:28:38-0700,"Brian Eno","Big Empty Country - VII (excerpt)",Lateral,1:22,,USUG12502702,,,2025,,,Verve,00602478161872
"Jul 15, 2025","8:30:00 PM",2025-07-15T20:30:00-0700,"Convergence Zone",Music,120,174269,"Jim Causey","Jul 15, 2025","10:24:07 PM",2025-07-15T22:24:07-0700,"Adam Miller","Light and Shadows",Timing,4:51,,AUAD32500001,,,2025,,"Performing at Seattle's Rabbit Box Theater on Saturday, August 9","Adam Miller",34966017475
"Jul 15, 2025","8:30:00 PM",2025-07-15T20:30:00-0700,"Convergence Zone",Music,120,174269,"Jim Causey","Jul 15, 2025","10:16:38 PM",2025-07-15T22:16:38-0700,"Little H Collective","Avalanche Pass (Radio Edit)","Avalanche Pass",7:23,,QZK6N2414231,,L,2023,,"Performing at Seattle's Rabbit Box Theater on Saturday, August 9","Sun Cru",198473467755
"Jul 15, 2025","8:30:00 PM",2025-07-15T20:30:00-0700,"Convergence Zone",Music,120,174269,"Jim Causey","Jul 15, 2025","10:11:15 PM",2025-07-15T22:11:15-0700,"Seawind of Battery",Disappearing,"Save The Waves: People for Public Media (PBS Benefit Compilation)",5:52,,,,,2025,,,"Seawind of Battery",
"Jul 15, 2025","8:30:00 PM",2025-07-15T20:30:00-0700,"Convergence Zone",Music,120,174269,"Jim Causey","Jul 15, 2025","10:05:55 PM",2025-07-15T22:05:55-0700,"Patricia Wolf","Subconscious Familiarity",Hrafnamynd,5:28,,DEG932502540,,L,2025,,,Balmat,4062548117707
"Jul 15, 2025","8:30:00 PM",2025-07-15T20:30:00-0700,"Convergence Zone",Music,120,174269,"Jim Causey","Jul 15, 2025","10:02:02 PM",2025-07-15T22:02:02-0700,"Patricia Wolf","Early Memories",Hrafnamynd,3:51,,DEG932502539,,L,2025,,,Balmat,4062548117707
"Jul 15, 2025","8:30:00 PM",2025-07-15T20:30:00-0700,"Convergence Zone",Music,120,174269,"Jim Causey","Jul 15, 2025","9:48:40 PM",2025-07-15T21:48:40-0700,"Volker Rapp","A.nt I.ntelligence (excerpt)","Phase IV",15:19,,,,,2025,,,"Cyclical Dreams",
"Jul 15, 2025","8:30:00 PM",2025-07-15T20:30:00-0700,"Convergence Zone",Music,120,174269,"Jim Causey","Jul 15, 2025","9:43:50 PM",2025-07-15T21:43:50-0700,Patience,"Living Things Don't Last","Dizzy Spells",3:01,,GBCK41200336,,,2019,,,"Night School Records / Winona Records",0647603405001
"Jul 15, 2025","8:30:00 PM",2025-07-15T20:30:00-0700,"Convergence Zone",Music,120,174269,"Jim Causey","Jul 15, 2025","9:40:23 PM",2025-07-15T21:40:23-0700,LEATHERS,Highrise,Highrise,3:27,,QMFMF2213372,,L,2023,,,"Artoffact Records",0197187720903
"Jul 15, 2025","8:30:00 PM",2025-07-15T20:30:00-0700,"Convergence Zone",Music,120,174269,"Jim Causey","Jul 15, 2025","9:34:54 PM",2025-07-15T21:34:54-0700,CHVRCHES,"How Not To Drown (feat. Robert Smith)","How Not to Drown",5:31,,GBZN82100005,,,2021,,,"EMI (Virgin)",
"Jul 15, 2025","8:30:00 PM",2025-07-15T20:30:00-0700,"Convergence Zone",Music,120,174269,"Jim Causey","Jul 15, 2025","9:29:24 PM",2025-07-15T21:29:24-0700,"Death Cab for Cutie","Northern Lights","Thank You for Today",3:55,,USAT21802834,,L,2018,,"Coming to Climate Pledge Arena - Thursday, July 31 and Saturday, August 2","Atlantic Records",0075679869951
"Jul 15, 2025","8:30:00 PM",2025-07-15T20:30:00-0700,"Convergence Zone",Music,120,174269,"Jim Causey","Jul 15, 2025","9:24:52 PM",2025-07-15T21:24:52-0700,"Nation of Language","I'm Not Ready for the Change","I'm Not Ready for the Change",4:45,,USSUB2570005,,,2025,,"Opening for Death Cab for Cutie at Climate Pledge Arena - Thursday, July 31 and Saturday, August 2","Subpop Record Group",0098787170061
"Jul 15, 2025","8:30:00 PM",2025-07-15T20:30:00-0700,"Convergence Zone",Music,120,174269,"Jim Causey","Jul 15, 2025","9:21:13 PM",2025-07-15T21:21:13-0700,Moby,"South Side","Play & Play: B Sides",3:50,,GBAJH9900038,,,2000,,,"Little Idiot",842108036099
"Jul 15, 2025","8:30:00 PM",2025-07-15T20:30:00-0700,"Convergence Zone",Music,120,174269,"Jim Causey","Jul 15, 2025","9:15:42 PM",2025-07-15T21:15:42-0700,"Tame Impala",Borderline,"The Slow Rush",3:58,,AUUM71900956,,,2020,,,"Universal Music Australia Pty. Ltd.",00602508571718
"Jul 15, 2025","8:30:00 PM",2025-07-15T20:30:00-0700,"Convergence Zone",Music,120,174269,"Jim Causey","Jul 15, 2025","9:13:23 PM",2025-07-15T21:13:23-0700,"Nuovo Testamento","Picture Perfect","Trouble - EP",2:41,,QM6P42509123,,,2025,,"LA italo-disco group Nuovo Testamento will perform at The Crocodile on Sunday, September 14","Discoteca Italia",199350318573
"Jul 15, 2025","8:30:00 PM",2025-07-15T20:30:00-0700,"Convergence Zone",Music,120,174269,"Jim Causey","Jul 15, 2025","9:08:19 PM",2025-07-15T21:08:19-0700,"Dark Chisme","Breathe, Break it","Breathe, Break it - Single",4:30,,QZTB82526400,,L,2025,,"Performing at Timberfest in Carnation on Saturday, July 26 - and El Corazon on Friday October 17","Dark Chisme",199518257775
"Jul 15, 2025","8:30:00 PM",2025-07-15T20:30:00-0700,"Convergence Zone",Music,120,174269,"Jim Causey","Jul 15, 2025","9:03:17 PM",2025-07-15T21:03:17-0700,Deafheaven,"Great Mass of Color","Infinite Granite",6:00,,USA2P2041596,,,2021,,,"Sargent House",192641736827
"Jul 15, 2025","8:30:00 PM",2025-07-15T20:30:00-0700,"Convergence Zone",Music,120,174269,"Jim Causey","Jul 15, 2025","8:58:24 PM",2025-07-15T20:58:24-0700,Caribou,"Sunny's Time",Suddenly,2:49,,DED622000003,,,2020,,,PLANCHA,0673855070827
"Jul 15, 2025","8:30:00 PM",2025-07-15T20:30:00-0700,"Convergence Zone",Music,120,174269,"Jim Causey","Jul 15, 2025","8:54:50 PM",2025-07-15T20:54:50-0700,"Maribou State ft. Holly Walker","Peace Talk","Hallucinating Love",3:30,,GBCFB2300772,,,2025,,,"Ninja Tune",5054429174304
"Jul 15, 2025","8:30:00 PM",2025-07-15T20:30:00-0700,"Convergence Zone",Music,120,174269,"Jim Causey","Jul 15, 2025","8:52:32 PM",2025-07-15T20:52:32-0700,"Sea Lemon",Cynical,Cynical,2:30,,QMFME2487211,,L,2025,,"Coming to Seattle's Tractor Tavern on Friday, August 8","Luminelle Recordings",0199066146996
"Jul 15, 2025","8:30:00 PM",2025-07-15T20:30:00-0700,"Convergence Zone",Music,120,174269,"Jim Causey","Jul 15, 2025","8:49:51 PM",2025-07-15T20:49:51-0700,"Night Heron",LUXURY,ESCAPISM,2:45,,QMDA72454389,,L,2025,,,"Literal Gold Records",0198846863344
"Jul 15, 2025","8:30:00 PM",2025-07-15T20:30:00-0700,"Convergence Zone",Music,120,174269,"Jim Causey","Jul 15, 2025","8:43:51 PM",2025-07-15T20:43:51-0700,"Pure Bathing Culture","Black Starling","Night Pass",3:48,,QZDZU1800004,,L,2019,,"Pure Bathing Culture just announced live performances in Pendleton on 7/30 and the 25th anniversary party of the Portland Mercury on 7/31","Infinite Companion",0192641263392
"Jul 15, 2025","8:30:00 PM",2025-07-15T20:30:00-0700,"Convergence Zone",Music,120,174269,"Jim Causey","Jul 15, 2025","8:40:26 PM",2025-07-15T20:40:26-0700,"Melody's Echo Chamber","Looking Backward","Looking Backward",3:21,,GBCEL2100456,,,2022,,,"Domino Recording Co",0887829126988
"Jul 15, 2025","8:30:00 PM",2025-07-15T20:30:00-0700,"Convergence Zone",Music,120,174269,"Jim Causey","Jul 15, 2025","8:34:14 PM",2025-07-15T20:34:14-0700,Somesurprises,"Be Reasonable","Be Reasonable",6:30,,USCGH2471389,,L,2024,,"Performing live at ""Bands Stand With Gaza"" at the Clock-Out Lounge this Saturday, July 19","Doom Trip Records",0198500093575
"Jul 15, 2025","8:30:00 PM",2025-07-15T20:30:00-0700,"Convergence Zone",Music,120,174269,"Jim Causey","Jul 15, 2025","8:31:41 PM",2025-07-15T20:31:41-0700,"Coral Grief","Paint By Number","Air Between Us",3:29,,US33X2524407,,L,2025,,"Coming to the Tractor Tavern on Saturday, July 26th!","Suicide Squeeze Records",617308100594
"Jul 8, 2025","8:30:00 PM",2025-07-08T20:30:00-0700,"07.08.2025 - Michael G",Music,120,173567,"Jim Causey","Jul 8, 2025","10:25:48 PM",2025-07-08T22:25:48-0700,"Jörgen Kjellgren","Invincible Summer","Invincible Summer",3:42,,QZMEQ2040033,,,2020,,,"Past Inside the Present",0195755821281
"Jul 8, 2025","8:30:00 PM",2025-07-08T20:30:00-0700,"07.08.2025 - Michael G",Music,120,173567,"Jim Causey","Jul 8, 2025","10:20:49 PM",2025-07-08T22:20:49-0700,"Low Communication",Confusion,"We Should Leave the Earth",5:02,,CH6542439262,,,2024,,,"EC Underground",7611889116534
"Jul 8, 2025","8:30:00 PM",2025-07-08T20:30:00-0700,"07.08.2025 - Michael G",Music,120,173567,"Jim Causey","Jul 8, 2025","10:17:00 PM",2025-07-08T22:17:00-0700,"O Yuki Conjugate",Retrograde,"A Tension of Opposites Vol 1&2",,,,,,2021,,,"World Of Echo Music",
"Jul 8, 2025","8:30:00 PM",2025-07-08T20:30:00-0700,"07.08.2025 - Michael G",Music,120,173567,"Jim Causey","Jul 8, 2025","10:13:14 PM",2025-07-08T22:13:14-0700,"Martine Kraft","Crystals Are Falling","Fragile Mind",4:00,,NOEKY1303080,,,2013,,,"Siwu Music",3610153949827
"Jul 8, 2025","8:30:00 PM",2025-07-08T20:30:00-0700,"07.08.2025 - Michael G",Music,120,173567,"Jim Causey","Jul 8, 2025","10:07:00 PM",2025-07-08T22:07:00-0700,Transponder,Starlane,"Starmaps, Volume 1",,,,,,2022,,,Synphaera,
"Jul 8, 2025","8:30:00 PM",2025-07-08T20:30:00-0700,"07.08.2025 - Michael G",Music,120,173567,"Jim Causey","Jul 8, 2025","10:01:00 PM",2025-07-08T22:01:00-0700,"Karaffa Sound","The Idle Hours",Single,,,,,,2023,,,Self-Released,
"Jul 8, 2025","8:30:00 PM",2025-07-08T20:30:00-0700,"07.08.2025 - Michael G",Music,120,173567,"Jim Causey","Jul 8, 2025","9:56:00 PM",2025-07-08T21:56:00-0700,"Suzanne Ciani","Tide Pools",Single,,,,,,2019,,,"Deutsche Grammophon",
"Jul 8, 2025","8:30:00 PM",2025-07-08T20:30:00-0700,"07.08.2025 - Michael G",Music,120,173567,"Jim Causey","Jul 8, 2025","9:50:22 PM",2025-07-08T21:50:22-0700,"Sin Fang",Ofbirta,"Sounds of Summer",2:54,,NLRD52250399,,,2023,,,INNI,8720996061947
"Jul 8, 2025","8:30:00 PM",2025-07-08T20:30:00-0700,"07.08.2025 - Michael G",Music,120,173567,"Jim Causey","Jul 8, 2025","9:46:09 PM",2025-07-08T21:46:09-0700,Roosevelt,"Ordinary Love","Ordinary Love",4:23,,GBCFB2300196,,,2023,,,"Counter Records",5054429174977
"Jul 8, 2025","8:30:00 PM",2025-07-08T20:30:00-0700,"07.08.2025 - Michael G",Music,120,173567,"Jim Causey","Jul 8, 2025","9:39:50 PM",2025-07-08T21:39:50-0700,"Jupe Jupe","Stranger Days","Lonely Creatures",5:01,,QMAAK1715679,,,2017,,,"Jupe Jupe",0888295600880
"Jul 8, 2025","8:30:00 PM",2025-07-08T20:30:00-0700,"07.08.2025 - Michael G",Music,120,173567,"Jim Causey","Jul 8, 2025","9:35:09 PM",2025-07-08T21:35:09-0700,"The Church","North, South, East And West",Starfish,4:59,,USAR10001040,,,2016,,,SME,0886445798739
"Jul 8, 2025","8:30:00 PM",2025-07-08T20:30:00-0700,"07.08.2025 - Michael G",Music,120,173567,"Jim Causey","Jul 8, 2025","9:29:22 PM",2025-07-08T21:29:22-0700,"New Order",Academic,"Complete Music",5:55,,GBR8R1500231,,,2016,,,Mute,
"Jul 8, 2025","8:30:00 PM",2025-07-08T20:30:00-0700,"07.08.2025 - Michael G",Music,120,173567,"Jim Causey","Jul 8, 2025","9:26:36 PM",2025-07-08T21:26:36-0700,vidnaObmana,"Traditional spirit - Gülüm Seni","Twilight of Perception",4:58,,USHK99501502,,,1995,,,Projekt:Archive,0617026201528
"Jul 8, 2025","8:30:00 PM",2025-07-08T20:30:00-0700,"07.08.2025 - Michael G",Music,120,173567,"Jim Causey","Jul 8, 2025","9:21:00 PM",2025-07-08T21:21:00-0700,"Mount Fog","The Things That Left Us","Spells of Silence",,,,,,2022,,,,
"Jul 8, 2025","8:30:00 PM",2025-07-08T20:30:00-0700,"07.08.2025 - Michael G",Music,120,173567,"Jim Causey","Jul 8, 2025","9:16:41 PM",2025-07-08T21:16:41-0700,CHVRCHES,"Leave A Trace","Every Open Eye",3:57,,GBZN81500001,,,2015,,,"Virgin Records Ltd",00602547476371
"Jul 8, 2025","8:30:00 PM",2025-07-08T20:30:00-0700,"07.08.2025 - Michael G",Music,120,173567,"Jim Causey","Jul 8, 2025","9:12:12 PM",2025-07-08T21:12:12-0700,"Kate Bush","Constellation of the Heart","The Red Shoes",4:47,,USSM10026221,,,1993,,,Columbia,0074645373720
"Jul 8, 2025","8:30:00 PM",2025-07-08T20:30:00-0700,"07.08.2025 - Michael G",Music,120,173567,"Jim Causey","Jul 8, 2025","9:06:10 PM",2025-07-08T21:06:10-0700,Kavinsky,"Cameo - Breakbot & Irfane Remix",Cameo,4:26,,FRS712200210,,,2022,,,"Universal Music Division Virgin Music",
"Jul 8, 2025","8:30:00 PM",2025-07-08T20:30:00-0700,"07.08.2025 - Michael G",Music,120,173567,"Jim Causey","Jul 8, 2025","9:01:28 PM",2025-07-08T21:01:28-0700,"Toro Y Moi","Say That","Anything in Return",4:44,,US22N1307702,,,2013,,,"Carpark Records",0677517007756
"Jul 8, 2025","8:30:00 PM",2025-07-08T20:30:00-0700,"07.08.2025 - Michael G",Music,120,173567,"Jim Causey","Jul 8, 2025","8:57:28 PM",2025-07-08T20:57:28-0700,"Magdalena Bay","Secrets (Your Fire)","Mercurial World",4:05,,QM6N22162295,,,2021,,,"Luminelle Recordings",0196006633820
"Jul 8, 2025","8:30:00 PM",2025-07-08T20:30:00-0700,"07.08.2025 - Michael G",Music,120,173567,"Jim Causey","Jul 8, 2025","8:50:00 PM",2025-07-08T20:50:00-0700,Yaeji,"Waking Up Down","What We Drew",,,,,,2020,,,XL,
"Jul 8, 2025","8:30:00 PM",2025-07-08T20:30:00-0700,"07.08.2025 - Michael G",Music,120,173567,"Jim Causey","Jul 8, 2025","8:43:39 PM",2025-07-08T20:43:39-0700,Khruangbin,"Time (You and I) (Put a Smile on DJ's Face Mix)","Mordechai Remixes",9:15,,USJ5G2023002,,,2021,,,"Dead Oceans",0656605153063
"Jul 8, 2025","8:30:00 PM",2025-07-08T20:30:00-0700,"07.08.2025 - Michael G",Music,120,173567,"Jim Causey","Jul 8, 2025","8:38:21 PM",2025-07-08T20:38:21-0700,"Roy Orbison","California Blue","The Very Best Of Roy Orbison",3:55,,USV128900006,,,2017,,,"Sony Music Entertainment",0886446602622
"Jul 8, 2025","8:30:00 PM",2025-07-08T20:30:00-0700,"07.08.2025 - Michael G",Music,120,173567,"Jim Causey","Jul 8, 2025","8:34:26 PM",2025-07-08T20:34:26-0700,"Chris Isaak","Blue Spanish Sky","Heart Shaped World",3:57,,USRE10100545,,,2010,,,"Wicked Game Records",0075992583725
"Jul 8, 2025","8:30:00 PM",2025-07-08T20:30:00-0700,"07.08.2025 - Michael G",Music,120,173567,"Jim Causey","Jul 8, 2025","8:32:00 PM",2025-07-08T20:32:00-0700,"Lord Huron","Long Lost","Long Lost",,,,,,2021,,,"Republic Records",
"Jul 1, 2025","8:30:00 PM",2025-07-01T20:30:00-0700,"Convergence Zone",Music,120,174269,"Jim Causey","Jul 1, 2025","10:21:23 PM",2025-07-01T22:21:23-0700,"Steve Roach","Structures From Silence - Live 2019","The Sky Opens (Live 2019)",10:12,,USHK92037001,,,2020,,"Recorded live at the First United Methodist Church in Pasadena, CA on August 30, 2019 - for the Ambientt Church concert series.  The performance featured live visuals projected on the church walls - now a fixture of the Age of Reflections concert series",Projekt,0617026037028
"Jul 1, 2025","8:30:00 PM",2025-07-01T20:30:00-0700,"Convergence Zone",Music,120,174269,"Jim Causey","Jul 1, 2025","10:18:39 PM",2025-07-01T22:18:39-0700,"Roger Eno, Brian Eno, Daniel Lanois","Under Stars II","Apollo: Atmospheres and Soundtracks",3:23,,GBAAA0500097,,,1983,,,"EMI Catalogue",724356364752
"Jul 1, 2025","8:30:00 PM",2025-07-01T20:30:00-0700,"Convergence Zone",Music,120,174269,"Jim Causey","Jul 1, 2025","10:14:04 PM",2025-07-01T22:14:04-0700,"Brian Eno","Everything Merges With the Night","Another Green World",3:59,,GBAAA0400086,,,1975,,,"EMI Marketing",724357729154
"Jul 1, 2025","8:30:00 PM",2025-07-01T20:30:00-0700,"Convergence Zone",Music,120,174269,"Jim Causey","Jul 1, 2025","10:11:38 PM",2025-07-01T22:11:38-0700,Toto,"Take My Hand (End Credits)","Dune (Original Motion Picture Soundtrack)",3:21,,USA298400170,,,1984,,,Polydor,
"Jul 1, 2025","8:30:00 PM",2025-07-01T20:30:00-0700,"Convergence Zone",Music,120,174269,"Jim Causey","Jul 1, 2025","10:04:31 PM",2025-07-01T22:04:31-0700,"Brian Eno","Prophecy Theme","Dune: Original Soundtrack Album",4:26,,,,,1984,,,Polydor,
"Jul 1, 2025","8:30:00 PM",2025-07-01T20:30:00-0700,"Convergence Zone",Music,120,174269,"Jim Causey","Jul 1, 2025","10:01:00 PM",2025-07-01T22:01:00-0700,U2,"The Unforgettable Fire","The Unforgettable Fire",4:55,,GBUM70817521,,,1984,,,"UMC (Universal Music Catalogue)",602557666236
"Jul 1, 2025","8:30:00 PM",2025-07-01T20:30:00-0700,"Convergence Zone",Music,120,174269,"Jim Causey","Jul 1, 2025","9:54:40 PM",2025-07-01T21:54:40-0700,James,"Sound (Full Version)",Seven,6:41,,GBF089190345,,,1992,,"Produced by Brian Eno",EMI,731451093227
"Jul 1, 2025","8:30:00 PM",2025-07-01T20:30:00-0700,"Convergence Zone",Music,120,174269,"Jim Causey","Jul 1, 2025","9:50:43 PM",2025-07-01T21:50:43-0700,"Kacey Musgraves","Slow Burn","Golden Hour",4:06,,USUM71800128,,,2018,,,"MCA Nashville",602567385714
"Jul 1, 2025","8:30:00 PM",2025-07-01T20:30:00-0700,"Convergence Zone",Music,120,174269,"Jim Causey","Jul 1, 2025","9:44:58 PM",2025-07-01T21:44:58-0700,"Brian Eno & Beatie Wolfe","Play On",Luminal,5:55,,USUG12502720,,,2025,,,Verve,602478161735
"Jul 1, 2025","8:30:00 PM",2025-07-01T20:30:00-0700,"Convergence Zone",Music,120,174269,"Jim Causey","Jul 1, 2025","9:40:36 PM",2025-07-01T21:40:36-0700,"Caroline Polachek","On The Beach (from DEATH STRANDING 2: ON THE BEACH)","On The Beach",4:17,,QMBZ92532986,,,2025,,,"Perpetual Novice",0199350898051
"Jul 1, 2025","8:30:00 PM",2025-07-01T20:30:00-0700,"Convergence Zone",Music,120,174269,"Jim Causey","Jul 1, 2025","9:35:05 PM",2025-07-01T21:35:05-0700,"Death In Vegas",Honey,Honey,5:34,,DEU671703204,,,2018,,,Drone,0880319944819
"Jul 1, 2025","8:30:00 PM",2025-07-01T20:30:00-0700,"Convergence Zone",Music,120,174269,"Jim Causey","Jul 1, 2025","9:29:57 PM",2025-07-01T21:29:57-0700,"Night Heron","SUN IN MY EYEZ","SUN IN MY EYEZ",5:12,,QMDA72454388,,,2025,,,"Literal Gold Records",0198846863344
"Jul 1, 2025","8:30:00 PM",2025-07-01T20:30:00-0700,"Convergence Zone",Music,120,174269,"Jim Causey","Jul 1, 2025","9:21:09 PM",2025-07-01T21:21:09-0700,Feist,"Inside And Out","The Crossover Cafe",4:18,,FRZ020402570,,,2005,,,"Polydor Records",00602498700556
"Jul 1, 2025","8:30:00 PM",2025-07-01T20:30:00-0700,"Convergence Zone",Music,120,174269,"Jim Causey","Jul 1, 2025","9:15:50 PM",2025-07-01T21:15:50-0700,"Belle and Sebastian","Poor Boy","How To Solve Our Human Problems, Pt. 1-3",4:29,,USMTD1810317,,,2018,,,Matador,744861112372
"Jul 1, 2025","8:30:00 PM",2025-07-01T20:30:00-0700,"Convergence Zone",Music,120,174269,"Jim Causey","Jul 1, 2025","9:14:12 PM",2025-07-01T21:14:12-0700,"Charlotte Gainsbourg","Such a Remarkable Day","Such a Remarkable Day",3:37,,FR6P11702100,,,2018,,,"Because Music",5060525438738
"Jul 1, 2025","8:30:00 PM",2025-07-01T20:30:00-0700,"Convergence Zone",Music,120,174269,"Jim Causey","Jul 1, 2025","9:10:08 PM",2025-07-01T21:10:08-0700,AURORA,"To Be Alright","To Be Alright",4:05,,GBUM72400943,,,2024,,"AURORA will perform at the Bumbershoot Music &amp; Arts Festival on Sunday, August 31","Petroleum Records",0602465332568
"Jul 1, 2025","8:30:00 PM",2025-07-01T20:30:00-0700,"Convergence Zone",Music,120,174269,"Jim Causey","Jul 1, 2025","9:06:06 PM",2025-07-01T21:06:06-0700,Fotoform,"Skimming the Surface","Grief is a Garden (Forever in Bloom)",4:23,,QZES92543859,,L,2025,,"Seattle artists - performing Everett on Friday, September 5 at the Lucky Dime","Dismal Nitch",199081928508
"Jul 1, 2025","8:30:00 PM",2025-07-01T20:30:00-0700,"Convergence Zone",Music,120,174269,"Jim Causey","Jul 1, 2025","9:01:06 PM",2025-07-01T21:01:06-0700,"Broken Social Scene","Pacific Theme","You Forgot it in People",5:09,,CAAA10200106,,,2017,,,"Arts & Crafts Productions, Inc.",00827590010062
"Jul 1, 2025","8:30:00 PM",2025-07-01T20:30:00-0700,"Convergence Zone",Music,120,174269,"Jim Causey","Jul 1, 2025","8:55:32 PM",2025-07-01T20:55:32-0700,"Dina Ögon","Det läcker","Det läcker",4:19,,SE3SA2302301,,,2023,,,"Playground Music",7332181120936
"Jul 1, 2025","8:30:00 PM",2025-07-01T20:30:00-0700,"Convergence Zone",Music,120,174269,"Jim Causey","Jul 1, 2025","8:51:59 PM",2025-07-01T20:51:59-0700,"Still Corners","Summer Nights","Summer Nights",3:37,,QZCWY2500001,,,2025,,,"Wrecking Light Records",3617397044714
"Jul 1, 2025","8:30:00 PM",2025-07-01T20:30:00-0700,"Convergence Zone",Music,120,174269,"Jim Causey","Jul 1, 2025","8:46:44 PM",2025-07-01T20:46:44-0700,"New Order","Doubts Even Here (2019 Remaster)","Movement (Definitive) [2019 Remaster]",4:19,,GBAHT1900231,,,1981,,,Rhino,190295449360
"Jul 1, 2025","8:30:00 PM",2025-07-01T20:30:00-0700,"Convergence Zone",Music,120,174269,"Jim Causey","Jul 1, 2025","8:42:08 PM",2025-07-01T20:42:08-0700,"Washed Out","Say Goodbye","Notes from a Quiet Life",4:36,,USSUB2360002,,,2024,,"Washed Out will perform a DJ set at Nectar Lounge in Seattle on Friday, July 11","Sub Pop Records",98787160062
"Jul 1, 2025","8:30:00 PM",2025-07-01T20:30:00-0700,"Convergence Zone",Music,120,174269,"Jim Causey","Jul 1, 2025","8:36:50 PM",2025-07-01T20:36:50-0700,"Nation of Language","I'm Not Ready for the Change","I'm Not Ready for the Change",4:45,,USSUB2570005,,,2025,,"Coming to Seattle on Thursday, July 31 and Saturday, August 2 at Climate Pledge Arena","Subpop Record Group",0098787170061
"Jul 1, 2025","8:30:00 PM",2025-07-01T20:30:00-0700,"Convergence Zone",Music,120,174269,"Jim Causey","Jul 1, 2025","8:31:04 PM",2025-07-01T20:31:04-0700,"Sea Lemon","Crystals (feat. Benjamin Gibbard)","Crystals (feat. Benjamin Gibbard)",4:29,,QM7282493534,,L,2024,,"Sea Lemon will perform at Seattle's Tractor Tavern on Friday, August 8","Luminelle Recordings",
"Jun 24, 2025","8:30:00 PM",2025-06-24T20:30:00-0700,"06.24.2025 - Michael G",Music,120,173567,"Jim Causey","Jun 24, 2025","10:26:31 PM",2025-06-24T22:26:31-0700,Dredkid,Nortenegro,"8 Imaginario",3:40,,QMBZ91757082,,,2016,,,"Quiroga Finest Records",0192562002353
"Jun 24, 2025","8:30:00 PM",2025-06-24T20:30:00-0700,"06.24.2025 - Michael G",Music,120,173567,"Jim Causey","Jun 24, 2025","10:24:00 PM",2025-06-24T22:24:00-0700,"Popol Vuh","Hosianna Mantra","Hosianna Mantra",,,,,,1972,,,Pilz,
"Jun 24, 2025","8:30:00 PM",2025-06-24T20:30:00-0700,"06.24.2025 - Michael G",Music,120,173567,"Jim Causey","Jun 24, 2025","10:19:41 PM",2025-06-24T22:19:41-0700,Amulets,Lifelike,Lifelike,4:38,,QMFME2406221,,,2025,,,"Beacon Sound",0889845982333
"Jun 24, 2025","8:30:00 PM",2025-06-24T20:30:00-0700,"06.24.2025 - Michael G",Music,120,173567,"Jim Causey","Jun 24, 2025","10:14:02 PM",2025-06-24T22:14:02-0700,"Terminus Void","Lost In Time",Interstellar,5:44,,QZTDY2100007,,,2021,,,"Terminus Void",0692531180650
"Jun 24, 2025","8:30:00 PM",2025-06-24T20:30:00-0700,"06.24.2025 - Michael G",Music,120,173567,"Jim Causey","Jun 24, 2025","10:09:03 PM",2025-06-24T22:09:03-0700,"Sigur Rós",Ísjaki,Ísjaki,5:03,,GBKEE1300286,,,2018,,,Krunk,0190296919664
"Jun 24, 2025","8:30:00 PM",2025-06-24T20:30:00-0700,"06.24.2025 - Michael G",Music,120,173567,"Jim Causey","Jun 24, 2025","10:04:00 PM",2025-06-24T22:04:00-0700,"Siren And The Sea","An Chord","Gravity Wave",,,,,,2023,,,"Bathysphere Records",
"Jun 24, 2025","8:30:00 PM",2025-06-24T20:30:00-0700,"06.24.2025 - Michael G",Music,120,173567,"Jim Causey","Jun 24, 2025","9:58:00 PM",2025-06-24T21:58:00-0700,Saloop,Fife,"The Old Gods are Watching",,,,,,,,,Neotantra,
"Jun 24, 2025","8:30:00 PM",2025-06-24T20:30:00-0700,"06.24.2025 - Michael G",Music,120,173567,"Jim Causey","Jun 24, 2025","9:53:55 PM",2025-06-24T21:53:55-0700,Tycho,Weather,"Weather (Nitemoves Remix)",4:14,,GBCFB1900065,,,2020,,,"Ninja Tune",5054429139075
"Jun 24, 2025","8:30:00 PM",2025-06-24T20:30:00-0700,"06.24.2025 - Michael G",Music,120,173567,"Jim Causey","Jun 24, 2025","9:46:00 PM",2025-06-24T21:46:00-0700,Junip,"Line of Fire",Junip,,,,,,2013,,,"City Slang Records",
"Jun 24, 2025","8:30:00 PM",2025-06-24T20:30:00-0700,"06.24.2025 - Michael G",Music,120,173567,"Jim Causey","Jun 24, 2025","9:38:42 PM",2025-06-24T21:38:42-0700,"Peter Gabriel","San Jacinto - Live","Live Blood",7:47,,GBCPB1200815,,,2017,,,"Mercury Studios",00670211002799
"Jun 24, 2025","8:30:00 PM",2025-06-24T20:30:00-0700,"06.24.2025 - Michael G",Music,120,173567,"Jim Causey","Jun 24, 2025","9:34:02 PM",2025-06-24T21:34:02-0700,"Dead Can Dance","Compassion - Live from Paramount Theatre, Seattle, WA. September 17th, 2005","Live from Paramount Theatre, Seattle, WA. September 17th, 2005",5:14,,UK3XT2100423,,,2005,,,"The Show",5056495329558
"Jun 24, 2025","8:30:00 PM",2025-06-24T20:30:00-0700,"06.24.2025 - Michael G",Music,120,173567,"Jim Causey","Jun 24, 2025","9:34:00 PM",2025-06-24T21:34:00-0700,"Dead Can Dance",Compassion,"Live at the Paramount Theatre",,,,,,,,,"Holy Tongue Records",
"Jun 24, 2025","8:30:00 PM",2025-06-24T20:30:00-0700,"06.24.2025 - Michael G",Music,120,173567,"Jim Causey","Jun 24, 2025","9:30:00 PM",2025-06-24T21:30:00-0700,"Carolyn Cruso and Robert Almblade",Okanagon,"Tone Poems",,,,,,1989,,,Self-Released?,
"Jun 24, 2025","8:30:00 PM",2025-06-24T20:30:00-0700,"06.24.2025 - Michael G",Music,120,173567,"Jim Causey","Jun 24, 2025","9:26:05 PM",2025-06-24T21:26:05-0700,Hibou,June,Arc,3:52,,QZTAZ2269089,,,2023,,,DISTROKID,0197386362980
"Jun 24, 2025","8:30:00 PM",2025-06-24T20:30:00-0700,"06.24.2025 - Michael G",Music,120,173567,"Jim Causey","Jun 24, 2025","9:19:00 PM",2025-06-24T21:19:00-0700,Andain,"You Once Told Me","You Once Told Me",,,,,,2012,,,"Black Hole Recordings",
"Jun 24, 2025","8:30:00 PM",2025-06-24T20:30:00-0700,"06.24.2025 - Michael G",Music,120,173567,"Jim Causey","Jun 24, 2025","9:12:07 PM",2025-06-24T21:12:07-0700,Entheogenic,"Pagan Dream Machine - Vibrasphere Remix","Dialogue Of The Speakers",8:34,,GBKPL0819399,,,2008,,,Entheogenic,0842108042656
"Jun 24, 2025","8:30:00 PM",2025-06-24T20:30:00-0700,"06.24.2025 - Michael G",Music,120,173567,"Jim Causey","Jun 24, 2025","9:05:00 PM",2025-06-24T21:05:00-0700,"Sundial Aeon","Pleasure Impact",Apotheosis,,,,,,2007,,,"Flow Records",
"Jun 24, 2025","8:30:00 PM",2025-06-24T20:30:00-0700,"06.24.2025 - Michael G",Music,120,173567,"Jim Causey","Jun 24, 2025","8:59:06 PM",2025-06-24T20:59:06-0700,"Echo of the Low Light","Gold Things","Gold Things",4:11,,QZNWX2189387,,,2021,,,Independent,0196513152371
"Jun 24, 2025","8:30:00 PM",2025-06-24T20:30:00-0700,"06.24.2025 - Michael G",Music,120,173567,"Jim Causey","Jun 24, 2025","8:54:03 PM",2025-06-24T20:54:03-0700,"Moving Panoramas","What Now","In Two",5:02,,QMXEH1800015,,,2019,,,"Modern Outsider",0192641236389
"Jun 24, 2025","8:30:00 PM",2025-06-24T20:30:00-0700,"06.24.2025 - Michael G",Music,120,173567,"Jim Causey","Jun 24, 2025","8:49:21 PM",2025-06-24T20:49:21-0700,"Cigarettes After Sex",Apocalypse,Apocalypse,4:50,,USBQU1700034,,,2021,,,PTKF,0720841229407
"Jun 24, 2025","8:30:00 PM",2025-06-24T20:30:00-0700,"06.24.2025 - Michael G",Music,120,173567,"Jim Causey","Jun 24, 2025","8:44:01 PM",2025-06-24T20:44:01-0700,"The Wild Swans",Archangels,"Magnitude [The Sire Years]",3:21,,USWB10604182,,,1900,,,"Warner Catalog and O/H",0081227998400
"Jun 24, 2025","8:30:00 PM",2025-06-24T20:30:00-0700,"06.24.2025 - Michael G",Music,120,173567,"Jim Causey","Jun 24, 2025","8:38:58 PM",2025-06-24T20:38:58-0700,"The Horrors","First Day of Spring",Luminous,5:11,,GBBKS1400037,,,2014,,,"XL Recordings",5059638328005
"Jun 24, 2025","8:30:00 PM",2025-06-24T20:30:00-0700,"06.24.2025 - Michael G",Music,120,173567,"Jim Causey","Jun 24, 2025","8:35:39 PM",2025-06-24T20:35:39-0700,Chairlift,"I Belong in Your Arms",Something,3:27,,USSM11104429,,,2012,,,Kanine/Columbia,0886443335660
"Jun 24, 2025","8:30:00 PM",2025-06-24T20:30:00-0700,"06.24.2025 - Michael G",Music,120,173567,"Jim Causey","Jun 24, 2025","8:31:49 PM",2025-06-24T20:31:49-0700,Curve,"Coast Is Clear","The Way Of Curve",4:02,,GBARL0400265,,,2004,,,"RCA Anxious",0828766224023
"Jun 17, 2025","8:30:00 PM",2025-06-17T20:30:00-0700,"06.17.2025 - Jim Causey",Music,120,173567,"Jim Causey","Jun 17, 2025","10:25:14 PM",2025-06-17T22:25:14-0700,"Spacetime Contniuum","The Perfect Drug (excerpt)","The ""Perfect Drug"" Versions",5:42,,USIR19701297,,,2019,,,Interscope,00606949500726
"Jun 17, 2025","8:30:00 PM",2025-06-17T20:30:00-0700,"06.17.2025 - Jim Causey",Music,120,173567,"Jim Causey","Jun 17, 2025","10:18:51 PM",2025-06-17T22:18:51-0700,Sansibar,"Wallah (SANS DJ Mix)","White Swan - EP",5:57,,GBQLP1901058,,,2019,,,"Natural Sciences",8718723118408
"Jun 17, 2025","8:30:00 PM",2025-06-17T20:30:00-0700,"06.17.2025 - Jim Causey",Music,120,173567,"Jim Causey","Jun 17, 2025","10:14:08 PM",2025-06-17T22:14:08-0700,"Massive Attack","Blue Lines - 2012 Mix/Master","Blue Lines",4:22,,GBAAA1200646,,,2012,,,"Virgin Catalogue",05099923203853
"Jun 17, 2025","8:30:00 PM",2025-06-17T20:30:00-0700,"06.17.2025 - Jim Causey",Music,120,173567,"Jim Causey","Jun 17, 2025","10:10:11 PM",2025-06-17T22:10:11-0700,"A Hundred Drums","Lord of Tings (feat. Jayne Gray) [Leon Switch Remix]","A Hundred Drums - EP",4:51,,GBWUL2001117,,,2020,,"Performing Saturday Night at the Cascadia NW Arts &amp; Music Festival in Darrington! - https://www.cascadianw.org/","Gravitas Recordings",197077702316
"Jun 17, 2025","8:30:00 PM",2025-06-17T20:30:00-0700,"06.17.2025 - Jim Causey",Music,120,173567,"Jim Causey","Jun 17, 2025","10:01:35 PM",2025-06-17T22:01:35-0700,"Pabellón Sintético","Open Spaces","Mies Dreams Live Session",8:46,,,,,2023,,,"Cyclical Dreams",
"Jun 17, 2025","8:30:00 PM",2025-06-17T20:30:00-0700,"06.17.2025 - Jim Causey",Music,120,173567,"Jim Causey","Jun 17, 2025","9:59:00 PM",2025-06-17T21:59:00-0700,"Erica Shapiro",Outro,"Midwife the Music",0:31,,QZMEQ2236590,,,2022,,,"Erica Rae",197085083018
"Jun 17, 2025","8:30:00 PM",2025-06-17T20:30:00-0700,"06.17.2025 - Jim Causey",Music,120,173567,"Jim Causey","Jun 17, 2025","9:56:32 PM",2025-06-17T21:56:32-0700,"Enigma Beats","Sacred Ceremony","Inner Sanctuary",3:24,,CAHQJ1803314,,,2018,,"Performing Saturday Night/Early Sunday Morning at the Cascadia NW Arts &amp; Music Festival in Darrington! - https://www.cascadianw.org/","Enigma Beats",800739658691
"Jun 17, 2025","8:30:00 PM",2025-06-17T20:30:00-0700,"06.17.2025 - Jim Causey",Music,120,173567,"Jim Causey","Jun 17, 2025","9:52:02 PM",2025-06-17T21:52:02-0700,"Seeded Vision","Edge Detection","Edge Detection - Single",3:54,,QM24S2402886,,,2024,,"Performing Saturday Night/Early Sunday Morning at the Cascadia NW Arts &amp; Music Festival in Darrington! - https://www.cascadianw.org/","Infinity Problem",193436382953
"Jun 17, 2025","8:30:00 PM",2025-06-17T20:30:00-0700,"06.17.2025 - Jim Causey",Music,120,173567,"Jim Causey","Jun 17, 2025","9:50:44 PM",2025-06-17T21:50:44-0700,Sappho,Broadchurch,"Broadchurch - Single",1:24,,QZHNC2483725,,,2024,,"Performing Saturday, June 21 at the Cascadia NW Arts &amp; Music Festival in Darrington! - https://www.cascadianw.org/","Sappho Music",198472955871
"Jun 17, 2025","8:30:00 PM",2025-06-17T20:30:00-0700,"06.17.2025 - Jim Causey",Music,120,173567,"Jim Causey","Jun 17, 2025","9:34:13 PM",2025-06-17T21:34:13-0700,"FCS North",11:11,Vocabulary,8:27,,USZ270710072,,L,2003,,,"Luckyhorse Industries",0655173701126
"Jun 17, 2025","8:30:00 PM",2025-06-17T20:30:00-0700,"06.17.2025 - Jim Causey",Music,120,173567,"Jim Causey","Jun 17, 2025","9:31:41 PM",2025-06-17T21:31:41-0700,"Style King of the Week","Mt. Hope Reservoir","Style King of the Week",3:27,,USCGJ2395612,,L,2023,,,"Style King of the Week",198015870531
"Jun 17, 2025","8:30:00 PM",2025-06-17T20:30:00-0700,"06.17.2025 - Jim Causey",Music,120,173567,"Jim Causey","Jun 17, 2025","9:26:32 PM",2025-06-17T21:26:32-0700,"Norm Chambers","Patternmusik (excerpt)","Graphic Means (Original Soundtrack)",6:03,,,,L,2017,,,,
"Jun 17, 2025","8:30:00 PM",2025-06-17T20:30:00-0700,"06.17.2025 - Jim Causey",Music,120,173567,"Jim Causey","Jun 17, 2025","9:22:54 PM",2025-06-17T21:22:54-0700,"Hello Meteor","The Northern Rim Archipelago","Welcome To New Cascade",3:33,,QZNWT2285548,,L,2022,,,"Evergreen Prefecture",0197147196786
"Jun 17, 2025","8:30:00 PM",2025-06-17T20:30:00-0700,"06.17.2025 - Jim Causey",Music,120,173567,"Jim Causey","Jun 17, 2025","9:17:51 PM",2025-06-17T21:17:51-0700,Lusine,"Long Light (feat. Benoit Pioulard)","Long Light",5:17,,US2J72302707,,L,2023,,,"Ghostly International",0804297842707
"Jun 17, 2025","8:30:00 PM",2025-06-17T20:30:00-0700,"06.17.2025 - Jim Causey",Music,120,173567,"Jim Causey","Jun 17, 2025","9:04:57 PM",2025-06-17T21:04:57-0700,"Heathered Pearls","An Obstruction In The Clear Plastic - Tammy Lakkis Remix","Cast Remixes Part II",5:00,,US2J72109804,,,2021,,,"Ghostly International",0804297839806
"Jun 17, 2025","8:30:00 PM",2025-06-17T20:30:00-0700,"06.17.2025 - Jim Causey",Music,120,173567,"Jim Causey","Jun 17, 2025","9:02:09 PM",2025-06-17T21:02:09-0700,Multiplex,Oe36dy,"Pinghaus Frequencies",2:43,,QZDA52102245,,,2002,,,"2839992 Records DK",0195939292586
"Jun 17, 2025","8:30:00 PM",2025-06-17T20:30:00-0700,"06.17.2025 - Jim Causey",Music,120,173567,"Jim Causey","Jun 17, 2025","8:55:46 PM",2025-06-17T20:55:46-0700,"Future Spells",Wahalo,bhikkhu,6:10,,,,L,2019,,"Performing Saturday night at the Cascadia NW Arts &amp; Music Festival in Darrington, WA - https://www.cascadianw.org/",,
"Jun 17, 2025","8:30:00 PM",2025-06-17T20:30:00-0700,"06.17.2025 - Jim Causey",Music,120,173567,"Jim Causey","Jun 17, 2025","8:53:34 PM",2025-06-17T20:53:34-0700,"Erica Shapiro",Regulation,"Midwife the Music",2:15,,QZMEQ2236588,,,2022,,,"Erica Rae",0197085083018
"Jun 17, 2025","8:30:00 PM",2025-06-17T20:30:00-0700,"06.17.2025 - Jim Causey",Music,120,173567,"Jim Causey","Jun 17, 2025","8:48:29 PM",2025-06-17T20:48:29-0700,"Ólafur Arnalds",Loom,"some kind of peace",3:46,,GBBBA2000030,,,2020,,,"Decca Music Group Ltd.",00602507437480
"Jun 17, 2025","8:30:00 PM",2025-06-17T20:30:00-0700,"06.17.2025 - Jim Causey",Music,120,173567,"Jim Causey","Jun 17, 2025","8:45:10 PM",2025-06-17T20:45:10-0700,Fischerspooner,"Togetherness (feat. Caroline Polachek)",Sir,3:21,,USUS11700365,,,2017,,,"Ultra Records, LLC",0617465910258
"Jun 17, 2025","8:30:00 PM",2025-06-17T20:30:00-0700,"06.17.2025 - Jim Causey",Music,120,173567,"Jim Causey","Jun 17, 2025","8:40:43 PM",2025-06-17T20:40:43-0700,Roosevelt,Elliot,"Elliot - EP",4:21,,GBRTB1300166,,,2013,,,"Tambourine Dreams Records",5065001989568
"Jun 17, 2025","8:30:00 PM",2025-06-17T20:30:00-0700,"06.17.2025 - Jim Causey",Music,120,173567,"Jim Causey","Jun 17, 2025","8:36:25 PM",2025-06-17T20:36:25-0700,Classixx,"All You're Waiting for","Hanging Gardens",4:17,,USD8D1313002,,,2013,,,"Innovative Leisure",0810874020307
"Jun 17, 2025","8:30:00 PM",2025-06-17T20:30:00-0700,"06.17.2025 - Jim Causey",Music,120,173567,"Jim Causey","Jun 17, 2025","8:30:00 PM",2025-06-17T20:30:00-0700,Classixx,"Hanging Gardens","Hanging Gardens",5:24,,USD8D1313001,,,2013,,,"Innovative Leisure",196626413710
"Jun 10, 2025","8:30:00 PM",2025-06-10T20:30:00-0700,"06.10.2025 - Michael G",Music,120,173567,"Jim Causey","Jun 10, 2025","10:26:00 PM",2025-06-10T22:26:00-0700,"Ruth Davidson","Cello Improvisation",N/A,,,,,,2025,,,N/A,
"Jun 10, 2025","8:30:00 PM",2025-06-10T20:30:00-0700,"06.10.2025 - Michael G",Music,120,173567,"Jim Causey","Jun 10, 2025","10:23:00 PM",2025-06-10T22:23:00-0700,"Lucia Hwong","Tibet Suite: Sunset Over Sakya","House of Sleeping Beauties",,,,,,1985,,,"Private Music",
"Jun 10, 2025","8:30:00 PM",2025-06-10T20:30:00-0700,"06.10.2025 - Michael G",Music,120,173567,"Jim Causey","Jun 10, 2025","10:20:00 PM",2025-06-10T22:20:00-0700,"High Plains","Black Shimmer",Cinderland,4:05,,USNCB1720606,,,2017,,,kranky,0191018644628
"Jun 10, 2025","8:30:00 PM",2025-06-10T20:30:00-0700,"06.10.2025 - Michael G",Music,120,173567,"Jim Causey","Jun 10, 2025","10:12:07 PM",2025-06-10T22:12:07-0700,"Massive Attack","Small Time Shot Away","100th Window",7:57,,GBAAA0201163,,,2003,,,"Virgin Records",00724358123951
"Jun 10, 2025","8:30:00 PM",2025-06-10T20:30:00-0700,"06.10.2025 - Michael G",Music,120,173567,"Jim Causey","Jun 10, 2025","10:08:33 PM",2025-06-10T22:08:33-0700,"Ray Lynch","Tiny Geometries / Ray Lynch","Deep Breakfast",6:01,,USAUQ0500014,,,1984,,,"Ray Lynch Productions",0735371111825
"Jun 10, 2025","8:30:00 PM",2025-06-10T20:30:00-0700,"06.10.2025 - Michael G",Music,120,173567,"Jim Causey","Jun 10, 2025","10:05:00 PM",2025-06-10T22:05:00-0700,Nitechord,Near,Lume,,,,,,2024,,,"Past Inside The Present",
"Jun 10, 2025","8:30:00 PM",2025-06-10T20:30:00-0700,"06.10.2025 - Michael G",Music,120,173567,"Jim Causey","Jun 10, 2025","9:59:23 PM",2025-06-10T21:59:23-0700,"Steven Wilson","The Overview: Perspective","The Overview",4:55,,GBUM72407080,,,2025,,,"Virgin Music UK LAS (S&D)",
"Jun 10, 2025","8:30:00 PM",2025-06-10T20:30:00-0700,"06.10.2025 - Michael G",Music,120,173567,"Jim Causey","Jun 10, 2025","9:53:00 PM",2025-06-10T21:53:00-0700,Genesis,"Entangled - 2007 - Remaster","A Trick Of The Tail",6:26,,GBAAA0700002,,,1900,,,"Atlantic 0191",0081227998646
"Jun 10, 2025","8:30:00 PM",2025-06-10T20:30:00-0700,"06.10.2025 - Michael G",Music,120,173567,"Jim Causey","Jun 10, 2025","9:51:16 PM",2025-06-10T21:51:16-0700,Snowdrops,"Phase One","Singing Stones (Volume 1)",1:46,,GBSLH2400596,,,2024,,,"Gizeh Records",4250101476532
"Jun 10, 2025","8:30:00 PM",2025-06-10T20:30:00-0700,"06.10.2025 - Michael G",Music,120,173567,"Jim Causey","Jun 10, 2025","9:46:23 PM",2025-06-10T21:46:23-0700,"Holland Phillips","Through the Rabbit Hole","A Sense of Distance",3:49,,QMFMF2379801,,,2024,,,"Ageless Records",
"Jun 10, 2025","8:30:00 PM",2025-06-10T20:30:00-0700,"06.10.2025 - Michael G",Music,120,173567,"Jim Causey","Jun 10, 2025","9:41:00 PM",2025-06-10T21:41:00-0700,"Jon Jenkins and Paul Lackey","A Relic’s Tale",Continuum,,,,,,1995,,,"Spotted Peccary Music",
"Jun 10, 2025","8:30:00 PM",2025-06-10T20:30:00-0700,"06.10.2025 - Michael G",Music,120,173567,"Jim Causey","Jun 10, 2025","9:40:35 PM",2025-06-10T21:40:35-0700,"Jon Jenkins","Tugging At The Cloud",Continuum,3:09,,USSP59504003,,,1995,,,"Spotted Peccary",0600028040127
"Jun 10, 2025","8:30:00 PM",2025-06-10T20:30:00-0700,"06.10.2025 - Michael G",Music,120,173567,"Jim Causey","Jun 10, 2025","9:36:00 PM",2025-06-10T21:36:00-0700,"Haunted Computer","Escape From Beach Drive","Castle Waves",,,,,,2022,,,,
"Jun 10, 2025","8:30:00 PM",2025-06-10T20:30:00-0700,"06.10.2025 - Michael G",Music,120,173567,"Jim Causey","Jun 10, 2025","9:31:35 PM",2025-06-10T21:31:35-0700,"Lars Leonhard","Silent Echoes","Wave Interference",5:54,,ushm82440911,,,2024,,,Synphaera,0198595078600
"Jun 10, 2025","8:30:00 PM",2025-06-10T20:30:00-0700,"06.10.2025 - Michael G",Music,120,173567,"Jim Causey","Jun 10, 2025","9:25:48 PM",2025-06-10T21:25:48-0700,Hooverphonic,"Renaissance Affair","Blue Wonder Power Milk",3:24,,BEU019801025,,,2013,,,Columbia/Legacy,0886443186392
"Jun 10, 2025","8:30:00 PM",2025-06-10T20:30:00-0700,"06.10.2025 - Michael G",Music,120,173567,"Jim Causey","Jun 10, 2025","9:20:20 PM",2025-06-10T21:20:20-0700,"John Carroll Kirby","The Quest of Chico Hamilton",Septet,4:28,,US2S72129007,,,2021,,,"Stones Throw Records",0659457242930
"Jun 10, 2025","8:30:00 PM",2025-06-10T20:30:00-0700,"06.10.2025 - Michael G",Music,120,173567,"Jim Causey","Jun 10, 2025","9:14:46 PM",2025-06-10T21:14:46-0700,Akusmi,Yurikamome,Yurikamome,5:42,,GX4FT2201008,,,2022,,,"Tonal Union",3616845262458
"Jun 10, 2025","8:30:00 PM",2025-06-10T20:30:00-0700,"06.10.2025 - Michael G",Music,120,173567,"Jim Causey","Jun 10, 2025","9:11:15 PM",2025-06-10T21:11:15-0700,A.L.I.S.O.N,Lifted,Ultrasound,3:38,,TCAGK2232523,,,2022,,,"Tone Tree Music / Wild Nature / Stratford Ct.",0859765020200
"Jun 10, 2025","8:30:00 PM",2025-06-10T20:30:00-0700,"06.10.2025 - Michael G",Music,120,173567,"Jim Causey","Jun 10, 2025","9:03:14 PM",2025-06-10T21:03:14-0700,"A Perfect Circle","When the Levee Breaks (Live)","Stone and Echo: Live at Red Rocks",6:34,,QMEJX0900050,,,2013,,,,
"Jun 10, 2025","8:30:00 PM",2025-06-10T20:30:00-0700,"06.10.2025 - Michael G",Music,120,173567,"Jim Causey","Jun 10, 2025","8:59:01 PM",2025-06-10T20:59:01-0700,"A Covenant of Thorns","The Dark Sings Softly",Ashes,4:18,,USHM22342475,,,2023,,,"A Handful of Nothing",0198025264351
"Jun 10, 2025","8:30:00 PM",2025-06-10T20:30:00-0700,"06.10.2025 - Michael G",Music,120,173567,"Jim Causey","Jun 10, 2025","8:54:23 PM",2025-06-10T20:54:23-0700,Luin,Undead,Undead,4:37,,QZDA62100404,,,2021,,,"Blue Wizard Music",0196051409890
"Jun 10, 2025","8:30:00 PM",2025-06-10T20:30:00-0700,"06.10.2025 - Michael G",Music,120,173567,"Jim Causey","Jun 10, 2025","8:50:24 PM",2025-06-10T20:50:24-0700,"Black Moth Super Rainbow","Twin Of Myself","Eating Us",3:23,,US25T0911680,,,2012,,,"Universal Music Australia Pty. Ltd.",00602527983745
"Jun 10, 2025","8:30:00 PM",2025-06-10T20:30:00-0700,"06.10.2025 - Michael G",Music,120,173567,"Jim Causey","Jun 10, 2025","8:45:59 PM",2025-06-10T20:45:59-0700,"Jenn Champion","Donating Your Body to Science","Donating Your Body to Science: What You Need to Know",4:29,,TCAFE2049278,,,2020,,,"Jenn Champion",0859742955860
"Jun 10, 2025","8:30:00 PM",2025-06-10T20:30:00-0700,"06.10.2025 - Michael G",Music,120,173567,"Jim Causey","Jun 10, 2025","8:40:00 PM",2025-06-10T20:40:00-0700,"Detroit Escalator Company",Climb,"Black Buildings",,,,,,2001,,,"Peacefrog Records",
"Jun 10, 2025","8:30:00 PM",2025-06-10T20:30:00-0700,"06.10.2025 - Michael G",Music,120,173567,"Jim Causey","Jun 10, 2025","8:34:15 PM",2025-06-10T20:34:15-0700,"The Crystal Method","True Grit","Legion Of Boom",5:06,,USVT10300152,,,2020,,,"Tiny E Records",0852967001039
"Jun 10, 2025","8:30:00 PM",2025-06-10T20:30:00-0700,"06.10.2025 - Michael G",Music,120,173567,"Jim Causey","Jun 10, 2025","8:32:00 PM",2025-06-10T20:32:00-0700,"Florence And The Machine","No Light, No Light",Ceremonials,,,,,,,,,"Island Records",
"Jun 3, 2025","8:30:00 PM",2025-06-03T20:30:00-0700,"06.03.2025 - Jim Causey",Music,120,173567,"Jim Causey","Jun 3, 2025","10:28:25 PM",2025-06-03T22:28:25-0700,C418,"The First Million",One,3:19,,TCABL1214582,,,2013,,,C418,0859709352541
"Jun 3, 2025","8:30:00 PM",2025-06-03T20:30:00-0700,"06.03.2025 - Jim Causey",Music,120,173567,"Jim Causey","Jun 3, 2025","10:05:17 PM",2025-06-03T22:05:17-0700,Pollard/Daniel/Booth,"Red Gryphon Dream State (excerpt)","Volume 7",23:56,,,,,2016,,,,
"Jun 3, 2025","8:30:00 PM",2025-06-03T20:30:00-0700,"06.03.2025 - Jim Causey",Music,120,173567,"Jim Causey","Jun 3, 2025","10:03:44 PM",2025-06-03T22:03:44-0700,"Suzanne Ciani","And All Dreams Are Not For Sale","Voices of Packaged Souls (1970)",0:56,,,,,2016,,,"Finders Keepers Records",
"Jun 3, 2025","8:30:00 PM",2025-06-03T20:30:00-0700,"06.03.2025 - Jim Causey",Music,120,173567,"Jim Causey","Jun 3, 2025","10:02:46 PM",2025-06-03T22:02:46-0700,"Suzanne Ciani","Thirteenth Voice: Sound of a Dream Kissing","Voices of Packaged Souls (1970)",0:54,,,,,2016,,,"Finders Keepers Records",
"Jun 3, 2025","8:30:00 PM",2025-06-03T20:30:00-0700,"06.03.2025 - Jim Causey",Music,120,173567,"Jim Causey","Jun 3, 2025","10:01:38 PM",2025-06-03T22:01:38-0700,"Suzanne Ciani","Twelth Voice: Sound of Love Turning","Voices of Packaged Souls (1970)",1:15,,,,,2016,,,"Finders Keepers Records",
"Jun 3, 2025","8:30:00 PM",2025-06-03T20:30:00-0700,"06.03.2025 - Jim Causey",Music,120,173567,"Jim Causey","Jun 3, 2025","10:01:17 PM",2025-06-03T22:01:17-0700,"Suzanne Ciani","Eleventh Voice: Sound of an Old Man Loving","Voices of Packaged Souls (1970)",1:11,,,,,2016,,,"Finders Keepers Records",
"Jun 3, 2025","8:30:00 PM",2025-06-03T20:30:00-0700,"06.03.2025 - Jim Causey",Music,120,173567,"Jim Causey","Jun 3, 2025","9:59:41 PM",2025-06-03T21:59:41-0700,"Suzanne Ciani","Tenth Voice: Sound of a Lighted Window","Voices of Packaged Souls (1970)",1:08,,,,,2016,,,"Finders Keepers Records",
"Jun 3, 2025","8:30:00 PM",2025-06-03T20:30:00-0700,"06.03.2025 - Jim Causey",Music,120,173567,"Jim Causey","Jun 3, 2025","9:57:53 PM",2025-06-03T21:57:53-0700,"Suzanne Ciani","Ninth Voice: Sound of a Nose Peeling","Voices of Packaged Souls (1970)",1:38,,,,,2016,,,"Finders Keepers Records",
"Jun 3, 2025","8:30:00 PM",2025-06-03T20:30:00-0700,"06.03.2025 - Jim Causey",Music,120,173567,"Jim Causey","Jun 3, 2025","9:56:55 PM",2025-06-03T21:56:55-0700,"Suzanne Ciani","Eighth Voice: Sound of Bones Growing","Voices of Packaged Souls (1970)",1:08,,,,,2016,,,"Finders Keepers Records",
"Jun 3, 2025","8:30:00 PM",2025-06-03T20:30:00-0700,"06.03.2025 - Jim Causey",Music,120,173567,"Jim Causey","Jun 3, 2025","9:55:13 PM",2025-06-03T21:55:13-0700,"Suzanne Ciani","Seventh Voice: Sound Of An Eye Tearing","Voices of Packaged Souls (1970)",1:31,,USFH61277024,,,2016,,,"Finders Keepers Records",5060099504327
"Jun 3, 2025","8:30:00 PM",2025-06-03T20:30:00-0700,"06.03.2025 - Jim Causey",Music,120,173567,"Jim Causey","Jun 3, 2025","9:54:23 PM",2025-06-03T21:54:23-0700,"Suzanne Ciani","Sixth Voice: Sound of a Flower Falling","Voices of Packaged Souls (1970)",1:05,,,,,2016,,,"Finders Keepers Records",
"Jun 3, 2025","8:30:00 PM",2025-06-03T20:30:00-0700,"06.03.2025 - Jim Causey",Music,120,173567,"Jim Causey","Jun 3, 2025","9:53:15 PM",2025-06-03T21:53:15-0700,"Suzanne Ciani","Fifth Voice: Sound of a Finger Burning","Voices of Packaged Souls (1970)",1:01,,,,,2016,,,"Finders Keepers Records",
"Jun 3, 2025","8:30:00 PM",2025-06-03T20:30:00-0700,"06.03.2025 - Jim Causey",Music,120,173567,"Jim Causey","Jun 3, 2025","9:52:35 PM",2025-06-03T21:52:35-0700,"Suzanne Ciani","Fourth Voice: Sound of Wetness","Voices of Packaged Souls (1970)",1:20,,,,,2016,,,"Finders Keepers Records",
"Jun 3, 2025","8:30:00 PM",2025-06-03T20:30:00-0700,"06.03.2025 - Jim Causey",Music,120,173567,"Jim Causey","Jun 3, 2025","9:50:18 PM",2025-06-03T21:50:18-0700,"Suzanne Ciani","Third Voice: Sound of Cold","Voices of Packaged Souls (1970)",1:14,,,,,2016,,,"Finders Keepers Records",
"Jun 3, 2025","8:30:00 PM",2025-06-03T20:30:00-0700,"06.03.2025 - Jim Causey",Music,120,173567,"Jim Causey","Jun 3, 2025","9:47:34 PM",2025-06-03T21:47:34-0700,"Suzanne Ciani","Second Voice: Sound Of Heat (Excerpt)","Sounds of Packaged Souls (1970)",3:30,,USFH61277019,,,2016,,,"Finders Keepers Records",5060099504327
"Jun 3, 2025","8:30:00 PM",2025-06-03T20:30:00-0700,"06.03.2025 - Jim Causey",Music,120,173567,"Jim Causey","Jun 3, 2025","9:47:00 PM",2025-06-03T21:47:00-0700,"Suzanne Ciani","First Voice: Sound of Hair Bleeding","Voices of Packaged Souls (1970)",0:48,,,,,2016,,,"Finders Keepers Records",
"Jun 3, 2025","8:30:00 PM",2025-06-03T20:30:00-0700,"06.03.2025 - Jim Causey",Music,120,173567,"Jim Causey","Jun 3, 2025","9:46:27 PM",2025-06-03T21:46:27-0700,"Suzanne Ciani","Voices of Packaged Souls Intro","Voices of Packaged Souls (1970)",0:35,,,,,2016,,,"Finders Keepers Records",
"Jun 3, 2025","8:30:00 PM",2025-06-03T20:30:00-0700,"06.03.2025 - Jim Causey",Music,120,173567,"Jim Causey","Jun 3, 2025","9:39:45 PM",2025-06-03T21:39:45-0700,"Tangent Universes","Delicate Feedbacks","Delicate Feedbacks",4:20,,QM3DF2204529,,,2023,,https://thiselectricspace.com/project-field-notes,"Mystery Circles",1963621327217
"Jun 3, 2025","8:30:00 PM",2025-06-03T20:30:00-0700,"06.03.2025 - Jim Causey",Music,120,173567,"Jim Causey","Jun 3, 2025","9:31:54 PM",2025-06-03T21:31:54-0700,Anantakara,"Blossoming Tree Of Life","Glimpse Of Changes",8:00,,BEH531100215,,,2025,,,"Cyclical Dreams",5063740926325
"Jun 3, 2025","8:30:00 PM",2025-06-03T20:30:00-0700,"06.03.2025 - Jim Causey",Music,120,173567,"Jim Causey","Jun 3, 2025","9:25:13 PM",2025-06-03T21:25:13-0700,AeTopus,Accent,iota,4:32,,USSP52547023,,L,2025,,,"Spotted Peccary",0600028470221
"Jun 3, 2025","8:30:00 PM",2025-06-03T20:30:00-0700,"06.03.2025 - Jim Causey",Music,120,173567,"Jim Causey","Jun 3, 2025","9:20:34 PM",2025-06-03T21:20:34-0700,"The Future Sound Of London","While Others Cry",Accelerator,5:27,,GBELY0600003,,,1992,,,"Jumpin' & Pumpin'",5013993900238
"Jun 3, 2025","8:30:00 PM",2025-06-03T20:30:00-0700,"06.03.2025 - Jim Causey",Music,120,173567,"Jim Causey","Jun 3, 2025","9:13:37 PM",2025-06-03T21:13:37-0700,Orbital,"Halcyon & On (Jon Hopkins Remix)","30 Something",7:09,,GBAAP2200026,,,2022,,,"London Music Stream",0190296152856
"Jun 3, 2025","8:30:00 PM",2025-06-03T20:30:00-0700,"06.03.2025 - Jim Causey",Music,120,173567,"Jim Causey","Jun 3, 2025","9:10:41 PM",2025-06-03T21:10:41-0700,"Hello Meteor","The Northern Rim Archipelago","Welcome To New Cascade",3:33,,QZNWT2285548,,L,2022,,,"Evergreen Prefecture",0197147196786
"Jun 3, 2025","8:30:00 PM",2025-06-03T20:30:00-0700,"06.03.2025 - Jim Causey",Music,120,173567,"Jim Causey","Jun 3, 2025","9:06:32 PM",2025-06-03T21:06:32-0700,"FM Attack",Secrets,Cosmic,3:12,,TCAHE2315969,,L,2023,,,"Starfield Music",5054287759583
"Jun 3, 2025","8:30:00 PM",2025-06-03T20:30:00-0700,"06.03.2025 - Jim Causey",Music,120,173567,"Jim Causey","Jun 3, 2025","9:02:53 PM",2025-06-03T21:02:53-0700,"Mt Fog","Cosmic Things","ultraviolet heart machine",3:33,,QZTB72442518,,L,2024,,,"Save the Forest for the Trees",0198662471372
"Jun 3, 2025","8:30:00 PM",2025-06-03T20:30:00-0700,"06.03.2025 - Jim Causey",Music,120,173567,"Jim Causey","Jun 3, 2025","8:58:50 PM",2025-06-03T20:58:50-0700,AURORA,"Gentle Earthquakes","MUSIC FOR THE FREE SPIRITS",3:48,,GBUM71804527,,,2022,,"Coming to Bumbershoot in Seattle on Labor Day Weekend!",SME,0886447337196
"Jun 3, 2025","8:30:00 PM",2025-06-03T20:30:00-0700,"06.03.2025 - Jim Causey",Music,120,173567,"Jim Causey","Jun 3, 2025","8:54:58 PM",2025-06-03T20:54:58-0700,"Pure Bathing Culture",Veil,"Night Pass",4:02,,QZDZU1800003,,L,2019,,,"Infinite Companion",
"Jun 3, 2025","8:30:00 PM",2025-06-03T20:30:00-0700,"06.03.2025 - Jim Causey",Music,120,173567,"Jim Causey","Jun 3, 2025","8:51:29 PM",2025-06-03T20:51:29-0700,"Noble Oak",Eveningstar,"When It Finds You",4:01,,CAL452326611,,L,2023,,,"Last Gang",634164926632
"Jun 3, 2025","8:30:00 PM",2025-06-03T20:30:00-0700,"06.03.2025 - Jim Causey",Music,120,173567,"Jim Causey","Jun 3, 2025","8:42:45 PM",2025-06-03T20:42:45-0700,"J. McFarlane's Reality Guest",Caviar,Whoopee,5:08,,GBCK42308910,,,2024,,,"Night School",0795154145812
"Jun 3, 2025","8:30:00 PM",2025-06-03T20:30:00-0700,"06.03.2025 - Jim Causey",Music,120,173567,"Jim Causey","Jun 3, 2025","8:39:04 PM",2025-06-03T20:39:04-0700,Hooverphonic,"Club Montepulciano","Blue Wonder Power Milk",3:40,,BEU019801027,,,1998,,,SME,0886446121208
"Jun 3, 2025","8:30:00 PM",2025-06-03T20:30:00-0700,"06.03.2025 - Jim Causey",Music,120,173567,"Jim Causey","Jun 3, 2025","8:34:54 PM",2025-06-03T20:34:54-0700,"Peter Gabriel","This Is the Picture (Excellent Birds) - 2012 Remaster","So (25th Anniversary Deluxe Edition)",4:21,,GBCPB1200870,,,1986,,,"Real World Productions Ltd.",00884108006511
"Jun 3, 2025","8:30:00 PM",2025-06-03T20:30:00-0700,"06.03.2025 - Jim Causey",Music,120,173567,"Jim Causey","Jun 3, 2025","8:30:37 PM",2025-06-03T20:30:37-0700,Lusine,Home,"Long Light",4:18,,US2J72302709,,L,2023,,,"Ghostly International",0804297842707
"Jun 3, 2025","8:30:00 PM",2025-06-03T20:30:00-0700,"06.03.2025 - Jim Causey",Music,120,173567,"Jim Causey","Jun 3, 2025","8:27:39 PM",2025-06-03T20:27:39-0700,"Noble Oak","One Summer","When It Finds You",2:12,,CAL452326607,,L,2023,,,"Last Gang",634164926632
"May 27, 2025","8:30:00 PM",2025-05-27T20:30:00-0700,"05.27.2025 - Michael G",Music,120,173567,"Jim Causey","May 27, 2025","10:22:00 PM",2025-05-27T22:22:00-0700,"Slow Dancing Society","Cavanaugh Bay","On: Past/Present 2024 Compilation… Originally on: Do We Become Sky",,,,,,2024,,,"Past Inside the Present",
"May 27, 2025","8:30:00 PM",2025-05-27T20:30:00-0700,"05.27.2025 - Michael G",Music,120,173567,"Jim Causey","May 27, 2025","10:15:42 PM",2025-05-27T22:15:42-0700,"Arjen Schat",Beyond,Spectrum,8:43,,NLV1E1700004,,,2017,,,"Trésor D'argent",0192378846394
"May 27, 2025","8:30:00 PM",2025-05-27T20:30:00-0700,"05.27.2025 - Michael G",Music,120,173567,"Jim Causey","May 27, 2025","10:11:52 PM",2025-05-27T22:11:52-0700,Mina,"Unsung Heroes","Lost And Remembered",4:26,,USMH92360762,,,2023,,,"Altar Records",0905428754569
"May 27, 2025","8:30:00 PM",2025-05-27T20:30:00-0700,"05.27.2025 - Michael G",Music,120,173567,"Jim Causey","May 27, 2025","10:09:00 PM",2025-05-27T22:09:00-0700,"Terminus Void","Unsung Heroes (feat Mina)","Lost & Remembered",,,,,,2023,,,"Altar Records",
"May 27, 2025","8:30:00 PM",2025-05-27T20:30:00-0700,"05.27.2025 - Michael G",Music,120,173567,"Jim Causey","May 27, 2025","10:03:00 PM",2025-05-27T22:03:00-0700,"Active Region","Into the Black","Horizon Dispatch",,,,,,2023,,,"Synphaera Records",
"May 27, 2025","8:30:00 PM",2025-05-27T20:30:00-0700,"05.27.2025 - Michael G",Music,120,173567,"Jim Causey","May 27, 2025","9:57:54 PM",2025-05-27T21:57:54-0700,"Beach House","Beyond Love","Depression Cherry",4:25,,USSUB1512204,,,2023,,,"Sub Pop Records",0098787112269
"May 27, 2025","8:30:00 PM",2025-05-27T20:30:00-0700,"05.27.2025 - Michael G",Music,120,173567,"Jim Causey","May 27, 2025","9:52:57 PM",2025-05-27T21:52:57-0700,ICEHOUSE,"Trojan Blue","Primitive Man (Bonus Track Edition)",5:04,,AUC441200047,,,2017,,,Diva,00602527975740
"May 27, 2025","8:30:00 PM",2025-05-27T20:30:00-0700,"05.27.2025 - Michael G",Music,120,173567,"Jim Causey","May 27, 2025","9:45:37 PM",2025-05-27T21:45:37-0700,"Frantic Chant","Fiberglass Spiderlegs","The Glass Factory",7:31,,GBLFP1713685,,,2017,,,Independent,5054960261877
"May 27, 2025","8:30:00 PM",2025-05-27T20:30:00-0700,"05.27.2025 - Michael G",Music,120,173567,"Jim Causey","May 27, 2025","9:39:47 PM",2025-05-27T21:39:47-0700,"The Seshen","Fallen Skies","Flames & Figures",4:10,,GBEUE1600046,,,2016,,,"Tru Thoughts",5060205157454
"May 27, 2025","8:30:00 PM",2025-05-27T20:30:00-0700,"05.27.2025 - Michael G",Music,120,173567,"Jim Causey","May 27, 2025","9:35:39 PM",2025-05-27T21:35:39-0700,"The Church",Aerodrome,"The Hypnogogue",4:31,,QMDA62201897,,,2023,,,"Communicating Vessels",0197186944768
"May 27, 2025","8:30:00 PM",2025-05-27T20:30:00-0700,"05.27.2025 - Michael G",Music,120,173567,"Jim Causey","May 27, 2025","9:31:39 PM",2025-05-27T21:31:39-0700,Versing,Float,"Tape II",4:12,,QZPLR2323168,,,2023,,,Versing,0197994945612
"May 27, 2025","8:30:00 PM",2025-05-27T20:30:00-0700,"05.27.2025 - Michael G",Music,120,173567,"Jim Causey","May 27, 2025","9:25:37 PM",2025-05-27T21:25:37-0700,"Ital Tek","The Mirror",Timeproof,4:41,,USA2B2211275,,,2023,,,"Planet Mu",5056321682390
"May 27, 2025","8:30:00 PM",2025-05-27T20:30:00-0700,"05.27.2025 - Michael G",Music,120,173567,"Jim Causey","May 27, 2025","9:21:00 PM",2025-05-27T21:21:00-0700,Govinda,"In Through Time","Entwined & Entranced",,,,,,1999,,,"Earthtone Records",
"May 27, 2025","8:30:00 PM",2025-05-27T20:30:00-0700,"05.27.2025 - Michael G",Music,120,173567,"Jim Causey","May 27, 2025","9:16:23 PM",2025-05-27T21:16:23-0700,"Sunni Colón",Provide,Provide,4:00,,ZZOPM2104673,,,2021,,,"Tetsu Recordings",0190296783630
"May 27, 2025","8:30:00 PM",2025-05-27T20:30:00-0700,"05.27.2025 - Michael G",Music,120,173567,"Jim Causey","May 27, 2025","9:12:17 PM",2025-05-27T21:12:17-0700,"Thievery Corporation","Omid - Hope","The Richest Man In Babylon",3:48,,USESL0306005,,,2022,,,"Primary Wave Music",
"May 27, 2025","8:30:00 PM",2025-05-27T20:30:00-0700,"05.27.2025 - Michael G",Music,120,173567,"Jim Causey","May 27, 2025","9:06:47 PM",2025-05-27T21:06:47-0700,ODESZA,"Love Letter (feat. The Knocks)","Love Letter (feat. The Knocks)",4:13,,GBCFB2200125,,,2022,,,"Foreign Family Collective/Ninja Tune",5054429156096
"May 27, 2025","8:30:00 PM",2025-05-27T20:30:00-0700,"05.27.2025 - Michael G",Music,120,173567,"Jim Causey","May 27, 2025","9:02:06 PM",2025-05-27T21:02:06-0700,"Night in Athens","Words Unspoken","Wasted Reflektions",4:47,,FRX452466057,,,2024,,,"Wave Records Brasilien",
"May 27, 2025","8:30:00 PM",2025-05-27T20:30:00-0700,"05.27.2025 - Michael G",Music,120,173567,"Jim Causey","May 27, 2025","8:58:25 PM",2025-05-27T20:58:25-0700,MØAA,Jaywalker,Jaywalker,3:55,,QM7282325547,,,2023,,,MØAA,0197189108204
"May 27, 2025","8:30:00 PM",2025-05-27T20:30:00-0700,"05.27.2025 - Michael G",Music,120,173567,"Jim Causey","May 27, 2025","8:51:00 PM",2025-05-27T20:51:00-0700,"The Lucid Dream","Bad Texan","Bad Texan (EP)",,,,,,2016,,,"Holy Are You Recordings",
"May 27, 2025","8:30:00 PM",2025-05-27T20:30:00-0700,"05.27.2025 - Michael G",Music,120,173567,"Jim Causey","May 27, 2025","8:45:08 PM",2025-05-27T20:45:08-0700,"Desert Mountain Tribe","Heaven and Hell","Either That or the Moon",5:51,,DEU241505839,,,2016,,,Membran,0885150341285
"May 27, 2025","8:30:00 PM",2025-05-27T20:30:00-0700,"05.27.2025 - Michael G",Music,120,173567,"Jim Causey","May 27, 2025","8:35:59 PM",2025-05-27T20:35:59-0700,"Johan Agebjörn","Space Travel",Artefact,8:11,,USSP52133021,,,2021,,,"Brain Laughter, Inc.",0600028330228
"May 27, 2025","8:30:00 PM",2025-05-27T20:30:00-0700,"05.27.2025 - Michael G",Music,120,173567,"Jim Causey","May 27, 2025","8:32:00 PM",2025-05-27T20:32:00-0700,"Pet Shop Boys","More Than a Dream (Magical Dub)","Yes (Special Bonus Disk: Etc)",,,,,,2009,,,Parlophone,
"May 20, 2025","8:30:00 PM",2025-05-20T20:30:00-0700,"05.20.2025 - Jim Causey",Music,120,173567,"Jim Causey","May 20, 2025","10:25:12 PM",2025-05-20T22:25:12-0700,"Brian Eno","1/1 (Excerpt)","Ambient 1: Music for Airports",4:48,,GBAAA0400426,,,1978,,,"EMI Marketing",00724386649553
"May 20, 2025","8:30:00 PM",2025-05-20T20:30:00-0700,"05.20.2025 - Jim Causey",Music,120,173567,"Jim Causey","May 20, 2025","10:22:20 PM",2025-05-20T22:22:20-0700,"Domenica Diavoleria","With Bells On Her Toes","A City of Ladies",3:46,,,,L,2025,,,,
"May 20, 2025","8:30:00 PM",2025-05-20T20:30:00-0700,"05.20.2025 - Jim Causey",Music,120,173567,"Jim Causey","May 20, 2025","10:12:45 PM",2025-05-20T22:12:45-0700,"Brendan Pollard","Venture to the Circles","The Zone of Malleable Fears",9:41,,,,,2023,,,,
"May 20, 2025","8:30:00 PM",2025-05-20T20:30:00-0700,"05.20.2025 - Jim Causey",Music,120,173567,"Jim Causey","May 20, 2025","10:06:42 PM",2025-05-20T22:06:42-0700,"David Bowie",Lazarus,Blackstar,6:24,,USRF31500003,,,2016,,,Rhino,5054197573972
"May 20, 2025","8:30:00 PM",2025-05-20T20:30:00-0700,"05.20.2025 - Jim Causey",Music,120,173567,"Jim Causey","May 20, 2025","10:00:17 PM",2025-05-20T22:00:17-0700,"Dennis Russell Davies; Stuttgart State Orchestra & Chorus","Akhnaten, Prelude: Verse 3","Glass: Akhnaten",0:41,,USSM18700199,,,1987,,,"Sony Classical",886443373549
"May 20, 2025","8:30:00 PM",2025-05-20T20:30:00-0700,"05.20.2025 - Jim Causey",Music,120,173567,"Jim Causey","May 20, 2025","9:54:48 PM",2025-05-20T21:54:48-0700,"Dennis Russell Davies;Stuttgart State Opera Orchestra & Chorus","Act I - Year 1 of Akhnaten's Reign - Thebes - Prelude: Refrain, Verse 1, Verse 2 - Voice","Glass: Akhnaten",10:44,,USSM18700186,,,1987,,,"Sony Classical",
"May 20, 2025","8:30:00 PM",2025-05-20T20:30:00-0700,"05.20.2025 - Jim Causey",Music,120,173567,"Jim Causey","May 20, 2025","9:50:37 PM",2025-05-20T21:50:37-0700,"October Project","Bury My Lovely","October Project",3:59,,USSM10025308,,,1993,,,Epic,0074645394725
"May 20, 2025","8:30:00 PM",2025-05-20T20:30:00-0700,"05.20.2025 - Jim Causey",Music,120,173567,"Jim Causey","May 20, 2025","9:46:27 PM",2025-05-20T21:46:27-0700,"One Dove","White Love (Radio Mix)","Morning Dove White",4:40,,GBAAP9300689,,,1999,,,"London Records",
"May 20, 2025","8:30:00 PM",2025-05-20T20:30:00-0700,"05.20.2025 - Jim Causey",Music,120,173567,"Jim Causey","May 20, 2025","9:39:14 PM",2025-05-20T21:39:14-0700,"Tears For Fears","Head Over Heels / Broken","Songs From The Big Chair (Super Deluxe Edition)",5:02,,GBF088590130,,,1985,,,"UMC (Universal Music Catalogue)",00602547037169
"May 20, 2025","8:30:00 PM",2025-05-20T20:30:00-0700,"05.20.2025 - Jim Causey",Music,120,173567,"Jim Causey","May 20, 2025","9:37:31 PM",2025-05-20T21:37:31-0700,"Tears for Fears",Broken,"Songs From The Big Chair (Super Deluxe Edition)",2:11,,,,,1985,,,"Universal Music",
"May 20, 2025","8:30:00 PM",2025-05-20T20:30:00-0700,"05.20.2025 - Jim Causey",Music,120,173567,"Jim Causey","May 20, 2025","9:32:38 PM",2025-05-20T21:32:38-0700,"East India Youth","TURN AWAY","CULTURE OF VOLUME",4:07,,GBBKS1400308,,,2015,,,"XL Recordings",5059638163880
"May 20, 2025","8:30:00 PM",2025-05-20T20:30:00-0700,"05.20.2025 - Jim Causey",Music,120,173567,"Jim Causey","May 20, 2025","9:27:39 PM",2025-05-20T21:27:39-0700,"Pink Floyd","One Slip - 2011 Remastered Version","A Momentary Lapse Of Reason (2011 Remastered Version)",5:09,,GBN9X1100004,,,2011,,,"Parlophone UK",5099902984759
"May 20, 2025","8:30:00 PM",2025-05-20T20:30:00-0700,"05.20.2025 - Jim Causey",Music,120,173567,"Jim Causey","May 20, 2025","9:25:42 PM",2025-05-20T21:25:42-0700,"Paul Haslinger","Golden Gate","Halt and Catch Fire (Original Television Series Soundtrack)",2:06,,USLS51684801,,,2016,,,"Lakeshore Records",0780163485028
"May 20, 2025","8:30:00 PM",2025-05-20T20:30:00-0700,"05.20.2025 - Jim Causey",Music,120,173567,"Jim Causey","May 20, 2025","9:23:58 PM",2025-05-20T21:23:58-0700,"Hello Meteor",Hypervescent,"Impact Bloom",2:13,,,,L,2025,,,,
"May 20, 2025","8:30:00 PM",2025-05-20T20:30:00-0700,"05.20.2025 - Jim Causey",Music,120,173567,"Jim Causey","May 20, 2025","9:17:56 PM",2025-05-20T21:17:56-0700,"Dead Can Dance","American Dreaming (Live Remastered)","Toward The Within (Remastered)",4:54,,GBAFL0700055,,,2008,,,4AD,5059638041102
"May 20, 2025","8:30:00 PM",2025-05-20T20:30:00-0700,"05.20.2025 - Jim Causey",Music,120,173567,"Jim Causey","May 20, 2025","9:14:05 PM",2025-05-20T21:14:05-0700,Amulets,"Lifelike (feat. Midwife)","Not Around But Through",4:38,,,,L,2025,,,"Beacon Sound",
"May 20, 2025","8:30:00 PM",2025-05-20T20:30:00-0700,"05.20.2025 - Jim Causey",Music,120,173567,"Jim Causey","May 20, 2025","9:08:07 PM",2025-05-20T21:08:07-0700,"Caroline Polachek","Butterfly Net (feat. Weyes Blood)","Butterfly Net (feat. Weyes Blood)",5:33,,QM4TW2467782,,,2024,,,"Perpetual Novice",0198391067648
"May 20, 2025","8:30:00 PM",2025-05-20T20:30:00-0700,"05.20.2025 - Jim Causey",Music,120,173567,"Jim Causey","May 20, 2025","9:04:21 PM",2025-05-20T21:04:21-0700,Brimheim,"Literally Everything","Literally Everything",3:50,,DKPF52300604,,,2023,,,TAMBOURHINOCEROS,0196922581892
"May 20, 2025","8:30:00 PM",2025-05-20T20:30:00-0700,"05.20.2025 - Jim Causey",Music,120,173567,"Jim Causey","May 20, 2025","9:00:41 PM",2025-05-20T21:00:41-0700,"Mt Fog","Losing Little Pieces","ultraviolet heart machine",3:41,,QZTB72442515,,L,2024,,"Performing at Tractor Tavern on Thursday, May 29!","Save the Forest for the Trees",0198662471372
"May 20, 2025","8:30:00 PM",2025-05-20T20:30:00-0700,"05.20.2025 - Jim Causey",Music,120,173567,"Jim Causey","May 20, 2025","8:54:22 PM",2025-05-20T20:54:22-0700,"Clan of Xymox","Back Door",Medusa,4:53,,GBAFL8600032,,,1986,,,4AD,5059638070560
"May 20, 2025","8:30:00 PM",2025-05-20T20:30:00-0700,"05.20.2025 - Jim Causey",Music,120,173567,"Jim Causey","May 20, 2025","8:49:45 PM",2025-05-20T20:49:45-0700,Lycia,"A Failure","In Flickers",4:57,,QM6MZ1830383,,,2018,,,"Lycium Music",0192562722633
"May 20, 2025","8:30:00 PM",2025-05-20T20:30:00-0700,"05.20.2025 - Jim Causey",Music,120,173567,"Jim Causey","May 20, 2025","8:45:21 PM",2025-05-20T20:45:21-0700,Darkswoon,"Human Faults",Bind,4:37,,QM4TW1951862,,L,2019,,"opening for Fotoform at Tractor Tavern in Seattle on Thursday May 29","Icy Cold Records",193483380803
"May 20, 2025","8:30:00 PM",2025-05-20T20:30:00-0700,"05.20.2025 - Jim Causey",Music,120,173567,"Jim Causey","May 20, 2025","8:39:54 PM",2025-05-20T20:39:54-0700,"Drab Majesty","Dot in the Sky","The Demonstration",5:26,,QMBZ91673224,,,2017,,,"Dais Records",0646263945490
"May 20, 2025","8:30:00 PM",2025-05-20T20:30:00-0700,"05.20.2025 - Jim Causey",Music,120,173567,"Jim Causey","May 20, 2025","8:38:16 PM",2025-05-20T20:38:16-0700,"Drab Majesty",Induction,"The Demonstration",0:59,,QMBZ91673223,,,2017,,,"Dais Records",191018390570
"May 20, 2025","8:30:00 PM",2025-05-20T20:30:00-0700,"05.20.2025 - Jim Causey",Music,120,173567,"Jim Causey","May 20, 2025","8:33:35 PM",2025-05-20T20:33:35-0700,Fotoform,"Skimming the Surface","Grief is a Garden (Forever in Bloom)",4:23,,QZES92543859,,,2025,,"Album Release party at Tractor Tavern in Seattle on Thursday, May 29","Dismal Nitch",0199081928508
"May 20, 2025","8:30:00 PM",2025-05-20T20:30:00-0700,"05.20.2025 - Jim Causey",Music,120,173567,"Jim Causey","May 20, 2025","8:31:30 PM",2025-05-20T20:31:30-0700,Fotoform,"Skimming the Surface","Grief is a Garden (Forever in Bloom)",4:24,,,,L,2025,,,,
"May 20, 2025","8:30:00 PM",2025-05-20T20:30:00-0700,"05.20.2025 - Jim Causey",Music,120,173567,"Jim Causey","May 20, 2025","8:28:52 PM",2025-05-20T20:28:52-0700,"Echo of the Low Light","Fearless Arrows","Fearless Arrows - Single",4:08,,QZWFV2436515,,L,2024,,,Independent,198880023049
"May 13, 2025","8:30:00 PM",2025-05-13T20:30:00-0700,"05.13.2025 - Michael G",Music,120,173567,"Jim Causey","May 13, 2025","10:26:16 PM",2025-05-13T22:26:16-0700,"Pink Floyd","One of These Days",Meddle,5:56,,GBN9Y1100060,,,2016,,,"Pink Floyd Music Ltd",5099902983851
"May 13, 2025","8:30:00 PM",2025-05-13T20:30:00-0700,"05.13.2025 - Michael G",Music,120,173567,"Jim Causey","May 13, 2025","10:23:00 PM",2025-05-13T22:23:00-0700,Yes,Soon,"Symphonic Live",,,,,,2003,,,"Eagle Rock Entertainment",
"May 13, 2025","8:30:00 PM",2025-05-13T20:30:00-0700,"05.13.2025 - Michael G",Music,120,173567,"Jim Causey","May 13, 2025","10:21:03 PM",2025-05-13T22:21:03-0700,"Thomas Newman","Any Other Name","American Beauty (Soundtrack)",4:07,,USDW19921012,,,2020,,,"UMG Recordings, Inc.",00600406864444
"May 13, 2025","8:30:00 PM",2025-05-13T20:30:00-0700,"05.13.2025 - Michael G",Music,120,173567,"Jim Causey","May 13, 2025","10:19:07 PM",2025-05-13T22:19:07-0700,"Jackin' Social Club","Missing You","Missing You",5:55,,DEPR32000347,,,2020,,,"Jackin' Social Club",4056813190915
"May 13, 2025","8:30:00 PM",2025-05-13T20:30:00-0700,"05.13.2025 - Michael G",Music,120,173567,"Jim Causey","May 13, 2025","10:16:34 PM",2025-05-13T22:16:34-0700,"Sign Libra","Carte Blanche","Hidden Beauty",3:55,,US6PQ2300226,,,2023,,,"RVNG Intl.",0747742386152
"May 13, 2025","8:30:00 PM",2025-05-13T20:30:00-0700,"05.13.2025 - Michael G",Music,120,173567,"Jim Causey","May 13, 2025","10:09:54 PM",2025-05-13T22:09:54-0700,Yes,"The Gates of Delirium","Progressive Artistry",21:55,,USEE10301005,,,1900,,,"Rhino Elektra",0081227379223
"May 13, 2025","8:30:00 PM",2025-05-13T20:30:00-0700,"05.13.2025 - Michael G",Music,120,173567,"Jim Causey","May 13, 2025","10:04:31 PM",2025-05-13T22:04:31-0700,Node,"Perpetuum Mobile 2 - Live","Node Live",12:09,,GBJJM1800005,,,2018,,,DiN,5028423180555
"May 13, 2025","8:30:00 PM",2025-05-13T20:30:00-0700,"05.13.2025 - Michael G",Music,120,173567,"Jim Causey","May 13, 2025","9:55:44 PM",2025-05-13T21:55:44-0700,"David Gilmour","Then I Close My Eyes - Live In Gdansk","Live In Gdansk",7:42,,GBLTP0800010,,,2008,,,"Parlophone UK",5099924261456
"May 13, 2025","8:30:00 PM",2025-05-13T20:30:00-0700,"05.13.2025 - Michael G",Music,120,173567,"Jim Causey","May 13, 2025","9:49:00 PM",2025-05-13T21:49:00-0700,darungara,"Leaving Home","N/A (Single Cut)",,,,,,2024,,,"N/A (Bandcamp)",
"May 13, 2025","8:30:00 PM",2025-05-13T20:30:00-0700,"05.13.2025 - Michael G",Music,120,173567,"Jim Causey","May 13, 2025","9:42:12 PM",2025-05-13T21:42:12-0700,AeTopus,"Decima Milia",iota,4:31,,USSP52547025,,,2025,,,"Spotted Peccary",0600028470221
"May 13, 2025","8:30:00 PM",2025-05-13T20:30:00-0700,"05.13.2025 - Michael G",Music,120,173567,"Jim Causey","May 13, 2025","9:42:00 PM",2025-05-13T21:42:00-0700,"Blank & Jones","Desire (Ambient Album Mix)",Desire,,,,,,2002,,,"Soundcolours Gmbh",
"May 13, 2025","8:30:00 PM",2025-05-13T20:30:00-0700,"05.13.2025 - Michael G",Music,120,173567,"Jim Causey","May 13, 2025","9:36:17 PM",2025-05-13T21:36:17-0700,Amethystium,Ethereal,Odonata,4:21,,USNR70100004,,,2001,,,"Neurodisc Records",49925021820
"May 13, 2025","8:30:00 PM",2025-05-13T20:30:00-0700,"05.13.2025 - Michael G",Music,120,173567,"Jim Causey","May 13, 2025","9:36:17 PM",2025-05-13T21:36:17-0700,Amethystium,Enchantment,Odonata,6:02,,USNR70100003,,,2001,,,"AM.mu Records",7071245038878
"May 13, 2025","8:30:00 PM",2025-05-13T20:30:00-0700,"05.13.2025 - Michael G",Music,120,173567,"Jim Causey","May 13, 2025","9:34:00 PM",2025-05-13T21:34:00-0700,"Active Dark Filament","The Glow of Distant Lights",Terranes,,,,,,2024,,,"WEATNU Records",
"May 13, 2025","8:30:00 PM",2025-05-13T20:30:00-0700,"05.13.2025 - Michael G",Music,120,173567,"Jim Causey","May 13, 2025","9:32:42 PM",2025-05-13T21:32:42-0700,"Andy Summers",Bewitched,Bewitched,3:55,,GBCTX2100403,,,2021,,,"Discipline Global Mobile",0633367884725
"May 13, 2025","8:30:00 PM",2025-05-13T20:30:00-0700,"05.13.2025 - Michael G",Music,120,173567,"Jim Causey","May 13, 2025","9:28:28 PM",2025-05-13T21:28:28-0700,"Andreas Vollenweider","The Stone (Close Up)","White Winds (Seeker's Journey)",3:02,,FR96X2094207,,,1984,,,"AVAF Music",3616406550741
"May 13, 2025","8:30:00 PM",2025-05-13T20:30:00-0700,"05.13.2025 - Michael G",Music,120,173567,"Jim Causey","May 13, 2025","9:28:00 PM",2025-05-13T21:28:00-0700,"Marconi Union",Riser,"Ghost Stations",,,,,,2016,,,"Just Music",
"May 13, 2025","8:30:00 PM",2025-05-13T20:30:00-0700,"05.13.2025 - Michael G",Music,120,173567,"Jim Causey","May 13, 2025","9:23:00 PM",2025-05-13T21:23:00-0700,"Rubaja And Hernandez",Forest,"High Plateaux",,,,,,1987,,,"Windham Hill Records",
"May 13, 2025","8:30:00 PM",2025-05-13T20:30:00-0700,"05.13.2025 - Michael G",Music,120,173567,"Jim Causey","May 13, 2025","9:22:46 PM",2025-05-13T21:22:46-0700,Kokoroko,"Age Of Ascent","Age Of Ascent",4:58,,GBMEF2101551,,,2023,,,"Brownswood Recordings",5060180325343
"May 13, 2025","8:30:00 PM",2025-05-13T20:30:00-0700,"05.13.2025 - Michael G",Music,120,173567,"Jim Causey","May 13, 2025","9:18:44 PM",2025-05-13T21:18:44-0700,Mildlife,Sunrise,Chorus,4:06,,GBPVV2300345,,,2024,,,"Heavenly Recordings",5400863143107
"May 13, 2025","8:30:00 PM",2025-05-13T20:30:00-0700,"05.13.2025 - Michael G",Music,120,173567,"Jim Causey","May 13, 2025","9:12:09 PM",2025-05-13T21:12:09-0700,Quintelium,"Gentle Persuasions","Dream and Reality",5:09,,QZTBC2479609,,,2024,,,"Somewherecold Records",0198889986390
"May 13, 2025","8:30:00 PM",2025-05-13T20:30:00-0700,"05.13.2025 - Michael G",Music,120,173567,"Jim Causey","May 13, 2025","9:07:17 PM",2025-05-13T21:07:17-0700,"Kaitlyn Aurelia Smith","Pivot Signal","Let's Turn It Into Sound",5:01,,US2J72200606,,,2022,,,"Ghostly International",0804297840604
"May 13, 2025","8:30:00 PM",2025-05-13T20:30:00-0700,"05.13.2025 - Michael G",Music,120,173567,"Jim Causey","May 13, 2025","9:01:45 PM",2025-05-13T21:01:45-0700,"Parallel Worlds","Frightening Frontiers",Shade,5:44,,GBJJM0900011,,,2009,,,DiN,0633367772626
"May 13, 2025","8:30:00 PM",2025-05-13T20:30:00-0700,"05.13.2025 - Michael G",Music,120,173567,"Jim Causey","May 13, 2025","8:56:54 PM",2025-05-13T20:56:54-0700,Ladytron,"Ace of Hz","Best of 00-10",3:36,,CAN111000270,,,2011,,,"Nettwerk Records",0067003595452
"May 13, 2025","8:30:00 PM",2025-05-13T20:30:00-0700,"05.13.2025 - Michael G",Music,120,173567,"Jim Causey","May 13, 2025","8:51:12 PM",2025-05-13T20:51:12-0700,"A Beacon School","Middle of Winter",yoyo,5:45,,QM7282359604,,,2023,,,"Grind Select",0197189172595
"May 13, 2025","8:30:00 PM",2025-05-13T20:30:00-0700,"05.13.2025 - Michael G",Music,120,173567,"Jim Causey","May 13, 2025","8:44:58 PM",2025-05-13T20:44:58-0700,Hatchie,"Stay With Me","Stay With Me",4:55,,AULI01821520,,,2019,,,"Double Double Whammy",0644110406064
"May 13, 2025","8:30:00 PM",2025-05-13T20:30:00-0700,"05.13.2025 - Michael G",Music,120,173567,"Jim Causey","May 13, 2025","8:37:35 PM",2025-05-13T20:37:35-0700,Lush,"Desire Lines",Split,7:39,,GBAFL9400114,,,1994,,,4AD,5059638080255
"May 13, 2025","8:30:00 PM",2025-05-13T20:30:00-0700,"05.13.2025 - Michael G",Music,120,173567,"Jim Causey","May 13, 2025","8:32:18 PM",2025-05-13T20:32:18-0700,"Johnny Marr","Walk Into The Sea","Walk Into The Sea",6:02,,GBUM81600150,,,2018,,,"BMG Rights Management (UK) Limited",0190296955860
"May 6, 2025","8:30:00 PM",2025-05-06T20:30:00-0700,"05.06.2025 - Jim Causey",Music,120,173567,"Jim Causey","May 6, 2025","10:19:48 PM",2025-05-06T22:19:48-0700,"Arushi Jain","Is It Love?","With & Without",9:07,,QZHN31917407,,,2019,,,DISTROKID,0194694542547
"May 6, 2025","8:30:00 PM",2025-05-06T20:30:00-0700,"05.06.2025 - Jim Causey",Music,120,173567,"Jim Causey","May 6, 2025","10:14:37 PM",2025-05-06T22:14:37-0700,Matthewdavid,Zithertronix,"Mycelium Music",5:13,,US25X2300119,,,2023,,,PLANCHA,0669158573585
"May 6, 2025","8:30:00 PM",2025-05-06T20:30:00-0700,"05.06.2025 - Jim Causey",Music,120,173567,"Jim Causey","May 6, 2025","9:59:59 PM",2025-05-06T21:59:59-0700,"John Coltrane","A Love Supreme, Pt. 1: Acknowledgement","A Love Supreme",7:43,,USMC16490243,,,1965,,,"Verve Reissues",602527883151
"May 6, 2025","8:30:00 PM",2025-05-06T20:30:00-0700,"05.06.2025 - Jim Causey",Music,120,173567,"Jim Causey","May 6, 2025","9:43:18 PM",2025-05-06T21:43:18-0700,"Bitchin Bajas",Amorpha,Bajascillators,9:43,,US58L2278101,,,2022,,,"Drag City",0781484078128
"May 6, 2025","8:30:00 PM",2025-05-06T20:30:00-0700,"05.06.2025 - Jim Causey",Music,120,173567,"Jim Causey","May 6, 2025","9:40:46 PM",2025-05-06T21:40:46-0700,"Marc Barreca",Shopping,"Music Works For Industry",2:33,,QZ3GN1600010,,,2017,,,"Freedom To Spend",0603786278757
"May 6, 2025","8:30:00 PM",2025-05-06T20:30:00-0700,"05.06.2025 - Jim Causey",Music,120,173567,"Jim Causey","May 6, 2025","9:35:46 PM",2025-05-06T21:35:46-0700,"Suzanne Ciani","Tide Pools","Tide Pools",4:27,,DEN961902371,,,2019,,,"Deutsche Grammophon (DG)",00028948369461
"May 6, 2025","8:30:00 PM",2025-05-06T20:30:00-0700,"05.06.2025 - Jim Causey",Music,120,173567,"Jim Causey","May 6, 2025","9:29:59 PM",2025-05-06T21:29:59-0700,"Norm Chambers","Crossing Over","Holodeck Vision One",5:54,,USA2P1824187,,,2018,,,"HOLODECK Records",0192641074981
"May 6, 2025","8:30:00 PM",2025-05-06T20:30:00-0700,"05.06.2025 - Jim Causey",Music,120,173567,"Jim Causey","May 6, 2025","9:25:48 PM",2025-05-06T21:25:48-0700,"Fleetwood Mac","Seven Wonders (2017 Remaster)","Tango in the Night (2017 Remaster) [Deluxe Edition]",3:42,,USRH11603545,,,1987,,,"Rhino/Warner Records",603497872893
"May 6, 2025","8:30:00 PM",2025-05-06T20:30:00-0700,"05.06.2025 - Jim Causey",Music,120,173567,"Jim Causey","May 6, 2025","9:21:57 PM",2025-05-06T21:21:57-0700,"David Arkenstone","Ancient Legend","Hidden Beauty",3:55,,USNA19610828,,,2006,,,Narada,00094636577852
"May 6, 2025","8:30:00 PM",2025-05-06T20:30:00-0700,"05.06.2025 - Jim Causey",Music,120,173567,"Jim Causey","May 6, 2025","9:14:52 PM",2025-05-06T21:14:52-0700,"Howard Givens","Vibrance of Life - Live","Precipice of a Dream (Live from Soundquest Fest 2021)",7:01,,USSP52190018,,,2021,,,"Spotted Peccary",0600028909622
"May 6, 2025","8:30:00 PM",2025-05-06T20:30:00-0700,"05.06.2025 - Jim Causey",Music,120,173567,"Jim Causey","May 6, 2025","9:06:01 PM",2025-05-06T21:06:01-0700,"Pat Metheny Group","Phase Dance","Pat Metheny Group",8:18,,DEB337811402,,,1985,,,"ECM Records",00042282559326
"May 6, 2025","8:30:00 PM",2025-05-06T20:30:00-0700,"05.06.2025 - Jim Causey",Music,120,173567,"Jim Causey","May 6, 2025","9:03:08 PM",2025-05-06T21:03:08-0700,"Suso Saiz","Linda Cubana (+Danzon Cubano)","Café Barcelona",3:18,,ES5019181010,,,2004,,,"WM Spain",0090317835020
"May 6, 2025","8:30:00 PM",2025-05-06T20:30:00-0700,"05.06.2025 - Jim Causey",Music,120,173567,"Jim Causey","May 6, 2025","9:00:23 PM",2025-05-06T21:00:23-0700,"Hello Meteor","Earth Journos","Earth Journos",3:01,,QZDA52329453,,,2023,,,DISTROKID,0197631733084
"May 6, 2025","8:30:00 PM",2025-05-06T20:30:00-0700,"05.06.2025 - Jim Causey",Music,120,173567,"Jim Causey","May 6, 2025","8:48:39 PM",2025-05-06T20:48:39-0700,Colloboh,"Mystic You","Mystic You",6:36,,US25X2301287,,,2023,,,"Leaving Records",0669158575572
"May 6, 2025","8:30:00 PM",2025-05-06T20:30:00-0700,"05.06.2025 - Jim Causey",Music,120,173567,"Jim Causey","May 6, 2025","8:45:20 PM",2025-05-06T20:45:20-0700,"Future Islands","For Sure","For Sure",3:25,,GBAFL2000212,,,2020,,,4AD,0191400027169
"May 6, 2025","8:30:00 PM",2025-05-06T20:30:00-0700,"05.06.2025 - Jim Causey",Music,120,173567,"Jim Causey","May 6, 2025","8:40:00 PM",2025-05-06T20:40:00-0700,CHVRCHES,"How Not To Drown (feat. Robert Smith)","How Not to Drown",5:31,,GBZN82100005,,,2021,,,"EMI (Virgin)",
"May 6, 2025","8:30:00 PM",2025-05-06T20:30:00-0700,"05.06.2025 - Jim Causey",Music,120,173567,"Jim Causey","May 6, 2025","8:34:40 PM",2025-05-06T20:34:40-0700,Classixx,"Hanging Gardens","Hanging Gardens",5:24,,USD8D1313001,,,2013,,,"Innovative Leisure",0810874020123
"May 6, 2025","8:30:00 PM",2025-05-06T20:30:00-0700,"05.06.2025 - Jim Causey",Music,120,173567,"Jim Causey","May 6, 2025","8:30:23 PM",2025-05-06T20:30:23-0700,"Noble Oak","Anywhere But Here","Anywhere But Here",4:26,,CAL452326001,,,2023,,,"Last Gang",0634164926021
"Apr 29, 2025","8:30:00 PM",2025-04-29T20:30:00-0700,"04.29.2025 - Michael G",Music,120,173567,"Jim Causey","Apr 29, 2025","10:25:49 PM",2025-04-29T22:25:49-0700,"Nicolas Jaar","Balance Her In Between Your Eyes","Space Is Only Noise",3:45,,FR2T01100014,,,2011,,,"Circus Company",3610150105851
"Apr 29, 2025","8:30:00 PM",2025-04-29T20:30:00-0700,"04.29.2025 - Michael G",Music,120,173567,"Jim Causey","Apr 29, 2025","10:18:41 PM",2025-04-29T22:18:41-0700,"Max Richter","The Consolations of Philosophy","Black Mirror - Nosedive (Music From The Original TV Series)",5:37,,DEN961631107,,,2016,,,"Deutsche Grammophon (DG)",00028947969600
"Apr 29, 2025","8:30:00 PM",2025-04-29T20:30:00-0700,"04.29.2025 - Michael G",Music,120,173567,"Jim Causey","Apr 29, 2025","10:13:15 PM",2025-04-29T22:13:15-0700,"sara ayers","Winter and the Sound of Nothing",Sylvatica,5:33,,USAJ60000010,,,2000,,,"Dark Wood Recordings",0193078854207
"Apr 29, 2025","8:30:00 PM",2025-04-29T20:30:00-0700,"04.29.2025 - Michael G",Music,120,173567,"Jim Causey","Apr 29, 2025","10:01:13 PM",2025-04-29T22:01:13-0700,Airwave,"God Surrounds Us","I Want To Believe",7:26,,BEY920401400,,,2016,,,"Music Worx - Banshee Worx, Belgium",
"Apr 29, 2025","8:30:00 PM",2025-04-29T20:30:00-0700,"04.29.2025 - Michael G",Music,120,173567,"Jim Causey","Apr 29, 2025","9:58:00 PM",2025-04-29T21:58:00-0700,Fin,"Supernova Part 3",GreenBlue,,,,,,1998,,,,
"Apr 29, 2025","8:30:00 PM",2025-04-29T20:30:00-0700,"04.29.2025 - Michael G",Music,120,173567,"Jim Causey","Apr 29, 2025","9:56:30 PM",2025-04-29T21:56:30-0700,Enya,"Aldebaran - Remastered 2009","The Celts (Remastered Japanese Version)",3:05,,GBAHT0200026,,,1900,,,"Warner Music UK",0745099116729
"Apr 29, 2025","8:30:00 PM",2025-04-29T20:30:00-0700,"04.29.2025 - Michael G",Music,120,173567,"Jim Causey","Apr 29, 2025","9:52:35 PM",2025-04-29T21:52:35-0700,Clannad,"Newgrange - 2003 - Remaster","In a Lifetime",4:01,,GBARL0300398,,,2020,,,"BMG Rights Management (UK) Ltd",4050538599695
"Apr 29, 2025","8:30:00 PM",2025-04-29T20:30:00-0700,"04.29.2025 - Michael G",Music,120,173567,"Jim Causey","Apr 29, 2025","9:47:39 PM",2025-04-29T21:47:39-0700,"Schiller feat. Moya Brennan",Falling,"Day And Night",5:13,,DEUM70502220,,,2005,,,"Sleepingroom Musik",
"Apr 29, 2025","8:30:00 PM",2025-04-29T20:30:00-0700,"04.29.2025 - Michael G",Music,120,173567,"Jim Causey","Apr 29, 2025","9:44:09 PM",2025-04-29T21:44:09-0700,Schiller,Lichtwerk,"Day & Night",3:31,,DEUM70502219,,,2005,,,"Sleepingroom Musik",
"Apr 29, 2025","8:30:00 PM",2025-04-29T20:30:00-0700,"04.29.2025 - Michael G",Music,120,173567,"Jim Causey","Apr 29, 2025","9:40:00 PM",2025-04-29T21:40:00-0700,Biosphere,Genkai-1,N-Plants,,,,,,2011,,,,
"Apr 29, 2025","8:30:00 PM",2025-04-29T20:30:00-0700,"04.29.2025 - Michael G",Music,120,173567,"Jim Causey","Apr 29, 2025","9:33:13 PM",2025-04-29T21:33:13-0700,Apparat,"Ash/Black Veil","Ash/Black Veil",5:44,,GBR8R1100106,,,2015,,,"OpenLab Records",3614591544521
"Apr 29, 2025","8:30:00 PM",2025-04-29T20:30:00-0700,"04.29.2025 - Michael G",Music,120,173567,"Jim Causey","Apr 29, 2025","9:28:58 PM",2025-04-29T21:28:58-0700,"Boards of Canada",1969,Geogaddi,4:20,,GBBPW0100202,,,2013,,,"Warp Records",0801061010133
"Apr 29, 2025","8:30:00 PM",2025-04-29T20:30:00-0700,"04.29.2025 - Michael G",Music,120,173567,"Jim Causey","Apr 29, 2025","9:24:00 PM",2025-04-29T21:24:00-0700,"King Crimson",Trio,,,,,,,,,,,
"Apr 29, 2025","8:30:00 PM",2025-04-29T20:30:00-0700,"04.29.2025 - Michael G",Music,120,173567,"Jim Causey","Apr 29, 2025","9:19:00 PM",2025-04-29T21:19:00-0700,FFORTRESS,Murmerations,,,,,,,2025,,,,
"Apr 29, 2025","8:30:00 PM",2025-04-29T20:30:00-0700,"04.29.2025 - Michael G",Music,120,173567,"Jim Causey","Apr 29, 2025","9:14:00 PM",2025-04-29T21:14:00-0700,"Pink Floyd","A Sucerful of Secrets, Part IV Celestial Voices","A Saucerful of Secrets",,,,,,1968,,,,
"Apr 29, 2025","8:30:00 PM",2025-04-29T20:30:00-0700,"04.29.2025 - Michael G",Music,120,173567,"Jim Causey","Apr 29, 2025","9:09:08 PM",2025-04-29T21:09:08-0700,Enigma,"T.N.T. For The Brain - Midnight Man Mix","T.N.T. For The Brain",5:56,,DEG129700062,,,2009,,,Virgin,05099945840753
"Apr 29, 2025","8:30:00 PM",2025-04-29T20:30:00-0700,"04.29.2025 - Michael G",Music,120,173567,"Jim Causey","Apr 29, 2025","9:03:45 PM",2025-04-29T21:03:45-0700,"All India Radio","Echo Other","ECHO OTHER",5:32,,uscgj0700390,,,2007,,,INEVITABLE,
"Apr 29, 2025","8:30:00 PM",2025-04-29T20:30:00-0700,"04.29.2025 - Michael G",Music,120,173567,"Jim Causey","Apr 29, 2025","8:59:00 PM",2025-04-29T20:59:00-0700,"DJ Shadow","Fixed Income","The Private Press",,,,,,2002,,,,
"Apr 29, 2025","8:30:00 PM",2025-04-29T20:30:00-0700,"04.29.2025 - Michael G",Music,120,173567,"Jim Causey","Apr 29, 2025","8:52:41 PM",2025-04-29T20:52:41-0700,AH*NEE*MAH,"Dream Catcher","Ancient Voices",5:09,,USB4U1250263,,,2021,,,"Green Hill Productions",00792755315552
"Apr 29, 2025","8:30:00 PM",2025-04-29T20:30:00-0700,"04.29.2025 - Michael G",Music,120,173567,"Jim Causey","Apr 29, 2025","8:49:52 PM",2025-04-29T20:49:52-0700,"Brian Eno","The Big Ship - 2004 Digital Remaster","Another Green World",3:01,,GBAAA0400078,,,2004,,,"EMI Marketing",00724357729154
"Apr 29, 2025","8:30:00 PM",2025-04-29T20:30:00-0700,"04.29.2025 - Michael G",Music,120,173567,"Jim Causey","Apr 29, 2025","8:45:49 PM",2025-04-29T20:45:49-0700,"Death In June","Break the Black Ice","The World That Summer - 20th Anniversary Extras",4:09,,USI4R0805691,,,1999,,,NER,0887396896048
"Apr 29, 2025","8:30:00 PM",2025-04-29T20:30:00-0700,"04.29.2025 - Michael G",Music,120,173567,"Jim Causey","Apr 29, 2025","8:43:09 PM",2025-04-29T20:43:09-0700,Focus,"Moving Waves","Moving Waves",2:43,,NLC287200036,,,1970,,,"Red Bullet Productions",8712944661880
"Apr 29, 2025","8:30:00 PM",2025-04-29T20:30:00-0700,"04.29.2025 - Michael G",Music,120,173567,"Jim Causey","Apr 29, 2025","8:38:33 PM",2025-04-29T20:38:33-0700,Lush,"Light From A Dead Star",Split,3:16,,GBAFL9400105,,,2001,,,4AD,5059638080163
"Apr 29, 2025","8:30:00 PM",2025-04-29T20:30:00-0700,"04.29.2025 - Michael G",Music,120,173567,"Jim Causey","Apr 29, 2025","8:35:00 PM",2025-04-29T20:35:00-0700,"The Soft Cavelry",Passerby,"The Soft Cavelry",,,,,,2019,,,,
"Apr 29, 2025","8:30:00 PM",2025-04-29T20:30:00-0700,"04.29.2025 - Michael G",Music,120,173567,"Jim Causey","Apr 29, 2025","8:32:00 PM",2025-04-29T20:32:00-0700,Shearwater,Backchannels,"Jet Plane and Oxbow",,,,,,2016,,,,
"Apr 22, 2025","8:30:00 PM",2025-04-22T20:30:00-0700,"04.22.2025 - Jim Causey",Music,120,173567,"Jim Causey","Apr 22, 2025","10:28:00 PM",2025-04-22T22:28:00-0700,DARKSIDE,"Greek Light",Psychic,2:55,,USMTD1303943,,,2013,,,Modular,00602537558155
"Apr 22, 2025","8:30:00 PM",2025-04-22T20:30:00-0700,"04.22.2025 - Jim Causey",Music,120,173567,"Jim Causey","Apr 22, 2025","10:18:42 PM",2025-04-22T22:18:42-0700,"Julianna Barwick","In Light","In Light",6:06,,GBCFB2000125,,,2020,,,"Ninja Tune",5054429142839
"Apr 22, 2025","8:30:00 PM",2025-04-22T20:30:00-0700,"04.22.2025 - Jim Causey",Music,120,173567,"Jim Causey","Apr 22, 2025","10:14:40 PM",2025-04-22T22:14:40-0700,Skruk,"Med Blomster I Fang","I Vinens Speil",3:37,,NOX9X4012506,,,2010,,,"Kirkelig Kulturverksted",7071155401250
"Apr 22, 2025","8:30:00 PM",2025-04-22T20:30:00-0700,"04.22.2025 - Jim Causey",Music,120,173567,"Jim Causey","Apr 22, 2025","10:10:45 PM",2025-04-22T22:10:45-0700,IKSRE,"It's Quiet At The Edge Of The Universe",III,4:12,,GBHLW2101781,,,2021,,,"Hush Hush",5056321652874
"Apr 22, 2025","8:30:00 PM",2025-04-22T20:30:00-0700,"04.22.2025 - Jim Causey",Music,120,173567,"Jim Causey","Apr 22, 2025","10:00:41 PM",2025-04-22T22:00:41-0700,"Rudy Adrian","Hemlock Grove","A Walk In The Shadow Garden",4:59,,USSP52326047,,,2023,,,"Spotted Peccary",0600028260525
"Apr 22, 2025","8:30:00 PM",2025-04-22T20:30:00-0700,"04.22.2025 - Jim Causey",Music,120,173567,"Jim Causey","Apr 22, 2025","9:53:55 PM",2025-04-22T21:53:55-0700,"Siren and the Sea","Gravity Wave","Gravity Wave",6:52,,USDY42320922,,,2023,,,"Bathysphere Records",0198015967583
"Apr 22, 2025","8:30:00 PM",2025-04-22T20:30:00-0700,"04.22.2025 - Jim Causey",Music,120,173567,"Jim Causey","Apr 22, 2025","9:45:00 PM",2025-04-22T21:45:00-0700,Stellarium,"Ladder of Dust","Pillars of Light",9:06,,USCGJ2395962,,,2023,,,Exosphere,0198015909484
"Apr 22, 2025","8:30:00 PM",2025-04-22T20:30:00-0700,"04.22.2025 - Jim Causey",Music,120,173567,"Jim Causey","Apr 22, 2025","9:35:57 PM",2025-04-22T21:35:57-0700,"Mark Isham","Sympathy and Acknowledgement","Vapor Drawings",8:24,,USWH18301024,,,1983,,,"Windham Hill/Legacy",196589860897
"Apr 22, 2025","8:30:00 PM",2025-04-22T20:30:00-0700,"04.22.2025 - Jim Causey",Music,120,173567,"Jim Causey","Apr 22, 2025","9:29:13 PM",2025-04-22T21:29:13-0700,"Colin Chin","The Alluvial Plains","Intruding On a Silence",7:12,,USNA19014270,,,1990,,,Narada,94635217858
"Apr 22, 2025","8:30:00 PM",2025-04-22T20:30:00-0700,"04.22.2025 - Jim Causey",Music,120,173567,"Jim Causey","Apr 22, 2025","9:16:14 PM",2025-04-22T21:16:14-0700,"Steve Roach","The Beauty Relentless","Bloom Ascension",12:12,,USHK91936401,,,2019,,,Projekt,0617026036427
"Apr 22, 2025","8:30:00 PM",2025-04-22T20:30:00-0700,"04.22.2025 - Jim Causey",Music,120,173567,"Jim Causey","Apr 22, 2025","9:14:17 PM",2025-04-22T21:14:17-0700,"Toro Y Moi","Rose Quartz","Anything In Return",4:13,,US22N1307704,,,2013,,,"Carpark Records",0677517007756
"Apr 22, 2025","8:30:00 PM",2025-04-22T20:30:00-0700,"04.22.2025 - Jim Causey",Music,120,173567,"Jim Causey","Apr 22, 2025","9:11:28 PM",2025-04-22T21:11:28-0700,"Style King of the Week","Mt. Hope Reservoir","Style King of the Week",3:27,,USCGJ2395612,,,2023,,,"Style King of the Week",0198015870531
"Apr 22, 2025","8:30:00 PM",2025-04-22T20:30:00-0700,"04.22.2025 - Jim Causey",Music,120,173567,"Jim Causey","Apr 22, 2025","9:05:40 PM",2025-04-22T21:05:40-0700,"Rachel Therrien Quintet","Rocket Launch","Why Don't You Try (Wdyt)",5:35,,CA5LE1740010,,,2017,,,"Les Productions Multiple Chord Music Inc",3614976925914
"Apr 22, 2025","8:30:00 PM",2025-04-22T20:30:00-0700,"04.22.2025 - Jim Causey",Music,120,173567,"Jim Causey","Apr 22, 2025","8:53:00 PM",2025-04-22T20:53:00-0700,"Herbie Hancock","Perfect Machine","Perfect Machine (Expanded Edition)",6:35,,USSM18300600,,,2013,,,Columbia/Legacy,0886444279239
"Apr 22, 2025","8:30:00 PM",2025-04-22T20:30:00-0700,"04.22.2025 - Jim Causey",Music,120,173567,"Jim Causey","Apr 22, 2025","8:46:53 PM",2025-04-22T20:46:53-0700,"Tame Impala","One More Year","The Slow Rush",5:24,,AUUM71900926,,,2020,,,"UMG Recordings, Inc.",00602507353841
"Apr 15, 2025","8:30:00 PM",2025-04-15T20:30:00-0700,"04.15.2025 - Jim Causey",Music,120,173567,"Jim Causey","Apr 15, 2025","10:25:50 PM",2025-04-15T22:25:50-0700,"Steve Gunn, David Moore",Rhododendron,"Let The Moon Be A Planet",4:18,,US6PQ2300075,,,2023,,,"RVNG Intl.",
"Apr 15, 2025","8:30:00 PM",2025-04-15T20:30:00-0700,"04.15.2025 - Jim Causey",Music,120,173567,"Jim Causey","Apr 15, 2025","10:15:08 PM",2025-04-15T22:15:08-0700,"Tiny Magnetic Pets","Semaphore/Seconds From Sleep","Deluxe / Debris",11:03,,,,,2017,,,"Happy Robots Records",
"Apr 15, 2025","8:30:00 PM",2025-04-15T20:30:00-0700,"04.15.2025 - Jim Causey",Music,120,173567,"Jim Causey","Apr 15, 2025","10:08:30 PM",2025-04-15T22:08:30-0700,"Hania Rani & Patrick Watson","Dancing with Ghosts",Ghosts,4:59,,GBVTB2366005,,,2023,,,"Gondwana Records",4062548065084
"Apr 15, 2025","8:30:00 PM",2025-04-15T20:30:00-0700,"04.15.2025 - Jim Causey",Music,120,173567,"Jim Causey","Apr 15, 2025","10:05:17 PM",2025-04-15T22:05:17-0700,"Domenica Diavoleria","Margery Daughter of Lynn","A City of Ladies",3:28,,,,L,2025,,,,
"Apr 15, 2025","8:30:00 PM",2025-04-15T20:30:00-0700,"04.15.2025 - Jim Causey",Music,120,173567,"Jim Causey","Apr 15, 2025","10:00:26 PM",2025-04-15T22:00:26-0700,Amulets,"Lifelike (feat. Midwife)","Not Around But Through",4:38,,,,L,2025,,,"Beacon Sound",
"Apr 15, 2025","8:30:00 PM",2025-04-15T20:30:00-0700,"04.15.2025 - Jim Causey",Music,120,173567,"Jim Causey","Apr 15, 2025","9:49:25 PM",2025-04-15T21:49:25-0700,"Ian Boddy","Quantum of Memory",Altair,10:29,,GBJJM1900008,,,2019,,,DiN,5028423190592
"Apr 15, 2025","8:30:00 PM",2025-04-15T20:30:00-0700,"04.15.2025 - Jim Causey",Music,120,173567,"Jim Causey","Apr 15, 2025","9:45:33 PM",2025-04-15T21:45:33-0700,"David Helpling & Eric The Taylor","The Precious Dark (radio edit)","The Precious Dark",6:00,,USSP52508064,,,2025,,,"Spotted Peccary",
"Apr 15, 2025","8:30:00 PM",2025-04-15T20:30:00-0700,"04.15.2025 - Jim Causey",Music,120,173567,"Jim Causey","Apr 15, 2025","9:40:01 PM",2025-04-15T21:40:01-0700,"Steve Roach & Robert Rich","Spirals of Desire","Waves of Now",4:20,,USHK92442808,,,2024,,,"Timeroom Editions",617026342825
"Apr 15, 2025","8:30:00 PM",2025-04-15T20:30:00-0700,"04.15.2025 - Jim Causey",Music,120,173567,"Jim Causey","Apr 15, 2025","9:33:09 PM",2025-04-15T21:33:09-0700,"Paul Ellis & Pabellón Sintético","The Cruel Beauty Of Time And Space","Veiled Portraits",6:44,,GXBDS2410170,,,2024,,,"Cyclical Dreams",5063585412649
"Apr 15, 2025","8:30:00 PM",2025-04-15T20:30:00-0700,"04.15.2025 - Jim Causey",Music,120,173567,"Jim Causey","Apr 15, 2025","9:17:59 PM",2025-04-15T21:17:59-0700,['ramp],"hanging gardens (excerpt)","synchronize or die",21:27,,,,,2017,,,,
"Apr 15, 2025","8:30:00 PM",2025-04-15T20:30:00-0700,"04.15.2025 - Jim Causey",Music,120,173567,"Jim Causey","Apr 15, 2025","9:06:49 PM",2025-04-15T21:06:49-0700,"Hoenig Michael","Hanging Garden Transfer","Departure from the Northern Wasteland",10:59,,DEA748700289,,,1978,,,"Kuckuck Schallplatten",013711107920
"Apr 15, 2025","8:30:00 PM",2025-04-15T20:30:00-0700,"04.15.2025 - Jim Causey",Music,120,173567,"Jim Causey","Apr 15, 2025","9:03:16 PM",2025-04-15T21:03:16-0700,"Terminus Void",AWAKENING,APEIRON,4:06,,,,L,2023,,,"Groove Unlimited",
"Apr 15, 2025","8:30:00 PM",2025-04-15T20:30:00-0700,"04.15.2025 - Jim Causey",Music,120,173567,"Jim Causey","Apr 15, 2025","8:59:42 PM",2025-04-15T20:59:42-0700,"Hello Meteor","High Surf Advisory","Weather Patterns",3:20,,QM4DW1624122,,,2016,,,"604311 Records DK",0872132189294
"Apr 15, 2025","8:30:00 PM",2025-04-15T20:30:00-0700,"04.15.2025 - Jim Causey",Music,120,173567,"Jim Causey","Apr 15, 2025","8:47:12 PM",2025-04-15T20:47:12-0700,"Brendan Pollard","Vessel Redux",Threads,12:29,,,,,2025,,,,
"Apr 15, 2025","8:30:00 PM",2025-04-15T20:30:00-0700,"04.15.2025 - Jim Causey",Music,120,173567,"Jim Causey","Apr 15, 2025","8:44:20 PM",2025-04-15T20:44:20-0700,"Crystal Quartez",Connexion,Erospace,3:40,,QZHN32565857,,,2025,,,DISTROKID,0199081277798
"Apr 15, 2025","8:30:00 PM",2025-04-15T20:30:00-0700,"04.15.2025 - Jim Causey",Music,120,173567,"Jim Causey","Apr 15, 2025","8:38:17 PM",2025-04-15T20:38:17-0700,Brimheim,"Literally Everything",RATKING,3:50,,DKPF52300604,,,2023,,,TAMBOURHINOCEROS,196922708893
"Apr 15, 2025","8:30:00 PM",2025-04-15T20:30:00-0700,"04.15.2025 - Jim Causey",Music,120,173567,"Jim Causey","Apr 15, 2025","8:34:06 PM",2025-04-15T20:34:06-0700,"Pure Bathing Culture",Veil,"Night Pass",4:02,,QZDZU1800003,,L,2019,,"New music coming soon from Pure Bathing Culture!","Infinite Companion",
"Apr 15, 2025","8:30:00 PM",2025-04-15T20:30:00-0700,"04.15.2025 - Jim Causey",Music,120,173567,"Jim Causey","Apr 15, 2025","8:30:56 PM",2025-04-15T20:30:56-0700,Feist,"Inside And Out","The Crossover Cafe",4:18,,FRZ020402570,,L,2005,,,"Polydor Records",
"Apr 8, 2025","8:30:00 PM",2025-04-08T20:30:00-0700,"04.08.2025 - Jim Causey",Music,120,173567,"Jim Causey","Apr 8, 2025","10:15:31 PM",2025-04-08T22:15:31-0700,Skruk,"Med Blomster I Fang","I Vinens Speil",3:37,,NOX9X4012506,,,2010,,,"Kirkelig Kulturverksted",7071155401250
"Apr 8, 2025","8:30:00 PM",2025-04-08T20:30:00-0700,"04.08.2025 - Jim Causey",Music,120,173567,"Jim Causey","Apr 8, 2025","10:11:37 PM",2025-04-08T22:11:37-0700,IKSRE,"It's Quiet At The Edge Of The Universe",III,4:12,,GBHLW2101781,,,2021,,,"Hush Hush",5056321652874
"Apr 8, 2025","8:30:00 PM",2025-04-08T20:30:00-0700,"04.08.2025 - Jim Causey",Music,120,173567,"Jim Causey","Apr 8, 2025","10:01:33 PM",2025-04-08T22:01:33-0700,"Rudy Adrian","Hemlock Grove","A Walk In The Shadow Garden",4:59,,USSP52326047,,,2023,,,"Spotted Peccary",0600028260525
"Apr 8, 2025","8:30:00 PM",2025-04-08T20:30:00-0700,"04.08.2025 - Jim Causey",Music,120,173567,"Jim Causey","Apr 8, 2025","9:54:45 PM",2025-04-08T21:54:45-0700,"Siren and the Sea","Gravity Wave","Gravity Wave",6:52,,USDY42320922,,,2023,,,"Bathysphere Records",0198015967583
"Apr 8, 2025","8:30:00 PM",2025-04-08T20:30:00-0700,"04.08.2025 - Jim Causey",Music,120,173567,"Jim Causey","Apr 8, 2025","9:36:48 PM",2025-04-08T21:36:48-0700,"Mark Isham","Sympathy and Acknowledgement","Vapor Drawings",8:24,,USWH18301024,,,1983,,,"Windham Hill/Legacy",196589860897
"Apr 8, 2025","8:30:00 PM",2025-04-08T20:30:00-0700,"04.08.2025 - Jim Causey",Music,120,173567,"Jim Causey","Apr 8, 2025","9:30:06 PM",2025-04-08T21:30:06-0700,"Colin Chin","The Alluvial Plains","Intruding On a Silence",7:12,,USNA19014270,,,1990,,,Narada,94635217858
"Apr 8, 2025","8:30:00 PM",2025-04-08T20:30:00-0700,"04.08.2025 - Jim Causey",Music,120,173567,"Jim Causey","Apr 8, 2025","9:17:24 PM",2025-04-08T21:17:24-0700,"Steve Roach","The Beauty Relentless","Bloom Ascension",12:12,,USHK91936401,,,2019,,,Projekt,0617026036427
"Apr 8, 2025","8:30:00 PM",2025-04-08T20:30:00-0700,"04.08.2025 - Jim Causey",Music,120,173567,"Jim Causey","Apr 8, 2025","9:15:28 PM",2025-04-08T21:15:28-0700,"Toro Y Moi","Rose Quartz","Anything In Return",4:13,,US22N1307704,,,2013,,,"Carpark Records",0677517007756
"Apr 8, 2025","8:30:00 PM",2025-04-08T20:30:00-0700,"04.08.2025 - Jim Causey",Music,120,173567,"Jim Causey","Apr 8, 2025","9:06:51 PM",2025-04-08T21:06:51-0700,"Rachel Therrien Quintet","Rocket Launch","Why Don't You Try (Wdyt)",5:35,,CA5LE1740010,,,2017,,,"Les Productions Multiple Chord Music Inc",3614976925914
"Apr 8, 2025","8:30:00 PM",2025-04-08T20:30:00-0700,"04.08.2025 - Jim Causey",Music,120,173567,"Jim Causey","Apr 8, 2025","9:00:42 PM",2025-04-08T21:00:42-0700,Wanubalé,Noto,"Strange Heat",6:20,,DEEQ71912002,,,2019,,,"Agogo Records",
"Apr 8, 2025","8:30:00 PM",2025-04-08T20:30:00-0700,"04.08.2025 - Jim Causey",Music,120,173567,"Jim Causey","Apr 8, 2025","8:48:01 PM",2025-04-08T20:48:01-0700,"Tame Impala","One More Year","The Slow Rush",5:24,,AUUM71900926,,,2020,,,"UMG Recordings, Inc.",00602507353841
"Apr 8, 2025","8:30:00 PM",2025-04-08T20:30:00-0700,"04.08.2025 - Jim Causey",Music,120,173567,"Jim Causey","Apr 8, 2025","8:43:30 PM",2025-04-08T20:43:30-0700,"Jenn Champion","Donating Your Body to Science","Donating Your Body to Science: What You Need to Know",4:29,,TCAFE2049278,,,2020,,,"Jenn Champion",0859742955860
"Apr 8, 2025","8:30:00 PM",2025-04-08T20:30:00-0700,"04.08.2025 - Jim Causey",Music,120,173567,"Jim Causey","Apr 8, 2025","8:32:15 PM",2025-04-08T20:32:15-0700,NAVVI,Love,V,3:18,,GBHLW2300286,,,2023,,,"Hush Hush",5056321686466
"Apr 8, 2025","8:30:00 PM",2025-04-08T20:30:00-0700,"04.08.2025 - Jim Causey",Music,120,173567,"Jim Causey","Apr 8, 2025","8:30:35 PM",2025-04-08T20:30:35-0700,"Black Belt Eagle Scout","On the River","The Land, The Water, The Sky",1:54,,US2U62233905,,,2023,,,"Saddle Creek",0648401033960
"Apr 1, 2025","8:30:00 PM",2025-04-01T20:30:00-0700,"04.01.2025 - Jim Causey",Music,120,173567,"Jim Causey","Apr 1, 2025","10:27:59 PM",2025-04-01T22:27:59-0700,"Nine Inch Nails","11 Ghosts II","Ghosts I-IV",2:17,,USTC40852239,,,2008,,,FAB,00766929908628
"Apr 1, 2025","8:30:00 PM",2025-04-01T20:30:00-0700,"04.01.2025 - Jim Causey",Music,120,173567,"Jim Causey","Apr 1, 2025","10:21:17 PM",2025-04-01T22:21:17-0700,Loscil,"Equivalent 7",Equivalents,6:50,,USNCB1922107,,,2019,,,kranky,0193483945156
"Apr 1, 2025","8:30:00 PM",2025-04-01T20:30:00-0700,"04.01.2025 - Jim Causey",Music,120,173567,"Jim Causey","Apr 1, 2025","10:17:26 PM",2025-04-01T22:17:26-0700,"Suso Saiz","Un Hombre Oscuro",Odisea,4:24,,NLD7H1600001,,,2016,,,"Music From Memory",0670579630375
"Apr 1, 2025","8:30:00 PM",2025-04-01T20:30:00-0700,"04.01.2025 - Jim Causey",Music,120,173567,"Jim Causey","Apr 1, 2025","10:05:52 PM",2025-04-01T22:05:52-0700,"Arushi Jain","I Feel Incomplete Without Sound","With & Without",11:38,,QZHN31917404,,,2019,,,DISTROKID,0194694542547
"Apr 1, 2025","8:30:00 PM",2025-04-01T20:30:00-0700,"04.01.2025 - Jim Causey",Music,120,173567,"Jim Causey","Apr 1, 2025","10:00:36 PM",2025-04-01T22:00:36-0700,"Peter Gabriel","A Different Drum","Passion: Music for The Last Temptation of Christ",4:47,,GBCPB0900702,,,2018,,,Non-Wea/Other,0180030000130
"Apr 1, 2025","8:30:00 PM",2025-04-01T20:30:00-0700,"04.01.2025 - Jim Causey",Music,120,173567,"Jim Causey","Apr 1, 2025","9:52:43 PM",2025-04-01T21:52:43-0700,"Terminus Void",Discovery,"Origins Unknown",6:25,,QZTDY2200001,,,2022,,,"Terminus Void",0692531513014
"Apr 1, 2025","8:30:00 PM",2025-04-01T20:30:00-0700,"04.01.2025 - Jim Causey",Music,120,173567,"Jim Causey","Apr 1, 2025","9:48:02 PM",2025-04-01T21:48:02-0700,"Ryuichi Sakamoto","Merry Christmas Mr. Lawrence - Electric Youth Remodel","Merry Christmas Mr. Lawrence - Electric Youth Remodel",5:09,,USA6D2200012,,,2022,,,Milan,0196589203465
"Apr 1, 2025","8:30:00 PM",2025-04-01T20:30:00-0700,"04.01.2025 - Jim Causey",Music,120,173567,"Jim Causey","Apr 1, 2025","9:38:58 PM",2025-04-01T21:38:58-0700,"Ryuichi Sakamoto",20220302,12,2:52,,USA6D2300009,,,2022,,,Milan,0196589655219
"Apr 1, 2025","8:30:00 PM",2025-04-01T20:30:00-0700,"04.01.2025 - Jim Causey",Music,120,173567,"Jim Causey","Apr 1, 2025","9:29:09 PM",2025-04-01T21:29:09-0700,"Craig Padilla","Onwards and Upwards","Weathering the Storm",8:59,,USSP52391007,,,2023,,,"Spotted Peccary",0600028910420
"Apr 1, 2025","8:30:00 PM",2025-04-01T20:30:00-0700,"04.01.2025 - Jim Causey",Music,120,173567,"Jim Causey","Apr 1, 2025","9:24:27 PM",2025-04-01T21:24:27-0700,"Ryuichi Sakamoto","20220302 - sarabande",12,3:10,,USA6D2300008,,,2022,,,Milan,0196589655219
"Apr 1, 2025","8:30:00 PM",2025-04-01T20:30:00-0700,"04.01.2025 - Jim Causey",Music,120,173567,"Jim Causey","Apr 1, 2025","9:19:27 PM",2025-04-01T21:19:27-0700,"Ryuichi Sakamoto",fullmoon,async,5:13,,JPB601700378,,,2017,,,"Milan Records",0190296966361
"Apr 1, 2025","8:30:00 PM",2025-04-01T20:30:00-0700,"04.01.2025 - Jim Causey",Music,120,173567,"Jim Causey","Apr 1, 2025","9:14:19 PM",2025-04-01T21:14:19-0700,"Pure Bathing Culture","Black Starling","Night Pass",3:48,,QZDZU1800004,,,2019,,,"Infinite Companion",0192641263392
"Apr 1, 2025","8:30:00 PM",2025-04-01T20:30:00-0700,"04.01.2025 - Jim Causey",Music,120,173567,"Jim Causey","Apr 1, 2025","9:11:12 PM",2025-04-01T21:11:12-0700,Georgia,"Running Up That Hill","Seeking Thrills (The Ultimate Thrills Edition)",3:08,,GBCEL2000517,,,2020,,,"Domino Recording Co",0887835051168
"Apr 1, 2025","8:30:00 PM",2025-04-01T20:30:00-0700,"04.01.2025 - Jim Causey",Music,120,173567,"Jim Causey","Apr 1, 2025","9:06:21 PM",2025-04-01T21:06:21-0700,"Future Islands","Born in a War","Born in a War",4:13,,GBAFL2000213,,,2020,,,4AD,5059638064453
"Apr 1, 2025","8:30:00 PM",2025-04-01T20:30:00-0700,"04.01.2025 - Jim Causey",Music,120,173567,"Jim Causey","Apr 1, 2025","9:01:10 PM",2025-04-01T21:01:10-0700,"Small Black",Tampa,"Cheap Dreams",5:15,,QZK6H2096834,,,2021,,,"100% Electronica",0720665588292
"Apr 1, 2025","8:30:00 PM",2025-04-01T20:30:00-0700,"04.01.2025 - Jim Causey",Music,120,173567,"Jim Causey","Apr 1, 2025","8:56:22 PM",2025-04-01T20:56:22-0700,Lycia,"A Failure","In Flickers",4:57,,QM6MZ1830383,,,2018,,,"Lycium Music",0192562722633
"Apr 1, 2025","8:30:00 PM",2025-04-01T20:30:00-0700,"04.01.2025 - Jim Causey",Music,120,173567,"Jim Causey","Apr 1, 2025","8:38:22 PM",2025-04-01T20:38:22-0700,"Dennis Russell Davies;Stuttgart State Opera Orchestra & Chorus","Act I - Year 1 of Akhnaten's Reign - Thebes - Prelude: Refrain, Verse 1, Verse 2 - Voice","Glass: Akhnaten",10:44,,USSM18700186,,,2003,,,"Sony Classical",0886443373549
"Mar 25, 2025","8:30:00 PM",2025-03-25T20:30:00-0700,"03.25.2025 - Jim Causey",Music,120,173567,"Jim Causey","Mar 25, 2025","10:23:21 PM",2025-03-25T22:23:21-0700,Raica,Entridam,Dose,6:19,,DEPL91498988,,,2015,,,"Further Records",0827170481589
"Mar 25, 2025","8:30:00 PM",2025-03-25T20:30:00-0700,"03.25.2025 - Jim Causey",Music,120,173567,"Jim Causey","Mar 25, 2025","9:56:13 PM",2025-03-25T21:56:13-0700,Grouper,Driving,"Grid of Points",3:48,,USNCB1821703,,,2018,,,kranky,0796441821723
"Mar 25, 2025","8:30:00 PM",2025-03-25T20:30:00-0700,"03.25.2025 - Jim Causey",Music,120,173567,"Jim Causey","Mar 25, 2025","9:34:10 PM",2025-03-25T21:34:10-0700,"Ann Annie",Upstream,"Atmospheres, Vol. 2",3:40,,DEQ121856043,,,2018,,,Modularfield,4018939340926
"Mar 25, 2025","8:30:00 PM",2025-03-25T20:30:00-0700,"03.25.2025 - Jim Causey",Music,120,173567,"Jim Causey","Mar 25, 2025","9:30:48 PM",2025-03-25T21:30:48-0700,"Siren and the Sea","Probably Hawai'i","Gravity Wave",3:34,,USDY42320919,,,2023,,,"Bathysphere Records",0198015967583
"Mar 25, 2025","8:30:00 PM",2025-03-25T20:30:00-0700,"03.25.2025 - Jim Causey",Music,120,173567,"Jim Causey","Mar 25, 2025","9:20:11 PM",2025-03-25T21:20:11-0700,Enya,"Orinoco Flow","Themes From ""Calmi Cuori Appassionati""",4:26,,GBAHT0900037,,,2009,,,"Warner Music UK",0825646913046
"Mar 25, 2025","8:30:00 PM",2025-03-25T20:30:00-0700,"03.25.2025 - Jim Causey",Music,120,173567,"Jim Causey","Mar 25, 2025","9:16:41 PM",2025-03-25T21:16:41-0700,"Wendy Carlos","I.C. (Intergalactic Communications)","Digital Moonscapes",3:43,,,,,1984,,,"East Side Digital",
"Mar 25, 2025","8:30:00 PM",2025-03-25T20:30:00-0700,"03.25.2025 - Jim Causey",Music,120,173567,"Jim Causey","Mar 25, 2025","9:09:15 PM",2025-03-25T21:09:15-0700,"Pauline Anna Strom","Alpine Flight","Alpine Flight",7:31,,US6PQ2300205,,,2023,,,"RVNG Intl.",0747742386084
"Mar 25, 2025","8:30:00 PM",2025-03-25T20:30:00-0700,"03.25.2025 - Jim Causey",Music,120,173567,"Jim Causey","Mar 25, 2025","9:05:33 PM",2025-03-25T21:05:33-0700,"Doris Norton","Norton Apple Software","Personal Computer",6:25,,ITI431000321,,,1984,,,"Musik Research",0887845619761
"Mar 25, 2025","8:30:00 PM",2025-03-25T20:30:00-0700,"03.25.2025 - Jim Causey",Music,120,173567,"Jim Causey","Mar 25, 2025","8:55:59 PM",2025-03-25T20:55:59-0700,"Stephanie Sante","Jade Resonance","Clear Light",4:14,,QMAAK1879233,,,2018,,,"Sante Music",0888295794145
"Mar 25, 2025","8:30:00 PM",2025-03-25T20:30:00-0700,"03.25.2025 - Jim Causey",Music,120,173567,"Jim Causey","Mar 25, 2025","8:50:34 PM",2025-03-25T20:50:34-0700,"Sign Libra","Petrichor - Bonus Track","Closer to the Equator",5:41,,FR10S1840242,,,2018,,,Antinote,3615930279357
"Mar 25, 2025","8:30:00 PM",2025-03-25T20:30:00-0700,"03.25.2025 - Jim Causey",Music,120,173567,"Jim Causey","Mar 25, 2025","8:44:52 PM",2025-03-25T20:44:52-0700,"Carol Nethen","Island Moon","A View From The Bridge",5:19,,USNA18912462,,,1989,,,"UMG - Narada",00094635218251
"Mar 25, 2025","8:30:00 PM",2025-03-25T20:30:00-0700,"03.25.2025 - Jim Causey",Music,120,173567,"Jim Causey","Mar 25, 2025","8:40:19 PM",2025-03-25T20:40:19-0700,"Constance Demby","Waltz of Joy","Set Free",4:45,,USAKS0601224,,,1989,,,"Sound Currents",25041101622
"Mar 25, 2025","8:30:00 PM",2025-03-25T20:30:00-0700,"03.25.2025 - Jim Causey",Music,120,173567,"Jim Causey","Mar 25, 2025","8:38:13 PM",2025-03-25T20:38:13-0700,"Faten Kanaan",Trenchcoat,Afterpoem,2:12,,GBCKK2267702,,,2023,,,"Fire Records",0809236167705
"Mar 25, 2025","8:30:00 PM",2025-03-25T20:30:00-0700,"03.25.2025 - Jim Causey",Music,120,173567,"Jim Causey","Mar 25, 2025","8:31:12 PM",2025-03-25T20:31:12-0700,"Nancy Rumbel","Tree Of Life","Notes From The Tree Of Life",6:06,,USNA19511242,,,1998,,,EMI,
"Mar 18, 2025","8:30:00 PM",2025-03-18T20:30:00-0700,"03.18.2025 - Jim Causey",Music,120,173567,"Jim Causey","Mar 18, 2025","10:26:55 PM",2025-03-18T22:26:55-0700,"Cassandra Croft","Unmoving Sky","For LA, Vol. 2",3:40,,CAN112500317,,,2025,,"Compilation benefiting artists affected by the LA wildfires - https://heliosmusic.bandcamp.com/album/for-la-vol-2","Nettwerk Music Group",0067003172059
"Mar 18, 2025","8:30:00 PM",2025-03-18T20:30:00-0700,"03.18.2025 - Jim Causey",Music,120,173567,"Jim Causey","Mar 18, 2025","10:23:14 PM",2025-03-18T22:23:14-0700,"Little Evelyn",Snowfall,"For LA Vol. 2",2:43,,,,,2025,,"Compilation benefiting artists affected by the LA wildfires - https://heliosmusic.bandcamp.com/album/for-la-vol-2","Nettwerk Music Group",
"Mar 18, 2025","8:30:00 PM",2025-03-18T20:30:00-0700,"03.18.2025 - Jim Causey",Music,120,173567,"Jim Causey","Mar 18, 2025","10:20:18 PM",2025-03-18T22:20:18-0700,"Domenica Diavoleria","Dusk Alit","A City of Ladies",3:08,,,,L,2025,,,,
"Mar 18, 2025","8:30:00 PM",2025-03-18T20:30:00-0700,"03.18.2025 - Jim Causey",Music,120,173567,"Jim Causey","Mar 18, 2025","10:11:05 PM",2025-03-18T22:11:05-0700,"Little H Collective","125 East",Frost,8:54,,,,L,2025,,,"Sun Cru",
"Mar 18, 2025","8:30:00 PM",2025-03-18T20:30:00-0700,"03.18.2025 - Jim Causey",Music,120,173567,"Jim Causey","Mar 18, 2025","10:00:33 PM",2025-03-18T22:00:33-0700,"David Helpling & Eric The Taylor","The Precious Dark","The Precious Dark",9:59,,USSP52508064,,,2025,,"Brand new on Spotted Peccary - the album due out on April 25","Spotted Peccary",0199066923788
"Mar 18, 2025","8:30:00 PM",2025-03-18T20:30:00-0700,"03.18.2025 - Jim Causey",Music,120,173567,"Jim Causey","Mar 18, 2025","9:53:10 PM",2025-03-18T21:53:10-0700,"Stephanie Sante","Salacia's Dream (excerpt)","Clear Light",7:41,,QMAAK1879232,,,2018,,,"Sante Music",888295794145
"Mar 18, 2025","8:30:00 PM",2025-03-18T20:30:00-0700,"03.18.2025 - Jim Causey",Music,120,173567,"Jim Causey","Mar 18, 2025","9:44:51 PM",2025-03-18T21:44:51-0700,"Brendan Pollard","Regulo 75",Threads,9:56,,,,,2025,,"Brand new release",,
"Mar 18, 2025","8:30:00 PM",2025-03-18T20:30:00-0700,"03.18.2025 - Jim Causey",Music,120,173567,"Jim Causey","Mar 18, 2025","9:37:45 PM",2025-03-18T21:37:45-0700,Afrocop,"Get In, Let's Ride","Get In, Let's Ride",4:18,,QZTAU2454061,,L,2024,,"Andy Sells on drums once again","Wax Thematique",0198668025883
"Mar 18, 2025","8:30:00 PM",2025-03-18T20:30:00-0700,"03.18.2025 - Jim Causey",Music,120,173567,"Jim Causey","Mar 18, 2025","9:28:34 PM",2025-03-18T21:28:34-0700,"FCS North",Prince,Vocabulary,8:06,,USZ270710071,,,2003,,"Andy Sells on drums","Luckyhorse Industries",0655173701126
"Mar 18, 2025","8:30:00 PM",2025-03-18T20:30:00-0700,"03.18.2025 - Jim Causey",Music,120,173567,"Jim Causey","Mar 18, 2025","9:18:34 PM",2025-03-18T21:18:34-0700,"Ralph Towner, Jan Garbarek, Eberhard Weber & Jon Christensen",Nimbus,Solstice,6:30,,DEB337406004,,L,1975,,"In his review for Allmusic, Michael G. Nastos states: ""Of the many excellent recordings he has offered, Solstice is Towner's crowning achievement as a leader fronting this definitive grouping of ECM stablemates who absolutely define the label's sound for the time frame, and for all time""","ECM Records",00602547809179
"Mar 18, 2025","8:30:00 PM",2025-03-18T20:30:00-0700,"03.18.2025 - Jim Causey",Music,120,173567,"Jim Causey","Mar 18, 2025","9:13:42 PM",2025-03-18T21:13:42-0700,"Weather Report","The Moors","I Sing the Body Electric",4:40,,USSM10407419,,L,2010,,"Ralph Towner on 12-string guitar",Columbia,5099751289722
"Mar 18, 2025","8:30:00 PM",2025-03-18T20:30:00-0700,"03.18.2025 - Jim Causey",Music,120,173567,"Jim Causey","Mar 18, 2025","9:04:56 PM",2025-03-18T21:04:56-0700,Oregon,"Ghost Beads","Winter Light",6:41,,,,L,1974,,,"Vanguard Jazz",
"Mar 18, 2025","8:30:00 PM",2025-03-18T20:30:00-0700,"03.18.2025 - Jim Causey",Music,120,173567,"Jim Causey","Mar 18, 2025","9:01:50 PM",2025-03-18T21:01:50-0700,"Paul Winter",Icarus,"Winter Consort - Icarus",3:02,,USSM17200823,,L,1971,,"Happy belated 85th birthday to Ralph Towner - guitarist and composer born on March 1, 1940

He composed this new age hit while still performing with the Paul Winter Consort",Epic,0074643164320
"Mar 18, 2025","8:30:00 PM",2025-03-18T20:30:00-0700,"03.18.2025 - Jim Causey",Music,120,173567,"Jim Causey","Mar 18, 2025","8:55:44 PM",2025-03-18T20:55:44-0700,AeTopus,"Why Not Now",Iota,5:24,,,,L,2024,,,"Spotted Peccary",
"Mar 18, 2025","8:30:00 PM",2025-03-18T20:30:00-0700,"03.18.2025 - Jim Causey",Music,120,173567,"Jim Causey","Mar 18, 2025","8:47:45 PM",2025-03-18T20:47:45-0700,"New Frontiers",Cluster,"Cluster B/W Pulsar - Single",7:31,,QZK6N2041671,,L,2020,,,"SFI Records",195542534240
"Mar 18, 2025","8:30:00 PM",2025-03-18T20:30:00-0700,"03.18.2025 - Jim Causey",Music,120,173567,"Jim Causey","Mar 18, 2025","8:34:24 PM",2025-03-18T20:34:24-0700,"Bart Hawkins","Riding Waves of Light",Mirror,10:29,,QZRP42464761,,L,2024,,,"Bart Hawkins",0198670133392
"Mar 18, 2025","8:30:00 PM",2025-03-18T20:30:00-0700,"03.18.2025 - Jim Causey",Music,120,173567,"Jim Causey","Mar 18, 2025","8:31:04 PM",2025-03-18T20:31:04-0700,"Crystal Quartez",Connexion,Erospace,3:40,,QZHN32565857,,L,2025,,"Brand new ""Restorative Noice"" from Crystal Quartez - a Portland based producer, multi-instrumentalist and creative technologist - https://crystalquartez.bandcamp.com/album/erospace",DISTROKID,0199081277798
"Mar 11, 2025","8:30:00 PM",2025-03-11T20:30:00-0700,"03.11.2025 - Jim Causey",Music,120,173567,"Jim Causey","Mar 11, 2025","10:24:48 PM",2025-03-11T22:24:48-0700,"Suzanne Ciani","Tide Pools","Tide Pools",4:27,,DEN961902371,,,2019,,,"Deutsche Grammophon (DG)",00028948369461
"Mar 11, 2025","8:30:00 PM",2025-03-11T20:30:00-0700,"03.11.2025 - Jim Causey",Music,120,173567,"Jim Causey","Mar 11, 2025","10:19:46 PM",2025-03-11T22:19:46-0700,"Domenica Diavoleria","If We Don't Burn How Will The Night Be Lit?","A City of Ladies",4:33,,,,L,2025,,,,
"Mar 11, 2025","8:30:00 PM",2025-03-11T20:30:00-0700,"03.11.2025 - Jim Causey",Music,120,173567,"Jim Causey","Mar 11, 2025","10:15:57 PM",2025-03-11T22:15:57-0700,"Domenica Diavoleria","Daughter of the Empire","A City of Ladies",3:41,,,,L,2025,,,,
"Mar 11, 2025","8:30:00 PM",2025-03-11T20:30:00-0700,"03.11.2025 - Jim Causey",Music,120,173567,"Jim Causey","Mar 11, 2025","10:11:24 PM",2025-03-11T22:11:24-0700,"Domenica Diavoleria","With Bells On Her Toes","A City of Ladies",3:46,,,,L,2025,,,,
"Mar 11, 2025","8:30:00 PM",2025-03-11T20:30:00-0700,"03.11.2025 - Jim Causey",Music,120,173567,"Jim Causey","Mar 11, 2025","10:00:55 PM",2025-03-11T22:00:55-0700,"Lisa Bella Donna","The Hallowed Gates Of Autumn","Studies For Tape",12:16,,QZTBE2488714,,,2024,,,"CRC/Appalachian Recordings Inc.",198888890889
"Mar 11, 2025","8:30:00 PM",2025-03-11T20:30:00-0700,"03.11.2025 - Jim Causey",Music,120,173567,"Jim Causey","Mar 11, 2025","9:56:41 PM",2025-03-11T21:56:41-0700,"Kaitlyn Aurelia Smith","Have You Felt Lately?","Have You Felt Lately?",3:54,,US2J72200601,,L,2022,,,"Ghostly International",0804297840604
"Mar 11, 2025","8:30:00 PM",2025-03-11T20:30:00-0700,"03.11.2025 - Jim Causey",Music,120,173567,"Jim Causey","Mar 11, 2025","9:54:00 PM",2025-03-11T21:54:00-0700,"Wendy Carlos","I.C. (Intergalactic Communications)","Digital Moonscapes",3:43,,,,,1984,,,"East Side Digital",
"Mar 11, 2025","8:30:00 PM",2025-03-11T20:30:00-0700,"03.11.2025 - Jim Causey",Music,120,173567,"Jim Causey","Mar 11, 2025","9:47:51 PM",2025-03-11T21:47:51-0700,"Hania Rani",24.03,Ghosts,4:13,,GBVTB2366004,,,2023,,,"Gondwana Records",4062548065084
"Mar 11, 2025","8:30:00 PM",2025-03-11T20:30:00-0700,"03.11.2025 - Jim Causey",Music,120,173567,"Jim Causey","Mar 11, 2025","9:44:07 PM",2025-03-11T21:44:07-0700,EarthtoneSkytone,Chichachick,Chichachick,3:49,,TCAHH2345166,,L,2023,,,EarthtoneSkytone,0859776305846
"Mar 11, 2025","8:30:00 PM",2025-03-11T20:30:00-0700,"03.11.2025 - Jim Causey",Music,120,173567,"Jim Causey","Mar 11, 2025","9:34:15 PM",2025-03-11T21:34:15-0700,"Loreena McKennitt","Night Ride Across The Caucasus","The Book Of Secrets",8:32,,CAQ119700072,,,1997,,,"Loreena McKennitt P&D",00602537646500
"Mar 11, 2025","8:30:00 PM",2025-03-11T20:30:00-0700,"03.11.2025 - Jim Causey",Music,120,173567,"Jim Causey","Mar 11, 2025","9:27:10 PM",2025-03-11T21:27:10-0700,"Dead Can Dance","Yulunga (Spirit Dance) (Live Remastered)","Toward The Within (Remastered)",7:11,,GBAFL0700050,,,1994,,,4AD,5059638041058
"Mar 11, 2025","8:30:00 PM",2025-03-11T20:30:00-0700,"03.11.2025 - Jim Causey",Music,120,173567,"Jim Causey","Mar 11, 2025","9:23:22 PM",2025-03-11T21:23:22-0700,"Mt Fog","It's Mycelial","It's Mycelial",3:51,,QZNWV2488001,,L,2024,,,"Save the Forest for the Trees",0198674079535
"Mar 11, 2025","8:30:00 PM",2025-03-11T20:30:00-0700,"03.11.2025 - Jim Causey",Music,120,173567,"Jim Causey","Mar 11, 2025","9:16:10 PM",2025-03-11T21:16:10-0700,Tamaryn,Cranekiss,Cranekiss,3:50,,QMV8L1420201,,,2015,,,"Mexican Summer",00184923120264
"Mar 11, 2025","8:30:00 PM",2025-03-11T20:30:00-0700,"03.11.2025 - Jim Causey",Music,120,173567,"Jim Causey","Mar 11, 2025","9:12:34 PM",2025-03-11T21:12:34-0700,"Frankie Rose","Play for Today","Seventeen Seconds",3:40,,US4TA1900020,,,2019,,,"Slumberland Records",0749846902689
"Mar 11, 2025","8:30:00 PM",2025-03-11T20:30:00-0700,"03.11.2025 - Jim Causey",Music,120,173567,"Jim Causey","Mar 11, 2025","9:07:56 PM",2025-03-11T21:07:56-0700,"Japanese Breakfast","Be Sweet (Korean Version feat. So!YoON!)","Be Sweet",3:15,,USJ5G2022502,,,2021,,,"Dead Oceans",0656605152561
"Mar 11, 2025","8:30:00 PM",2025-03-11T20:30:00-0700,"03.11.2025 - Jim Causey",Music,120,173567,"Jim Causey","Mar 11, 2025","9:03:44 PM",2025-03-11T21:03:44-0700,"Midnight High",Domino,Domino,4:18,,QZES72350562,,L,2023,,,DISTROKID,0197902328278
"Mar 11, 2025","8:30:00 PM",2025-03-11T20:30:00-0700,"03.11.2025 - Jim Causey",Music,120,173567,"Jim Causey","Mar 11, 2025","9:00:10 PM",2025-03-11T21:00:10-0700,"Lane Lines","Time & Space","Time & Space",3:38,,QZK6F2371941,,L,2023,,,DISTROKID,0197876722683
"Mar 11, 2025","8:30:00 PM",2025-03-11T20:30:00-0700,"03.11.2025 - Jim Causey",Music,120,173567,"Jim Causey","Mar 11, 2025","8:55:34 PM",2025-03-11T20:55:34-0700,Björk,"Army of Me","Army of Me",3:56,,GBBTF0200244,,,1900,,,Elektra,0075596174022
"Mar 11, 2025","8:30:00 PM",2025-03-11T20:30:00-0700,"03.11.2025 - Jim Causey",Music,120,173567,"Jim Causey","Mar 11, 2025","8:49:27 PM",2025-03-11T20:49:27-0700,"Dark Chisme","Lucretia My Reflection","Yo Puedo Vivir Sin Ti",4:48,,,,L,2024,,,"Chismosa Records",
"Mar 11, 2025","8:30:00 PM",2025-03-11T20:30:00-0700,"03.11.2025 - Jim Causey",Music,120,173567,"Jim Causey","Mar 11, 2025","8:45:13 PM",2025-03-11T20:45:13-0700,"Echo of the Low Light","Fearless Arrows","Fearless Arrows",4:08,,QZWFV2436515,,L,2024,,,DISTROKID,0198880023049
"Mar 11, 2025","8:30:00 PM",2025-03-11T20:30:00-0700,"03.11.2025 - Jim Causey",Music,120,173567,"Jim Causey","Mar 11, 2025","8:41:29 PM",2025-03-11T20:41:29-0700,"Hania Rani","Oltre Terra",Ghosts,2:39,,GBVTB2366001,,,2023,,,"Gondwana Records",4062548065084
"Mar 11, 2025","8:30:00 PM",2025-03-11T20:30:00-0700,"03.11.2025 - Jim Causey",Music,120,173567,"Jim Causey","Mar 11, 2025","8:37:58 PM",2025-03-11T20:37:58-0700,"Jenn Champion","O.M.G. (I'm All Over It)","Single Rider",3:44,,USHF31810401,,L,2018,,,"Hardly Art",098787310467
"Mar 11, 2025","8:30:00 PM",2025-03-11T20:30:00-0700,"03.11.2025 - Jim Causey",Music,120,173567,"Jim Causey","Mar 11, 2025","8:33:55 PM",2025-03-11T20:33:55-0700,Hatchie,"This Enchanted","This Enchanted",3:54,,AULI02143110,,,2021,,,"Secretly Canadian",0656605044453
"Mar 11, 2025","8:30:00 PM",2025-03-11T20:30:00-0700,"03.11.2025 - Jim Causey",Music,120,173567,"Jim Causey","Mar 11, 2025","8:30:27 PM",2025-03-11T20:30:27-0700,"Pure Bathing Culture","Wild Lillies","Wild Lillies",4:10,,,,L,2025,,"Brand new!",,
"Mar 4, 2025","8:30:00 PM",2025-03-04T20:30:00-0800,"03.04.2025 - Jim Causey",Music,120,173567,"Jim Causey","Mar 4, 2025","10:28:11 PM",2025-03-04T22:28:11-0800,"Natalia Beylis & Eimear Ready","A Shelter of Junipers","Whose Woods These Are",9:45,,,,,2021,,,"Nyahh Records",
"Mar 4, 2025","8:30:00 PM",2025-03-04T20:30:00-0800,"03.04.2025 - Jim Causey",Music,120,173567,"Jim Causey","Mar 4, 2025","10:23:47 PM",2025-03-04T22:23:47-0800,Enya,"Caribbean Blue","Shepherd Moons",4:00,,GBAHT0200032,,,1991,,,"Warner Music UK",0022924387524
"Mar 4, 2025","8:30:00 PM",2025-03-04T20:30:00-0800,"03.04.2025 - Jim Causey",Music,120,173567,"Jim Causey","Mar 4, 2025","10:19:50 PM",2025-03-04T22:19:50-0800,"Rachael Lavelle","Let Me Unlock Your Full Potential","Big Dreams",4:29,,USHM82311150,,,2023,,"Singer/songwriter out of Dublin","Rest Energy",8720996904565
"Mar 4, 2025","8:30:00 PM",2025-03-04T20:30:00-0800,"03.04.2025 - Jim Causey",Music,120,173567,"Jim Causey","Mar 4, 2025","10:17:54 PM",2025-03-04T22:17:54-0800,"my bloody valentine","she found now (excerpt)","m b v",5:06,,GBCEL2000104,,,2013,,,"Domino Recording Co",0887830016063
"Mar 4, 2025","8:30:00 PM",2025-03-04T20:30:00-0800,"03.04.2025 - Jim Causey",Music,120,173567,"Jim Causey","Mar 4, 2025","10:11:03 PM",2025-03-04T22:11:03-0800,"Mick Chillage",Invocation,"Inter-Dimensional Guidance",7:36,,,,,2023,,"Irish electronic music duo",,
"Mar 4, 2025","8:30:00 PM",2025-03-04T20:30:00-0800,"03.04.2025 - Jim Causey",Music,120,173567,"Jim Causey","Mar 4, 2025","10:06:05 PM",2025-03-04T22:06:05-0800,uh,humanus,humanus,5:03,,UK4UM2200081,,,2023,,"Brother-sister duo originally from the west coast of Ireland","PRAH Recordings",5060918152197
"Mar 4, 2025","8:30:00 PM",2025-03-04T20:30:00-0800,"03.04.2025 - Jim Causey",Music,120,173567,"Jim Causey","Mar 4, 2025","10:00:02 PM",2025-03-04T22:00:02-0800,"Dead Can Dance","American Dreaming (Live Remastered)","Toward The Within (Remastered)",4:54,,GBAFL0700055,,,1994,,"Recorded in one take in November 1993 at the Mayfair Theater in Santa Monica, CA - the final major event in that venue before it was destroyed in the Northridge earthquake in January 1994",4AD,5059638041102
"Mar 4, 2025","8:30:00 PM",2025-03-04T20:30:00-0800,"03.04.2025 - Jim Causey",Music,120,173567,"Jim Causey","Mar 4, 2025","9:56:43 PM",2025-03-04T21:56:43-0800,"Dead Can Dance","The Wind That Shakes the Barley (Live from Paramount Theatre, Seattle, WA. September 18th, 2005)","Live from Paramount Theatre, Seattle, WA. September 18th, 2005",3:53,,UK3XT2100400,,,2022,,,"Holy Tongue Records",5056495404972
"Mar 4, 2025","8:30:00 PM",2025-03-04T20:30:00-0800,"03.04.2025 - Jim Causey",Music,120,173567,"Jim Causey","Mar 4, 2025","9:51:44 PM",2025-03-04T21:51:44-0800,"Tiny Magnetic Pets","Cloud Sequence","Deluxe / Debris",3:35,,GBK441700015,,,2017,,"Dublin, Ireland","Happy Robots Records",0757349269659
"Mar 4, 2025","8:30:00 PM",2025-03-04T20:30:00-0800,"03.04.2025 - Jim Causey",Music,120,173567,"Jim Causey","Mar 4, 2025","9:46:59 PM",2025-03-04T21:46:59-0800,Eurythmics,"Here Comes the Rain Again","Touch (2018 Remaster)",4:56,,GBARL1800393,,,2018,,"Annie Lennox is from Scotland","Sony Music UK",886447028049
"Mar 4, 2025","8:30:00 PM",2025-03-04T20:30:00-0800,"03.04.2025 - Jim Causey",Music,120,173567,"Jim Causey","Mar 4, 2025","9:40:45 PM",2025-03-04T21:40:45-0800,"Aoife Nessa Frances","Way to Say Goodbye","Way to Say Goodbye",4:42,,USBQU2100229,,,2022,,,PTKF,0720841302407
"Mar 4, 2025","8:30:00 PM",2025-03-04T20:30:00-0800,"03.04.2025 - Jim Causey",Music,120,173567,"Jim Causey","Mar 4, 2025","9:37:52 PM",2025-03-04T21:37:52-0800,"Conchúr White","Righteous (Why Did I Feel Like That?)","Swirling Violets",3:12,,GBBRP2301095,,,2024,,,"Bella Union",5400863148737
"Mar 4, 2025","8:30:00 PM",2025-03-04T20:30:00-0800,"03.04.2025 - Jim Causey",Music,120,173567,"Jim Causey","Mar 4, 2025","9:32:32 PM",2025-03-04T21:32:32-0800,U2,"The Unforgettable Fire","The Unforgettable Fire (Deluxe Edition)",4:54,,GBUM70817521,,,1984,,,"Universal-Island Records Ltd.",00602527246451
"Mar 4, 2025","8:30:00 PM",2025-03-04T20:30:00-0800,"03.04.2025 - Jim Causey",Music,120,173567,"Jim Causey","Mar 4, 2025","9:30:20 PM",2025-03-04T21:30:20-0800,"Clannad feat. Bono","In a Lifetime",Macalla,3:11,,,,,1985,,"Irish greats",,
"Mar 4, 2025","8:30:00 PM",2025-03-04T20:30:00-0800,"03.04.2025 - Jim Causey",Music,120,173567,"Jim Causey","Mar 4, 2025","9:21:21 PM",2025-03-04T21:21:21-0800,"Peter Gabriel (feat. Sinéad O'Connor)","Blood Of Eden",Us,6:38,,GBCPB0900722,,,2018,,,Non-Wea/Other,0180030000154
"Mar 4, 2025","8:30:00 PM",2025-03-04T20:30:00-0800,"03.04.2025 - Jim Causey",Music,120,173567,"Jim Causey","Mar 4, 2025","9:15:21 PM",2025-03-04T21:15:21-0800,"Massive Attack (feat. Sinéad O'Connor)","What Your Soul Sings","100th Window",6:40,,,,,2003,,,"Virgin Records",
"Mar 4, 2025","8:30:00 PM",2025-03-04T20:30:00-0800,"03.04.2025 - Jim Causey",Music,120,173567,"Jim Causey","Mar 4, 2025","9:09:54 PM",2025-03-04T21:09:54-0800,"The The (feat. Sinéad O'Connor)","Kingdom of Rain","Mind Bomb",5:51,,GBBBM0102849,,,1989,,,SME,0696998661622
"Mar 4, 2025","8:30:00 PM",2025-03-04T20:30:00-0800,"03.04.2025 - Jim Causey",Music,120,173567,"Jim Causey","Mar 4, 2025","9:04:04 PM",2025-03-04T21:04:04-0800,"Sinéad O'Connor","The Emperor's New Clothes","I Do Not Want What I Haven't Got",5:16,,GBAYK9000071,,,1990,,"The late Irish genius","Chrysalis Records",5054526647565
"Mar 4, 2025","8:30:00 PM",2025-03-04T20:30:00-0800,"03.04.2025 - Jim Causey",Music,120,173567,"Jim Causey","Mar 4, 2025","8:58:24 PM",2025-03-04T20:58:24-0800,"Christine and the Queens","La Vita Nuova (feat. Caroline Polachek)","La Vita Nuova",4:28,,FR6P11901400,,,2021,,"Rahim Redcar (Christine and the Queens) was born in Nantes, in the Loire, Brittany","Because Music",5060899070084
"Mar 4, 2025","8:30:00 PM",2025-03-04T20:30:00-0800,"03.04.2025 - Jim Causey",Music,120,173567,"Jim Causey","Mar 4, 2025","8:53:02 PM",2025-03-04T20:53:02-0800,CHVRCHES,"How Not To Drown (feat. Robert Smith)","How Not to Drown",5:31,,GBZN82100005,,,2021,,"Scottish synthpop","EMI (Virgin)",
"Mar 4, 2025","8:30:00 PM",2025-03-04T20:30:00-0800,"03.04.2025 - Jim Causey",Music,120,173567,"Jim Causey","Mar 4, 2025","8:49:09 PM",2025-03-04T20:49:09-0800,"My Bloody Valentine","Only Shallow - Remastered Version",Loveless,4:18,,USWB10101903,,,1991,,"Second LP (and masterpiece) from this Irish-English band","Warner Records Label",0075992675925
"Mar 4, 2025","8:30:00 PM",2025-03-04T20:30:00-0800,"03.04.2025 - Jim Causey",Music,120,173567,"Jim Causey","Mar 4, 2025","8:43:55 PM",2025-03-04T20:43:55-0800,Gwenno,Tresor,Tresor,4:09,,GBPVV2004028,,,2022,,"Artist from Wales","Heavenly Recordings",5400863073275
"Mar 4, 2025","8:30:00 PM",2025-03-04T20:30:00-0800,"03.04.2025 - Jim Causey",Music,120,173567,"Jim Causey","Mar 4, 2025","8:40:50 PM",2025-03-04T20:40:50-0800,"Cocteau Twins","Fifty-Fifty Clown","Heaven Or Las Vegas (Remastered)",3:10,,GBAFL9000037,,,1990,,"Scottish group",4AD,652637001280
"Mar 4, 2025","8:30:00 PM",2025-03-04T20:30:00-0800,"03.04.2025 - Jim Causey",Music,120,173567,"Jim Causey","Mar 4, 2025","8:36:37 PM",2025-03-04T20:36:37-0800,"One Dove","White Love - Radio Mix","Morning Dove White",4:40,,GBAAP9300689,,,1999,,"Scottish trio","London Records",0685738325665
"Mar 4, 2025","8:30:00 PM",2025-03-04T20:30:00-0800,"03.04.2025 - Jim Causey",Music,120,173567,"Jim Causey","Mar 4, 2025","8:30:29 PM",2025-03-04T20:30:29-0800,"Boards of Canada","Kid for Today","In a Beautiful Place Out In the Country - EP",6:24,,GBBPW0000140,,,2000,,"Scottish IDM duo","Warp Records",0801061914431
"Feb 18, 2025","10:30:00 PM",2025-02-18T22:30:00-0800,"02.18.2025 - Jim Causey",Music,120,173567,"Jim Causey","Feb 19, 2025","12:27:39 AM",2025-02-19T00:27:39-0800,Chromatics,Cherry,"Cherry (Deluxe)",4:32,,QMMMF1300022,,,2017,,,"Italians Do It Better",843357102955
"Feb 18, 2025","10:30:00 PM",2025-02-18T22:30:00-0800,"02.18.2025 - Jim Causey",Music,120,173567,"Jim Causey","Feb 19, 2025","12:24:04 AM",2025-02-19T00:24:04-0800,"Julianna Barwick","Oh, Memory","Healing Is A Miracle",3:47,,GBCFB2000124,,,2020,,,"Ninja Tune",5054429141375
"Feb 18, 2025","10:30:00 PM",2025-02-18T22:30:00-0800,"02.18.2025 - Jim Causey",Music,120,173567,"Jim Causey","Feb 19, 2025","12:21:34 AM",2025-02-19T00:21:34-0800,Grouper,"Heavy Water/I'd Rather Be Sleeping","Dragging a Dead Deer Up a Hill",2:53,,USI4R1115074,,,2007,,,Yellowelectric,0887396736924
"Feb 18, 2025","10:30:00 PM",2025-02-18T22:30:00-0800,"02.18.2025 - Jim Causey",Music,120,173567,"Jim Causey","Feb 19, 2025","12:18:50 AM",2025-02-19T00:18:50-0800,"Kelly Lee Owens",Jeanette,"Inner Song",6:14,,NOSTS2072050,,,2020,,,"Smalltown Supersound",7072822372002
"Feb 18, 2025","10:30:00 PM",2025-02-18T22:30:00-0800,"02.18.2025 - Jim Causey",Music,120,173567,"Jim Causey","Feb 19, 2025","12:12:45 AM",2025-02-19T00:12:45-0800,"Mary Halvorson",Amaryllis,Amaryllis,5:55,,USNO12100400,,,2021,,,"Mary Halvorson",0075597912753
"Feb 18, 2025","10:30:00 PM",2025-02-18T22:30:00-0800,"02.18.2025 - Jim Causey",Music,120,173567,"Jim Causey","Feb 19, 2025","12:06:47 AM",2025-02-19T00:06:47-0800,"Rachel Therrien",Mojo,Mojo,6:04,,CA5LE2350004,,,2023,,,"OUTSIDE IN MUSIC",0762183763324
"Feb 18, 2025","10:30:00 PM",2025-02-18T22:30:00-0800,"02.18.2025 - Jim Causey",Music,120,173567,"Jim Causey","Feb 18, 2025","11:38:41 PM",2025-02-18T23:38:41-0800,"Sasha Nilssen","Wendy, Wake Up!","Find Time",5:28,,QZNWT2207011,,,2022,,,"2678822 Records DK",0197084153781
"Feb 18, 2025","10:30:00 PM",2025-02-18T22:30:00-0800,"02.18.2025 - Jim Causey",Music,120,173567,"Jim Causey","Feb 18, 2025","11:36:30 PM",2025-02-18T23:36:30-0800,NAVVI,Clemency,Clemency,5:28,,GBHLW2300285,,,2023,,,"Hush Hush",5056321686480
"Feb 18, 2025","10:30:00 PM",2025-02-18T22:30:00-0800,"02.18.2025 - Jim Causey",Music,120,173567,"Jim Causey","Feb 18, 2025","11:31:55 PM",2025-02-18T23:31:55-0800,"Sarah McLachlan","Into the Fire",Solace,3:29,,USAR19901563,,,2008,,,Arista,0886973962121
"Feb 18, 2025","10:30:00 PM",2025-02-18T22:30:00-0800,"02.18.2025 - Jim Causey",Music,120,173567,"Jim Causey","Feb 18, 2025","11:24:03 PM",2025-02-18T23:24:03-0800,Enya,"Caribbean Blue","Themes From ""Calmi Cuori Appassionati""",4:00,,GBAHT0200032,,,1900,,,"Warner Music UK",0022924387524
"Feb 18, 2025","10:30:00 PM",2025-02-18T22:30:00-0800,"02.18.2025 - Jim Causey",Music,120,173567,"Jim Causey","Feb 18, 2025","11:15:19 PM",2025-02-18T23:15:19-0800,"Suzanne Ciani","Morning Spring","@0 EP1",5:00,,GBCFB2100579,,,2021,,,"Ahead Of Our Time",5054429153606
"Feb 18, 2025","10:30:00 PM",2025-02-18T22:30:00-0800,"02.18.2025 - Jim Causey",Music,120,173567,"Jim Causey","Feb 18, 2025","11:14:04 PM",2025-02-18T23:14:04-0800,sumbeond,contact,cymatics,1:50,,QZTAW2313142,,,2023,,,"NEJI Records",0198053686002
"Feb 18, 2025","10:30:00 PM",2025-02-18T22:30:00-0800,"02.18.2025 - Jim Causey",Music,120,173567,"Jim Causey","Feb 18, 2025","11:02:26 PM",2025-02-18T23:02:26-0800,"Lisa Bella Donna","Onward to a Dream",Moogmentum,7:29,,US25X2104252,,,2021,,,"Behind The Sky Music",0669158560189
"Feb 18, 2025","10:30:00 PM",2025-02-18T22:30:00-0800,"02.18.2025 - Jim Causey",Music,120,173567,"Jim Causey","Feb 18, 2025","11:00:26 PM",2025-02-18T23:00:26-0800,"Delia Derbyshire",Dr.Who,"BBC Radiophonic Workshop - 21",1:31,,GBAJC1500524,,,2022,,,"Silva Screen Records",
"Feb 18, 2025","10:30:00 PM",2025-02-18T22:30:00-0800,"02.18.2025 - Jim Causey",Music,120,173567,"Jim Causey","Feb 18, 2025","10:57:42 PM",2025-02-18T22:57:42-0800,"Here Comes Kil","This Machine Has Not Finished","This Machine Has Not Finished",5:03,,QZZ782448054,,,2024,,,"Here Comes Kil",0198877936505
"Feb 18, 2025","10:30:00 PM",2025-02-18T22:30:00-0800,"02.18.2025 - Jim Causey",Music,120,173567,"Jim Causey","Feb 18, 2025","10:56:07 PM",2025-02-18T22:56:07-0800,"Jonny October",Ageless,"Prisoner's Cinema",3:29,,TCACK1587365,,,2016,,,"Jonny October & Box B",0859716257167
"Feb 18, 2025","10:30:00 PM",2025-02-18T22:30:00-0800,"02.18.2025 - Jim Causey",Music,120,173567,"Jim Causey","Feb 18, 2025","10:54:23 PM",2025-02-18T22:54:23-0800,L'Rain,"Two Face","Two Face",4:06,,QMV8L2030910,,,2021,,,"Mexican Summer",00184923130935
"Feb 18, 2025","10:30:00 PM",2025-02-18T22:30:00-0800,"02.18.2025 - Jim Causey",Music,120,173567,"Jim Causey","Feb 18, 2025","10:47:18 PM",2025-02-18T22:47:18-0800,"Midday Veil",Babel,"This Wilderness",6:49,,QMMS41502201,,,2015,,,"Beyond Beyond Is Beyond Records",0889845502579
"Feb 18, 2025","10:30:00 PM",2025-02-18T22:30:00-0800,"02.18.2025 - Jim Causey",Music,120,173567,"Jim Causey","Feb 18, 2025","10:43:05 PM",2025-02-18T22:43:05-0800,Tune-Yards,hypnotized,sketchy.,4:30,,GBAFL2000265,,,2021,,,4AD,5059638064941
"Feb 18, 2025","10:30:00 PM",2025-02-18T22:30:00-0800,"02.18.2025 - Jim Causey",Music,120,173567,"Jim Causey","Feb 18, 2025","10:37:48 PM",2025-02-18T22:37:48-0800,"Caroline Polachek",Door,Door,5:22,,USSM11901942,,,2019,,,Columbia,0886447683415
"Feb 18, 2025","10:30:00 PM",2025-02-18T22:30:00-0800,"02.18.2025 - Jim Causey",Music,120,173567,"Jim Causey","Feb 18, 2025","10:33:19 PM",2025-02-18T22:33:19-0800,"Mt Fog","Blue Summer - Graduation Remix","Blue Summer (Graduation Remix)",3:16,,QZHN32269798,,,2022,,,"Save the Forest for the Trees",
"Feb 11, 2025","10:30:00 PM",2025-02-11T22:30:00-0800,"02.11.2025 - Jim Causey",Music,120,173567,"Jim Causey","Feb 12, 2025","12:26:22 AM",2025-02-12T00:26:22-0800,"Liminal Animal","Always Return to You",Archipelago,4:23,,USCGH2568104,,L,2025,,,"Bathysphere Records",0198999851021
"Feb 11, 2025","10:30:00 PM",2025-02-11T22:30:00-0800,"02.11.2025 - Jim Causey",Music,120,173567,"Jim Causey","Feb 12, 2025","12:08:57 AM",2025-02-12T00:08:57-0800,"Steve Roach","Spirals and Portals","Crossing the Bridge",18:02,,USHK92505402,,,2025,,,"Timeroom Editions",0617026305424
"Feb 11, 2025","10:30:00 PM",2025-02-11T22:30:00-0800,"02.11.2025 - Jim Causey",Music,120,173567,"Jim Causey","Feb 11, 2025","11:53:10 PM",2025-02-11T23:53:10-0800,"Suzanne Ciani","Sargasso Sea","Silver Ship",3:32,,USHM90599074,,,2017,,,"Universal Music S.A.",00600753801529
"Feb 11, 2025","10:30:00 PM",2025-02-11T22:30:00-0800,"02.11.2025 - Jim Causey",Music,120,173567,"Jim Causey","Feb 11, 2025","11:52:20 PM",2025-02-11T23:52:20-0800,"Kae Corleone","We Made It","better Late than Never 2 : Welcome to Kaeski World",4:53,,QZ85M1982629,,,2019,,,MFGHBC,0191998539099
"Feb 11, 2025","10:30:00 PM",2025-02-11T22:30:00-0800,"02.11.2025 - Jim Causey",Music,120,173567,"Jim Causey","Feb 11, 2025","11:48:34 PM",2025-02-11T23:48:34-0800,Saroon,Surrender,Archipelago,4:42,,USCGH2568114,,L,2025,,,"Bathysphere Records",0198999851021
"Feb 11, 2025","10:30:00 PM",2025-02-11T22:30:00-0800,"02.11.2025 - Jim Causey",Music,120,173567,"Jim Causey","Feb 11, 2025","11:40:04 PM",2025-02-11T23:40:04-0800,Amulets,Lifelike,Lifelike,4:38,,QMFME2406221,,L,2025,,,"Beacon Sound",0889845982333
"Feb 11, 2025","10:30:00 PM",2025-02-11T22:30:00-0800,"02.11.2025 - Jim Causey",Music,120,173567,"Jim Causey","Feb 11, 2025","11:36:22 PM",2025-02-11T23:36:22-0800,Afrocop,"Seeking New Strata",Afrocop,3:23,,QZTAX2437763,,L,2024,,,"Wax Thematique",0198666998141
"Feb 11, 2025","10:30:00 PM",2025-02-11T22:30:00-0800,"02.11.2025 - Jim Causey",Music,120,173567,"Jim Causey","Feb 11, 2025","11:31:13 PM",2025-02-11T23:31:13-0800,"Andy Sheppard Quartet","They Aren't Perfect And Neither Am I","Surrounded By Sea",5:07,,DEB331443205,,,2015,,,"ECM Records",
"Feb 11, 2025","10:30:00 PM",2025-02-11T22:30:00-0800,"02.11.2025 - Jim Causey",Music,120,173567,"Jim Causey","Feb 11, 2025","11:27:13 PM",2025-02-11T23:27:13-0800,EarthtoneSkytone,"Two Sides, One Reflection","Two Sides, One Reflection",4:02,,TCAHD2353104,,L,2023,,,EarthtoneSkytone,0859774390424
"Feb 11, 2025","10:30:00 PM",2025-02-11T22:30:00-0800,"02.11.2025 - Jim Causey",Music,120,173567,"Jim Causey","Feb 11, 2025","11:23:03 PM",2025-02-11T23:23:03-0800,"Brass Clouds","Some Sort of Sea",Archipelago,3:25,,USCGH2568112,,L,2025,,,"Bathysphere Records",0198999851021
"Feb 11, 2025","10:30:00 PM",2025-02-11T22:30:00-0800,"02.11.2025 - Jim Causey",Music,120,173567,"Jim Causey","Feb 11, 2025","11:11:58 PM",2025-02-11T23:11:58-0800,"Caterina Barbieri","Virgo Rebellion","Flowers From The Ashes: Contemporary Italian Electronic Music",7:57,,DEPL91529311,,,2018,,,"Stroboscopic Artefacts",4260544835117
"Feb 11, 2025","10:30:00 PM",2025-02-11T22:30:00-0800,"02.11.2025 - Jim Causey",Music,120,173567,"Jim Causey","Feb 11, 2025","10:55:01 PM",2025-02-11T22:55:01-0800,"Hello Meteor","Don't Tell The Moon","Mondo Canyon",3:02,,QZDA62553798,,L,2025,,,DISTROKID,0199086230729
"Feb 11, 2025","10:30:00 PM",2025-02-11T22:30:00-0800,"02.11.2025 - Jim Causey",Music,120,173567,"Jim Causey","Feb 11, 2025","10:46:47 PM",2025-02-11T22:46:47-0800,"Four Tet","Love Cry","There Is Love In You",9:13,,GBCEL0900700,,,2010,,,"Text Records",5034202025450
"Feb 11, 2025","10:30:00 PM",2025-02-11T22:30:00-0800,"02.11.2025 - Jim Causey",Music,120,173567,"Jim Causey","Feb 11, 2025","10:43:46 PM",2025-02-11T22:43:46-0800,"Jürgen Müller","Seabed Meditation","Graphic Means: Soundtrack",3:01,,,,L,2017,,,,
"Feb 11, 2025","10:30:00 PM",2025-02-11T22:30:00-0800,"02.11.2025 - Jim Causey",Music,120,173567,"Jim Causey","Feb 11, 2025","10:38:29 PM",2025-02-11T22:38:29-0800,"Élément Kuuda","Farewell Sea Friend","Harbour of the North Wind",5:17,,,,L,2024,,,"Hotham Sound Recordings",
"Feb 11, 2025","10:30:00 PM",2025-02-11T22:30:00-0800,"02.11.2025 - Jim Causey",Music,120,173567,"Jim Causey","Feb 11, 2025","10:31:59 PM",2025-02-11T22:31:59-0800,AeTopus,Sunny,Iota,6:30,,,,L,2024,,,"Spotted Peccary",
"Feb 11, 2025","10:30:00 PM",2025-02-11T22:30:00-0800,"02.11.2025 - Jim Causey",Music,120,173567,"Jim Causey","Feb 11, 2025","10:27:35 PM",2025-02-11T22:27:35-0800,"Liminal Animal","Always Return to You",Archipelago,4:23,,USCGH2568104,,L,2025,,,"Bathysphere Records",
"Feb 4, 2025","10:30:00 PM",2025-02-04T22:30:00-0800,"02.04.2025 - Jim Causey",Music,120,173567,"Jim Causey","Feb 5, 2025","12:26:24 AM",2025-02-05T00:26:24-0800,"Brian Eno","An Ending (Ascent)","Ambient for Kids",4:20,,GBAAA0500103,,,2021,,,"UMG Recordings, Inc.",00602438218820
"Feb 4, 2025","10:30:00 PM",2025-02-04T22:30:00-0800,"02.04.2025 - Jim Causey",Music,120,173567,"Jim Causey","Feb 5, 2025","12:23:56 AM",2025-02-05T00:23:56-0800,TOTO,"Take My Hand","Dune (Original Motion Picture Soundtrack)",2:35,,USA298400170,,,2005,,,"Universal Records",00042282377029
"Feb 4, 2025","10:30:00 PM",2025-02-04T22:30:00-0800,"02.04.2025 - Jim Causey",Music,120,173567,"Jim Causey","Feb 5, 2025","12:19:06 AM",2025-02-05T00:19:06-0800,Vangelis,L'Enfant,Themes,4:58,,FRF067900090,,,1989,,,"Universal Music",0042283951822
"Feb 4, 2025","10:30:00 PM",2025-02-04T22:30:00-0800,"02.04.2025 - Jim Causey",Music,120,173567,"Jim Causey","Feb 5, 2025","12:13:19 AM",2025-02-05T00:13:19-0800,"Kaitlyn Aurelia Smith","Check Your Translation - Hrishikesh Hirway Remix","Check Your Translation (Hrishikesh Hirway Remix)",3:03,,US2J72202301,,,2022,,,"Ghostly International",0617308041439
"Feb 4, 2025","10:30:00 PM",2025-02-04T22:30:00-0800,"02.04.2025 - Jim Causey",Music,120,173567,"Jim Causey","Feb 5, 2025","12:09:34 AM",2025-02-05T00:09:34-0800,"Noble Oak","Tides Turn","Tides Turn",4:17,,CAL452214001,,,2023,,,"Last Gang",0634164914028
"Feb 4, 2025","10:30:00 PM",2025-02-04T22:30:00-0800,"02.04.2025 - Jim Causey",Music,120,173567,"Jim Causey","Feb 5, 2025","12:04:43 AM",2025-02-05T00:04:43-0800,Destroyer,"It Just Doesn’t Happen","It Just Doesn’t Happen",5:00,,USMRG2070903,,,2020,,,"Dead Oceans",0673855070926
"Feb 4, 2025","10:30:00 PM",2025-02-04T22:30:00-0800,"02.04.2025 - Jim Causey",Music,120,173567,"Jim Causey","Feb 4, 2025","11:59:21 PM",2025-02-04T23:59:21-0800,"Massive Attack",Teardrop,Mezzanine,5:31,,GBAAA9800322,,,2017,,,"PLG UK Catalog",0095483723423
"Feb 4, 2025","10:30:00 PM",2025-02-04T22:30:00-0800,"02.04.2025 - Jim Causey",Music,120,173567,"Jim Causey","Feb 4, 2025","11:55:24 PM",2025-02-04T23:55:24-0800,"Pure Bathing Culture",Veil,"Night Pass",4:02,,QZDZU1800003,,,2019,,,"Infinite Companion",
"Feb 4, 2025","10:30:00 PM",2025-02-04T22:30:00-0800,"02.04.2025 - Jim Causey",Music,120,173567,"Jim Causey","Feb 4, 2025","11:53:40 PM",2025-02-04T23:53:40-0800,"Roxy Music","India - 2003 Remastered Version","Balearic Ambient",1:44,,GBAAA9900095,,,2000,,,"EG Records",00724384746056
"Feb 4, 2025","10:30:00 PM",2025-02-04T22:30:00-0800,"02.04.2025 - Jim Causey",Music,120,173567,"Jim Causey","Feb 4, 2025","11:50:15 PM",2025-02-04T23:50:15-0800,"David Arkenstone","Valley In The Clouds","Valley In The Clouds",3:35,,USNA18713924,,,2005,,,"Narada Productions, Inc.",00724387589353
"Feb 4, 2025","10:30:00 PM",2025-02-04T22:30:00-0800,"02.04.2025 - Jim Causey",Music,120,173567,"Jim Causey","Feb 4, 2025","11:36:41 PM",2025-02-04T23:36:41-0800,Hibou,"Night Fell","Night Fell",4:41,,QZTAW2210542,,,2022,,,DISTROKID,0197272667274
"Feb 4, 2025","10:30:00 PM",2025-02-04T22:30:00-0800,"02.04.2025 - Jim Causey",Music,120,173567,"Jim Causey","Feb 4, 2025","11:20:11 PM",2025-02-04T23:20:11-0800,"Steve Roach","The Sky Opens - Live 2019","The Sky Opens (Live 2019)",11:53,,USHK92037004,,,2020,,,Projekt,0617026037028
"Feb 4, 2025","10:30:00 PM",2025-02-04T22:30:00-0800,"02.04.2025 - Jim Causey",Music,120,173567,"Jim Causey","Feb 4, 2025","11:12:07 PM",2025-02-04T23:12:07-0800,"Deep Forest","While the Earth Sleeps - Long Version",Boheme,6:22,,USSM19504700,,,1996,,,Columbia,5099747862366
"Feb 4, 2025","10:30:00 PM",2025-02-04T22:30:00-0800,"02.04.2025 - Jim Causey",Music,120,173567,"Jim Causey","Feb 4, 2025","11:09:35 PM",2025-02-04T23:09:35-0800,"Daft Punk","End of Line - From ""TRON: Legacy""/Score","TRON: Legacy",2:36,,USWD11054887,,,2010,,,"Walt Disney Records",
"Feb 4, 2025","10:30:00 PM",2025-02-04T22:30:00-0800,"02.04.2025 - Jim Causey",Music,120,173567,"Jim Causey","Feb 4, 2025","11:07:37 PM",2025-02-04T23:07:37-0800,"Paul Haslinger","Golden Gate","Halt and Catch Fire (Original Television Series Soundtrack)",2:06,,USLS51684801,,,2016,,,"Lakeshore Records",0780163485028
"Feb 4, 2025","10:30:00 PM",2025-02-04T22:30:00-0800,"02.04.2025 - Jim Causey",Music,120,173567,"Jim Causey","Feb 4, 2025","11:05:56 PM",2025-02-04T23:05:56-0800,"Hans Zimmer","Leaving Caladan","Dune (Original Motion Picture Soundtrack)",1:55,,USNLR2101183,,,2021,,,"WaterTower Music",0794043205743
"Feb 4, 2025","10:30:00 PM",2025-02-04T22:30:00-0800,"02.04.2025 - Jim Causey",Music,120,173567,"Jim Causey","Feb 4, 2025","11:03:08 PM",2025-02-04T23:03:08-0800,"Black Tape for a Blue Girl","Seven Days Till Sunrise","The Rope (25Th Anniversary - Remastered)",2:15,,USHK98602006,,,1986,,,Projekt,617026002026
"Feb 4, 2025","10:30:00 PM",2025-02-04T22:30:00-0800,"02.04.2025 - Jim Causey",Music,120,173567,"Jim Causey","Feb 4, 2025","10:54:47 PM",2025-02-04T22:54:47-0800,"Still Corners","Mystery Road","The Last Exit",3:55,,QZCWY2000007,,,2021,,,"Wrecking Light Records",0859742368622
"Feb 4, 2025","10:30:00 PM",2025-02-04T22:30:00-0800,"02.04.2025 - Jim Causey",Music,120,173567,"Jim Causey","Feb 4, 2025","10:50:57 PM",2025-02-04T22:50:57-0800,"Fleet Foxes","Can I Believe You - Solstice Version","A Very Lonely Solstice",3:59,,USEP42107015,,,2021,,,Anti/Epitaph,0045778790265
"Feb 4, 2025","10:30:00 PM",2025-02-04T22:30:00-0800,"02.04.2025 - Jim Causey",Music,120,173567,"Jim Causey","Feb 4, 2025","10:45:36 PM",2025-02-04T22:45:36-0800,"Altin Gün","Ordunun Dereleri",Yol,4:34,,DETP62000142,,,2021,,,"ATO Records",00880882451653
"Feb 4, 2025","10:30:00 PM",2025-02-04T22:30:00-0800,"02.04.2025 - Jim Causey",Music,120,173567,"Jim Causey","Feb 4, 2025","10:39:54 PM",2025-02-04T22:39:54-0800,"Dead Can Dance",Rakim,Wake,6:02,,GBAFL9400123,,,1994,,,4AD,5059638080347
"Feb 4, 2025","10:30:00 PM",2025-02-04T22:30:00-0800,"02.04.2025 - Jim Causey",Music,120,173567,"Jim Causey","Feb 4, 2025","10:34:59 PM",2025-02-04T22:34:59-0800,"Suzanne Ciani","The Eighth Wave","The Velocity Of Love",5:08,,USHM80949028,,,2009,,,"Seventh Wave",0799547700329
"Feb 4, 2025","10:30:00 PM",2025-02-04T22:30:00-0800,"02.04.2025 - Jim Causey",Music,120,173567,"Jim Causey","Feb 4, 2025","10:31:04 PM",2025-02-04T22:31:04-0800,"Norm Chambers",Index,"Sensory Margin",5:12,,,,,2014,,,Panabrite,
"Jan 28, 2025","10:30:00 PM",2025-01-28T22:30:00-0800,"01.28.2025 - Jim Causey",Music,120,173567,"Jim Causey","Jan 29, 2025","12:20:24 AM",2025-01-29T00:20:24-0800,"Ray Lynch","Drifted In A Deeper Land","No Blue Thing",7:27,,USAUQ0500018,,,2005,,,"Ray Lynch Productions",0735371111924
"Jan 28, 2025","10:30:00 PM",2025-01-28T22:30:00-0800,"01.28.2025 - Jim Causey",Music,120,173567,"Jim Causey","Jan 29, 2025","12:14:24 AM",2025-01-29T00:14:24-0800,"David Darling & Ketil Bjørnstad","The River VII","The River",7:42,,DEB339559307,,,1997,,,,
"Jan 28, 2025","10:30:00 PM",2025-01-28T22:30:00-0800,"01.28.2025 - Jim Causey",Music,120,173567,"Jim Causey","Jan 29, 2025","12:03:47 AM",2025-01-29T00:03:47-0800,"Jeff Greinke","Late Rain at the Station",Oceanic,5:48,,USHK92441707,,,2024,,,Projekt,0617026041728
"Jan 28, 2025","10:30:00 PM",2025-01-28T22:30:00-0800,"01.28.2025 - Jim Causey",Music,120,173567,"Jim Causey","Jan 28, 2025","11:58:01 PM",2025-01-28T23:58:01-0800,"Sumner James, Robert Chamberlain, Volcano Lazerbeam & Saroon",Bathypalegic,"Dive 1: Refraction",5:19,,USCGH2440952,,,2024,,,"Bathysphere Records",0198015301547
"Jan 28, 2025","10:30:00 PM",2025-01-28T22:30:00-0800,"01.28.2025 - Jim Causey",Music,120,173567,"Jim Causey","Jan 28, 2025","11:50:24 PM",2025-01-28T23:50:24-0800,"Nacht Plank","Lorotheato (Moss Garden Repaint)","Psychology of Religion and Understanding Saint Catherine",7:54,,UK4761600030,,,,,,,5056052705948
"Jan 28, 2025","10:30:00 PM",2025-01-28T22:30:00-0800,"01.28.2025 - Jim Causey",Music,120,173567,"Jim Causey","Jan 28, 2025","11:43:11 PM",2025-01-28T23:43:11-0800,"Steve Roach","The Desert Winds of Change, Pt. 3","The Desert Winds of Change",7:36,,USHK92405203,,,2024,,,"Timeroom Editions",0617026305226
"Jan 28, 2025","10:30:00 PM",2025-01-28T22:30:00-0800,"01.28.2025 - Jim Causey",Music,120,173567,"Jim Causey","Jan 28, 2025","11:36:25 PM",2025-01-28T23:36:25-0800,"Hollan Holmes","Drawn To An Intangible Energy","Sacred Places",6:37,,USSP52444025,,,2024,,,"Spotted Peccary",0600028440323
"Jan 28, 2025","10:30:00 PM",2025-01-28T22:30:00-0800,"01.28.2025 - Jim Causey",Music,120,173567,"Jim Causey","Jan 28, 2025","11:28:46 PM",2025-01-28T23:28:46-0800,"Grizzly Bear","Sleeping Ute - Nicolas Jaar Remix","Shields: Expanded",7:49,,GBBPW1300002,,,2013,,,"Warp Records",
"Jan 28, 2025","10:30:00 PM",2025-01-28T22:30:00-0800,"01.28.2025 - Jim Causey",Music,120,173567,"Jim Causey","Jan 28, 2025","11:05:56 PM",2025-01-28T23:05:56-0800,naafi,Magnolia,UVA,2:58,,QM4TW2409607,,,2024,,,naafi,0197190864328
"Jan 28, 2025","10:30:00 PM",2025-01-28T22:30:00-0800,"01.28.2025 - Jim Causey",Music,120,173567,"Jim Causey","Jan 28, 2025","11:03:02 PM",2025-01-28T23:03:02-0800,"Conchúr White","Red House Parlour","Swirling Violets",2:55,,GBBRP2301100,,,2024,,,"Bella Union",5400863148737
"Jan 28, 2025","10:30:00 PM",2025-01-28T22:30:00-0800,"01.28.2025 - Jim Causey",Music,120,173567,"Jim Causey","Jan 28, 2025","10:59:04 PM",2025-01-28T22:59:04-0800,FUNERALHOMES,"Santa Cruz",Haunts,4:03,,QZMEM2116227,,,2021,,,"Palmer House",0196398627711
"Jan 28, 2025","10:30:00 PM",2025-01-28T22:30:00-0800,"01.28.2025 - Jim Causey",Music,120,173567,"Jim Causey","Jan 28, 2025","10:53:52 PM",2025-01-28T22:53:52-0800,"Bandai Namco Game Music","Walking on a Star!","Katamari Damacy (Original Soundtrack) -Katamari Fortissimo Damacy",3:12,,JPX832004654,,,2024,,,"Bandai Namco Game Music",4582747891920
"Jan 28, 2025","10:30:00 PM",2025-01-28T22:30:00-0800,"01.28.2025 - Jim Causey",Music,120,173567,"Jim Causey","Jan 28, 2025","10:45:33 PM",2025-01-28T22:45:33-0800,新时代轻音乐团,"My Love",天空仙境,4:35,,FR2X42376697,,,1996,,,Gallery,3617056065685
"Jan 21, 2025","10:30:00 PM",2025-01-21T22:30:00-0800,"01.21.2025 - Jim Causey",Music,120,173567,"Jim Causey","Jan 22, 2025","12:27:54 AM",2025-01-22T00:27:54-0800,"Noble Oak",Eveningstar,"When It Finds You",4:00,,CAL452326611,,,2023,,,"Last Gang",0634164926632
"Jan 21, 2025","10:30:00 PM",2025-01-21T22:30:00-0800,"01.21.2025 - Jim Causey",Music,120,173567,"Jim Causey","Jan 22, 2025","12:18:10 AM",2025-01-22T00:18:10-0800,"Daryl Groetsch","Gardens in Glass","Gardens in Glass",9:36,,USHM22399536,,,2023,,,"Daryl Groetsch",0712179450271
"Jan 21, 2025","10:30:00 PM",2025-01-21T22:30:00-0800,"01.21.2025 - Jim Causey",Music,120,173567,"Jim Causey","Jan 21, 2025","11:59:36 PM",2025-01-21T23:59:36-0800,"Fog Net","Polymer Field",Headlands,5:01,,USHM22349619,,,2023,,,"Bathysphere Records",0198015301479
"Jan 21, 2025","10:30:00 PM",2025-01-21T22:30:00-0800,"01.21.2025 - Jim Causey",Music,120,173567,"Jim Causey","Jan 21, 2025","11:49:10 PM",2025-01-21T23:49:10-0800,Saloli,Barcarolle,"The Deep End",4:42,,USNCB1821401,,,2018,,,kranky,0796441821426
"Jan 21, 2025","10:30:00 PM",2025-01-21T22:30:00-0800,"01.21.2025 - Jim Causey",Music,120,173567,"Jim Causey","Jan 21, 2025","11:30:30 PM",2025-01-21T23:30:30-0800,Redshift,Fuel,"Wild 2",19:37,,GBKPL1026616,,,2010,,,"Distant Sun",0842108059975
"Jan 21, 2025","10:30:00 PM",2025-01-21T22:30:00-0800,"01.21.2025 - Jim Causey",Music,120,173567,"Jim Causey","Jan 21, 2025","11:28:42 PM",2025-01-21T23:28:42-0800,"Steve Roach","Halcyon Days","Halcyon Days",10:20,,USAKS0600386,,,2024,,,"Valley Entertainment",0025041107228
"Jan 21, 2025","10:30:00 PM",2025-01-21T22:30:00-0800,"01.21.2025 - Jim Causey",Music,120,173567,"Jim Causey","Jan 21, 2025","11:17:02 PM",2025-01-21T23:17:02-0800,"Javier Nero","Kemet (The Black Land)","Kemet (The Black Land)",10:34,,QM3JE2302429,,,2023,,,"Outside In Music",0197773057703
"Jan 21, 2025","10:30:00 PM",2025-01-21T22:30:00-0800,"01.21.2025 - Jim Causey",Music,120,173567,"Jim Causey","Jan 21, 2025","11:07:54 PM",2025-01-21T23:07:54-0800,"Pat Metheny Group","The First Circle","First Circle",9:10,,DEB338427803,,,2004,,,"ECM Records",00044001416323
"Jan 21, 2025","10:30:00 PM",2025-01-21T22:30:00-0800,"01.21.2025 - Jim Causey",Music,120,173567,"Jim Causey","Jan 21, 2025","10:59:43 PM",2025-01-21T22:59:43-0800,Iceblink,Healer,"Carpet Cocoon",3:51,,USA2P2000123,,,2020,,,"Moon Glyph",0192641420900
"Jan 21, 2025","10:30:00 PM",2025-01-21T22:30:00-0800,"01.21.2025 - Jim Causey",Music,120,173567,"Jim Causey","Jan 21, 2025","10:55:32 PM",2025-01-21T22:55:32-0800,"David Arkenstone","The Icy Brook Finds Its Way","The Icy Brook Finds Its Way",4:12,,QM3DF2264247,,,2023,,,"QDV Music",0197644887187
"Jan 21, 2025","10:30:00 PM",2025-01-21T22:30:00-0800,"01.21.2025 - Jim Causey",Music,120,173567,"Jim Causey","Jan 21, 2025","10:51:40 PM",2025-01-21T22:51:40-0800,"Makaya McCraven","The Fours","The Fours",3:26,,QM84B2259002,,,2022,,,"International Anthem Recording Co.",0075597907490
"Jan 21, 2025","10:30:00 PM",2025-01-21T22:30:00-0800,"01.21.2025 - Jim Causey",Music,120,173567,"Jim Causey","Jan 21, 2025","10:49:35 PM",2025-01-21T22:49:35-0800,"Nathan Kawanishi","Opulence 02","Opulence 02",2:11,,CAN112301149,,,2023,,,"Nettwerk Music Group",0067003550062
"Jan 21, 2025","10:30:00 PM",2025-01-21T22:30:00-0800,"01.21.2025 - Jim Causey",Music,120,173567,"Jim Causey","Jan 21, 2025","10:36:50 PM",2025-01-21T22:36:50-0800,"Small Black",Breathless,"Limits of Desire",3:46,,US38Y1320805,,,2013,,,Jagjaguwar,0656605220864
"Jan 21, 2025","10:30:00 PM",2025-01-21T22:30:00-0800,"01.21.2025 - Jim Causey",Music,120,173567,"Jim Causey","Jan 21, 2025","10:32:09 PM",2025-01-21T22:32:09-0800,Hatchie,"This Enchanted","This Enchanted",3:54,,AULI02143110,,,2021,,,"Secretly Canadian",0656605044453
"Jan 14, 2025","10:30:00 PM",2025-01-14T22:30:00-0800,"01.14.2025 - Jim Causey",Music,120,173567,"Jim Causey","Jan 15, 2025","12:20:06 AM",2025-01-15T00:20:06-0800,"Daryl Groetsch","Gardens in Glass","Gardens in Glass",9:36,,USHM22399536,,,2023,,,"Daryl Groetsch",0712179450271
"Jan 14, 2025","10:30:00 PM",2025-01-14T22:30:00-0800,"01.14.2025 - Jim Causey",Music,120,173567,"Jim Causey","Jan 15, 2025","12:01:31 AM",2025-01-15T00:01:31-0800,"Fog Net","Polymer Field",Headlands,5:01,,USHM22349619,,,2023,,,"Bathysphere Records",0198015301479
"Jan 14, 2025","10:30:00 PM",2025-01-14T22:30:00-0800,"01.14.2025 - Jim Causey",Music,120,173567,"Jim Causey","Jan 14, 2025","11:30:39 PM",2025-01-14T23:30:39-0800,"Steve Roach","Halcyon Days","Halcyon Days",10:20,,USAKS0600386,,,2024,,,"Valley Entertainment",0025041107228
"Jan 14, 2025","10:30:00 PM",2025-01-14T22:30:00-0800,"01.14.2025 - Jim Causey",Music,120,173567,"Jim Causey","Jan 14, 2025","11:19:25 PM",2025-01-14T23:19:25-0800,"Javier Nero","Kemet (The Black Land)","Kemet (The Black Land)",10:34,,QM3JE2302429,,,2023,,,"Outside In Music",0197773057703
"Jan 14, 2025","10:30:00 PM",2025-01-14T22:30:00-0800,"01.14.2025 - Jim Causey",Music,120,173567,"Jim Causey","Jan 14, 2025","11:10:17 PM",2025-01-14T23:10:17-0800,"Pat Metheny Group","The First Circle","First Circle",9:10,,DEB338427803,,,2004,,,"ECM Records",00044001416323
"Jan 14, 2025","10:30:00 PM",2025-01-14T22:30:00-0800,"01.14.2025 - Jim Causey",Music,120,173567,"Jim Causey","Jan 14, 2025","11:05:30 PM",2025-01-14T23:05:30-0800,Erwilian,"Fantasy & Dance (Live)","Cascadia (Live)",4:21,,USHM82327292,,,2023,,,"Wood, Wind, & Wire Productions",0198025236006
"Jan 14, 2025","10:30:00 PM",2025-01-14T22:30:00-0800,"01.14.2025 - Jim Causey",Music,120,173567,"Jim Causey","Jan 14, 2025","10:57:55 PM",2025-01-14T22:57:55-0800,"David Arkenstone","The Icy Brook Finds Its Way","The Icy Brook Finds Its Way",4:12,,QM3DF2264247,,,2023,,,"David Arkenstone",0197644863280
"Jan 14, 2025","10:30:00 PM",2025-01-14T22:30:00-0800,"01.14.2025 - Jim Causey",Music,120,173567,"Jim Causey","Jan 14, 2025","10:54:02 PM",2025-01-14T22:54:02-0800,"Makaya McCraven","The Fours","The Fours",3:26,,QM84B2259002,,,2022,,,"International Anthem Recording Co.",0075597907490
"Jan 14, 2025","10:30:00 PM",2025-01-14T22:30:00-0800,"01.14.2025 - Jim Causey",Music,120,173567,"Jim Causey","Jan 14, 2025","10:52:09 PM",2025-01-14T22:52:09-0800,"Nathan Kawanishi","Opulence 02","Opulence 02",2:11,,CAN112301149,,,2023,,,"Nettwerk Music Group",0067003550062
"Jan 14, 2025","10:30:00 PM",2025-01-14T22:30:00-0800,"01.14.2025 - Jim Causey",Music,120,173567,"Jim Causey","Jan 14, 2025","10:42:50 PM",2025-01-14T22:42:50-0800,"Future Islands","Born in a War","Born in a War",4:13,,GBAFL2000213,,,2020,,,4AD,5059638064453
"Jan 14, 2025","10:30:00 PM",2025-01-14T22:30:00-0800,"01.14.2025 - Jim Causey",Music,120,173567,"Jim Causey","Jan 14, 2025","10:39:11 PM",2025-01-14T22:39:11-0800,"Small Black",Breathless,"Limits of Desire",3:46,,US38Y1320805,,,2013,,,Jagjaguwar,0656605220864
"Jan 14, 2025","10:30:00 PM",2025-01-14T22:30:00-0800,"01.14.2025 - Jim Causey",Music,120,173567,"Jim Causey","Jan 14, 2025","10:34:30 PM",2025-01-14T22:34:30-0800,Hatchie,"This Enchanted","This Enchanted",3:54,,AULI02143110,,,2021,,,"Secretly Canadian",0656605044453
"Jan 7, 2025","10:30:00 PM",2025-01-07T22:30:00-0800,"01.07.2025 - Jim Causey",Music,120,173567,"Jim Causey","Jan 8, 2025","12:29:07 AM",2025-01-08T00:29:07-0800,"Fleetwood Mac","Seven Wonders (2017 Remaster)","Tango in the Night (2017 Remaster) [Deluxe Edition]",3:42,,USRH11603545,,,2017,,,"Rhino/Warner Records",603497872893
"Jan 7, 2025","10:30:00 PM",2025-01-07T22:30:00-0800,"01.07.2025 - Jim Causey",Music,120,173567,"Jim Causey","Jan 8, 2025","12:23:37 AM",2025-01-08T00:23:37-0800,Classixx,"Hanging Gardens","Hanging Gardens",5:24,,USD8D1313001,,,2013,,,"Innovative Leisure",0810874020123
"Jan 7, 2025","10:30:00 PM",2025-01-07T22:30:00-0800,"01.07.2025 - Jim Causey",Music,120,173567,"Jim Causey","Jan 8, 2025","12:15:23 AM",2025-01-08T00:15:23-0800,"New Order","The Perfect Kiss (Substance Edit)",Substance,8:02,,GBAAP0001117,,,1987,,,Factory,190295211592
"Jan 7, 2025","10:30:00 PM",2025-01-07T22:30:00-0800,"01.07.2025 - Jim Causey",Music,120,173567,"Jim Causey","Jan 8, 2025","12:10:54 AM",2025-01-08T00:10:54-0800,"Dark Chisme","Beautiful Obsession Killer","Yo Puedo Vivir Sin Ti",4:27,,QZHN82458431,,,2024,,,"Chismosa Records",0198469513107
"Jan 7, 2025","10:30:00 PM",2025-01-07T22:30:00-0800,"01.07.2025 - Jim Causey",Music,120,173567,"Jim Causey","Jan 8, 2025","12:07:07 AM",2025-01-08T00:07:07-0800,"Mt Fog","It's Mycelial","ultraviolet heart machine",3:51,,QZNWV2488001,,L,2024,,,"Save the Forest for the Trees",0198674079535
"Jan 7, 2025","10:30:00 PM",2025-01-07T22:30:00-0800,"01.07.2025 - Jim Causey",Music,120,173567,"Jim Causey","Jan 8, 2025","12:02:05 AM",2025-01-08T00:02:05-0800,EarthtoneSkytone,"Bent from the Wild","Pottery of Valleys and Arches",5:12,,TCAIW2459840,,,2024,,,EarthtoneSkytone,0859795937967
"Jan 7, 2025","10:30:00 PM",2025-01-07T22:30:00-0800,"01.07.2025 - Jim Causey",Music,120,173567,"Jim Causey","Jan 7, 2025","11:58:04 PM",2025-01-07T23:58:04-0800,Orbital,"Halcyon & On - Jon Hopkins Remix","30 Something",7:11,,GBAAP2200026,,,2022,,,"London Music Stream",0190296152856
"Jan 7, 2025","10:30:00 PM",2025-01-07T22:30:00-0800,"01.07.2025 - Jim Causey",Music,120,173567,"Jim Causey","Jan 7, 2025","11:54:26 PM",2025-01-07T23:54:26-0800,Quivers,"You're Not Always on My Mind","Golden Doubt",3:43,,AUUM72100068,,,2021,,,"Universal Music Australia Pty. Ltd.",
"Jan 7, 2025","10:30:00 PM",2025-01-07T22:30:00-0800,"01.07.2025 - Jim Causey",Music,120,173567,"Jim Causey","Jan 7, 2025","11:48:18 PM",2025-01-07T23:48:18-0800,Somesurprises,"Be Reasonable","Be Reasonable",6:30,,USCGH2471389,,,2024,,,"Doom Trip Records",0198500093575
"Jan 7, 2025","10:30:00 PM",2025-01-07T22:30:00-0800,"01.07.2025 - Jim Causey",Music,120,173567,"Jim Causey","Jan 7, 2025","11:44:28 PM",2025-01-07T23:44:28-0800,"Caroline Polachek","So Hot You're Hurting My Feelings","So Hot You're Hurting My Feelings",3:03,,USSM11902945,,,2019,,,Columbia,0886447899557
"Jan 7, 2025","10:30:00 PM",2025-01-07T22:30:00-0800,"01.07.2025 - Jim Causey",Music,120,173567,"Jim Causey","Jan 7, 2025","11:42:38 PM",2025-01-07T23:42:38-0800,"Echo of the Low Light","Fearless Arrows","Fearless Arrows",4:08,,QZWFV2436515,,,2024,,,DISTROKID,0198880023049
"Jan 7, 2025","10:30:00 PM",2025-01-07T22:30:00-0800,"01.07.2025 - Jim Causey",Music,120,173567,"Jim Causey","Jan 7, 2025","11:38:41 PM",2025-01-07T23:38:41-0800,"East India Youth","TURN AWAY","CULTURE OF VOLUME",4:07,,GBBKS1400308,,,2015,,,"XL Recordings",5059638163880
"Jan 7, 2025","10:30:00 PM",2025-01-07T22:30:00-0800,"01.07.2025 - Jim Causey",Music,120,173567,"Jim Causey","Jan 7, 2025","11:35:07 PM",2025-01-07T23:35:07-0800,"Talk Talk","It's My Life","It's My Life",3:54,,GBAYE9700491,,,1984,,,"Parlophone UK",0724385679759
"Jan 7, 2025","10:30:00 PM",2025-01-07T22:30:00-0800,"01.07.2025 - Jim Causey",Music,120,173567,"Jim Causey","Jan 7, 2025","11:31:11 PM",2025-01-07T23:31:11-0800,"Joe Jackson","Steppin' Out","Night and Day",4:28,,GBAAM8200001,,,1982,,,A&M,00075021333420
"Jan 7, 2025","10:30:00 PM",2025-01-07T22:30:00-0800,"01.07.2025 - Jim Causey",Music,120,173567,"Jim Causey","Jan 7, 2025","11:27:06 PM",2025-01-07T23:27:06-0800,"Frankie Rose","Play for Today","Seventeen Seconds",3:40,,US4TA1900020,,,2019,,,"Slumberland Records",0749846902689
"Jan 7, 2025","10:30:00 PM",2025-01-07T22:30:00-0800,"01.07.2025 - Jim Causey",Music,120,173567,"Jim Causey","Jan 7, 2025","11:24:10 PM",2025-01-07T23:24:10-0800,"Yves Tumor",Echolalia,Echolalia,3:00,,GBBPW2200169,,,2023,,,"Warp Records",5056614703795
"Jan 7, 2025","10:30:00 PM",2025-01-07T22:30:00-0800,"01.07.2025 - Jim Causey",Music,120,173567,"Jim Causey","Jan 7, 2025","11:20:01 PM",2025-01-07T23:20:01-0800,TR/ST,Soon,Performance,4:16,,QZJCP2400012,,,2024,,,"Dais Records",683950557932
"Jan 7, 2025","10:30:00 PM",2025-01-07T22:30:00-0800,"01.07.2025 - Jim Causey",Music,120,173567,"Jim Causey","Jan 7, 2025","11:14:32 PM",2025-01-07T23:14:32-0800,Destroyer,"It Just Doesn’t Happen","Have We Met",5:01,,USMRG2070903,,L,2020,,,"Merge Records",673855070926
"Jan 7, 2025","10:30:00 PM",2025-01-07T22:30:00-0800,"01.07.2025 - Jim Causey",Music,120,173567,"Jim Causey","Jan 7, 2025","11:07:14 PM",2025-01-07T23:07:14-0800,"Holy Ghost!","Escape From Los Angeles","Escape From Los Angeles",7:23,,QMRSZ1900333,,,2019,,,"West End Records",4050538488951
"Jan 7, 2025","10:30:00 PM",2025-01-07T22:30:00-0800,"01.07.2025 - Jim Causey",Music,120,173567,"Jim Causey","Jan 7, 2025","11:01:17 PM",2025-01-07T23:01:17-0800,"Holy Fuck ft. Nicholas Allbrook","Free Gloss",Deleters,6:25,,GBKPL1975846,,,2019,,,"Holy EF Music",5054526181632
"Jan 7, 2025","10:30:00 PM",2025-01-07T22:30:00-0800,"01.07.2025 - Jim Causey",Music,120,173567,"Jim Causey","Jan 7, 2025","10:59:04 PM",2025-01-07T22:59:04-0800,"Ben Babbitt","Nameless Interiors","Kentucky Route Zero (Original Soundtrack)",2:04,,TCAEQ2003816,,,2020,,,"Annapurna Interactive",859736913586
"Jan 7, 2025","10:30:00 PM",2025-01-07T22:30:00-0800,"01.07.2025 - Jim Causey",Music,120,173567,"Jim Causey","Jan 7, 2025","10:54:05 PM",2025-01-07T22:54:05-0800,"White Lies","As I Try Not To Fall Apart","As I Try Not To Fall Apart",4:59,,GBENL2103083,,,2021,,,[PIAS],5400863067236
"Jan 7, 2025","10:30:00 PM",2025-01-07T22:30:00-0800,"01.07.2025 - Jim Causey",Music,120,173567,"Jim Causey","Jan 7, 2025","10:50:31 PM",2025-01-07T22:50:31-0800,"Small Black",Breathless,"Limits of Desire",3:46,,US38Y1320805,,,2013,,,Jagjaguwar,0656605220864
"Jan 7, 2025","10:30:00 PM",2025-01-07T22:30:00-0800,"01.07.2025 - Jim Causey",Music,120,173567,"Jim Causey","Jan 7, 2025","10:46:35 PM",2025-01-07T22:46:35-0800,Brothertiger,"Everybody Wants to Rule the World","Brothertiger Plays: Tears for Fears' Songs from the Big Chair",4:21,,QM4TX1760780,,,2017,,,"Reimagine Music",0191018747817
"Jan 7, 2025","10:30:00 PM",2025-01-07T22:30:00-0800,"01.07.2025 - Jim Causey",Music,120,173567,"Jim Causey","Jan 7, 2025","10:45:00 PM",2025-01-07T22:45:00-0800,"Japanese Breakfast","Main Menu","Sable (Original Video Game Soundtrack)",1:04,,USQX92101279,,L,2021,,,Masterworks,886449206308
"Jan 7, 2025","10:30:00 PM",2025-01-07T22:30:00-0800,"01.07.2025 - Jim Causey",Music,120,173567,"Jim Causey","Jan 7, 2025","10:38:45 PM",2025-01-07T22:38:45-0800,"Tame Impala","Breathe Deeper","The Slow Rush",6:13,,AUUM71900929,,,2020,,,"Universal Music Australia Pty. Ltd.",00602508571893
"Jan 7, 2025","10:30:00 PM",2025-01-07T22:30:00-0800,"01.07.2025 - Jim Causey",Music,120,173567,"Jim Causey","Jan 7, 2025","10:34:29 PM",2025-01-07T22:34:29-0800,"Roxy Music","The Space Between",Avalon,4:30,,GBAAA9900093,,,2000,,,"EG Records",00724384746056
"Jan 7, 2025","10:30:00 PM",2025-01-07T22:30:00-0800,"01.07.2025 - Jim Causey",Music,120,173567,"Jim Causey","Jan 7, 2025","10:30:37 PM",2025-01-07T22:30:37-0800,NAVVI,Ultimae,V,4:04,,GBHLW2300287,,L,2023,,,"Hush Hush",5056321686466
"Dec 31, 2024","10:30:00 PM",2024-12-31T22:30:00-0800,"12.31.2024 - Jim Causey",Music,120,173567,"Jim Causey","Jan 1, 2025","12:29:13 AM",2025-01-01T00:29:13-0800,"Noble Oak",Eveningstar,"When It Finds You",4:00,,CAL452326611,,,2023,,,"Last Gang",0634164926632
"Dec 31, 2024","10:30:00 PM",2024-12-31T22:30:00-0800,"12.31.2024 - Jim Causey",Music,120,173567,"Jim Causey","Jan 1, 2025","12:17:35 AM",2025-01-01T00:17:35-0800,"Daryl Groetsch","Gardens in Glass","Gardens in Glass",9:36,,USHM22399536,,,2023,,,"Daryl Groetsch",0712179450271
"Dec 31, 2024","10:30:00 PM",2024-12-31T22:30:00-0800,"12.31.2024 - Jim Causey",Music,120,173567,"Jim Causey","Dec 31, 2024","11:59:01 PM",2024-12-31T23:59:01-0800,"Fog Net","Polymer Field",Headlands,5:01,,USHM22349619,,,2023,,,"Bathysphere Records",0198015301479
"Dec 31, 2024","10:30:00 PM",2024-12-31T22:30:00-0800,"12.31.2024 - Jim Causey",Music,120,173567,"Jim Causey","Dec 31, 2024","11:48:35 PM",2024-12-31T23:48:35-0800,Saloli,Barcarolle,"The Deep End",4:42,,USNCB1821401,,,2018,,,kranky,0796441821426
"Dec 31, 2024","10:30:00 PM",2024-12-31T22:30:00-0800,"12.31.2024 - Jim Causey",Music,120,173567,"Jim Causey","Dec 31, 2024","11:29:56 PM",2024-12-31T23:29:56-0800,Redshift,Fuel,"Wild 2",19:37,,GBKPL1026616,,,2010,,,"Distant Sun",0842108059975
"Dec 31, 2024","10:30:00 PM",2024-12-31T22:30:00-0800,"12.31.2024 - Jim Causey",Music,120,173567,"Jim Causey","Dec 31, 2024","11:28:09 PM",2024-12-31T23:28:09-0800,"Steve Roach","Halcyon Days","Halcyon Days",10:20,,USAKS0600386,,,2024,,,"Valley Entertainment",0025041107228
"Dec 31, 2024","10:30:00 PM",2024-12-31T22:30:00-0800,"12.31.2024 - Jim Causey",Music,120,173567,"Jim Causey","Dec 31, 2024","11:16:54 PM",2024-12-31T23:16:54-0800,"Javier Nero","Kemet (The Black Land)","Kemet (The Black Land)",10:34,,QM3JE2302429,,,2023,,,"Outside In Music",0197773057703
"Dec 31, 2024","10:30:00 PM",2024-12-31T22:30:00-0800,"12.31.2024 - Jim Causey",Music,120,173567,"Jim Causey","Dec 31, 2024","10:59:36 PM",2024-12-31T22:59:36-0800,Iceblink,Healer,"Carpet Cocoon",3:51,,USA2P2000123,,,2020,,,"Moon Glyph",0192641420900
"Dec 31, 2024","10:30:00 PM",2024-12-31T22:30:00-0800,"12.31.2024 - Jim Causey",Music,120,173567,"Jim Causey","Dec 31, 2024","10:55:24 PM",2024-12-31T22:55:24-0800,"David Arkenstone","The Icy Brook Finds Its Way","The Icy Brook Finds Its Way",4:12,,QM3DF2264247,,,2023,,,"QDV Music",0197644887187
"Dec 31, 2024","10:30:00 PM",2024-12-31T22:30:00-0800,"12.31.2024 - Jim Causey",Music,120,173567,"Jim Causey","Dec 31, 2024","10:51:31 PM",2024-12-31T22:51:31-0800,"Makaya McCraven","The Fours","The Fours",3:26,,QM84B2259002,,,2022,,,"International Anthem Recording Co.",0075597907490
"Dec 31, 2024","10:30:00 PM",2024-12-31T22:30:00-0800,"12.31.2024 - Jim Causey",Music,120,173567,"Jim Causey","Dec 31, 2024","10:49:38 PM",2024-12-31T22:49:38-0800,"Nathan Kawanishi","Opulence 02","Opulence 02",2:11,,CAN112301149,,,2023,,,"Nettwerk Music Group",0067003550062
"Dec 24, 2024","10:30:00 PM",2024-12-24T22:30:00-0800,"12.24.2024 - Jim Causey",Music,120,173567,"Jim Causey","Dec 25, 2024","12:20:21 AM",2024-12-25T00:20:21-0800,"Ray Lynch","Drifted In A Deeper Land","No Blue Thing",7:27,,USAUQ0500018,,,2005,,,"Ray Lynch Productions",0735371111924
"Dec 24, 2024","10:30:00 PM",2024-12-24T22:30:00-0800,"12.24.2024 - Jim Causey",Music,120,173567,"Jim Causey","Dec 25, 2024","12:14:22 AM",2024-12-25T00:14:22-0800,"David Darling & Ketil Bjørnstad","The River VII","The River",7:42,,DEB339559307,,,1997,,,,
"Dec 24, 2024","10:30:00 PM",2024-12-24T22:30:00-0800,"12.24.2024 - Jim Causey",Music,120,173567,"Jim Causey","Dec 25, 2024","12:03:43 AM",2024-12-25T00:03:43-0800,"Jeff Greinke","Late Rain at the Station",Oceanic,5:48,,USHK92441707,,,2024,,,Projekt,0617026041728
"Dec 24, 2024","10:30:00 PM",2024-12-24T22:30:00-0800,"12.24.2024 - Jim Causey",Music,120,173567,"Jim Causey","Dec 24, 2024","11:57:57 PM",2024-12-24T23:57:57-0800,"Sumner James, Robert Chamberlain, Volcano Lazerbeam & Saroon",Bathypalegic,"Dive 1: Refraction",5:19,,USCGH2440952,,,2024,,,"Bathysphere Records",0198015301547
"Dec 24, 2024","10:30:00 PM",2024-12-24T22:30:00-0800,"12.24.2024 - Jim Causey",Music,120,173567,"Jim Causey","Dec 24, 2024","11:50:20 PM",2024-12-24T23:50:20-0800,"Nacht Plank","Lorotheato (Moss Garden Repaint)","Psychology of Religion and Understanding Saint Catherine",7:54,,UK4761600030,,,,,,,5056052705948
"Dec 24, 2024","10:30:00 PM",2024-12-24T22:30:00-0800,"12.24.2024 - Jim Causey",Music,120,173567,"Jim Causey","Dec 24, 2024","11:43:08 PM",2024-12-24T23:43:08-0800,"Steve Roach","The Desert Winds of Change, Pt. 3","The Desert Winds of Change",7:36,,USHK92405203,,,2024,,,"Timeroom Editions",0617026305226
"Dec 24, 2024","10:30:00 PM",2024-12-24T22:30:00-0800,"12.24.2024 - Jim Causey",Music,120,173567,"Jim Causey","Dec 24, 2024","11:36:22 PM",2024-12-24T23:36:22-0800,"Hollan Holmes","Drawn To An Intangible Energy","Sacred Places",6:37,,USSP52444025,,,2024,,,"Spotted Peccary",0600028440323
"Dec 24, 2024","10:30:00 PM",2024-12-24T22:30:00-0800,"12.24.2024 - Jim Causey",Music,120,173567,"Jim Causey","Dec 24, 2024","11:28:42 PM",2024-12-24T23:28:42-0800,"Grizzly Bear","Sleeping Ute (Nicolas Jaar Remix)","Brian Eno x Nicolas Jaar x Grizzly Bear",7:41,,GBBPW1300001,,,2013,,,"Warp Records",0801061321338
"Dec 24, 2024","10:30:00 PM",2024-12-24T22:30:00-0800,"12.24.2024 - Jim Causey",Music,120,173567,"Jim Causey","Dec 24, 2024","11:08:49 PM",2024-12-24T23:08:49-0800,"Byron Metcalf","A Teacher Appears","Kali Raga",10:39,,USHK92430201,,,2024,,,Projekt:Archive,0617026230221
"Dec 24, 2024","10:30:00 PM",2024-12-24T22:30:00-0800,"12.24.2024 - Jim Causey",Music,120,173567,"Jim Causey","Dec 24, 2024","11:05:52 PM",2024-12-24T23:05:52-0800,naafi,Magnolia,UVA,2:58,,QM4TW2409607,,,2024,,,naafi,0197190864328
"Dec 24, 2024","10:30:00 PM",2024-12-24T22:30:00-0800,"12.24.2024 - Jim Causey",Music,120,173567,"Jim Causey","Dec 24, 2024","11:02:58 PM",2024-12-24T23:02:58-0800,"Conchúr White","Red House Parlour","Swirling Violets",2:55,,GBBRP2301100,,,2024,,,"Bella Union",5400863148737
"Dec 24, 2024","10:30:00 PM",2024-12-24T22:30:00-0800,"12.24.2024 - Jim Causey",Music,120,173567,"Jim Causey","Dec 24, 2024","10:59:00 PM",2024-12-24T22:59:00-0800,FUNERALHOMES,"Santa Cruz",Haunts,4:03,,QZMEM2116227,,,2021,,,"Palmer House",0196398627711
"Dec 24, 2024","10:30:00 PM",2024-12-24T22:30:00-0800,"12.24.2024 - Jim Causey",Music,120,173567,"Jim Causey","Dec 24, 2024","10:53:48 PM",2024-12-24T22:53:48-0800,"Bandai Namco Game Music","Walking on a Star!","Katamari Damacy (Original Soundtrack) -Katamari Fortissimo Damacy",3:12,,JPX832004654,,,2024,,,"Bandai Namco Game Music",4582747891920
"Dec 24, 2024","10:30:00 PM",2024-12-24T22:30:00-0800,"12.24.2024 - Jim Causey",Music,120,173567,"Jim Causey","Dec 24, 2024","10:49:59 PM",2024-12-24T22:49:59-0800,Azymuth,"Queit Storm","Azymuth JID004",4:22,,QM9K31201498,,,2021,,,"Jazz Is Dead",0195039612154
"Dec 24, 2024","10:30:00 PM",2024-12-24T22:30:00-0800,"12.24.2024 - Jim Causey",Music,120,173567,"Jim Causey","Dec 24, 2024","10:45:28 PM",2024-12-24T22:45:28-0800,新时代轻音乐团,"My Love",天空仙境,4:35,,FR2X42376697,,,1996,,,Gallery,3617056065685
"Dec 24, 2024","10:30:00 PM",2024-12-24T22:30:00-0800,"12.24.2024 - Jim Causey",Music,120,173567,"Jim Causey","Dec 24, 2024","10:37:51 PM",2024-12-24T22:37:51-0800,MG,"Europa Hymn","Europa Hymn",3:16,,GBR8R1400089,,,2015,,,"Mute (Artist Intelligence)",0724596962350
"Dec 24, 2024","10:30:00 PM",2024-12-24T22:30:00-0800,"12.24.2024 - Jim Causey",Music,120,173567,"Jim Causey","Dec 24, 2024","10:34:03 PM",2024-12-24T22:34:03-0800,TwilighTriforce,"Snow Bell Bop","Back to Work",4:50,,CACWV2214728,,,2022,,,TwilighTriforce,0692531304964
"Dec 17, 2024","10:30:00 PM",2024-12-17T22:30:00-0800,"12.17.2024 - Jim Causey",Music,120,173567,"Jim Causey","Dec 18, 2024","12:29:52 AM",2024-12-18T00:29:52-0800,"Massive Attack","Safe from Harm - 2012 Mix/Master","Blue Lines",5:19,,GBAAA1200644,,,2012,,,"Virgin Catalogue",05099923203853
"Dec 17, 2024","10:30:00 PM",2024-12-17T22:30:00-0800,"12.17.2024 - Jim Causey",Music,120,173567,"Jim Causey","Dec 18, 2024","12:25:33 AM",2024-12-18T00:25:33-0800,Gwenno,"Men an Toll","Men an Toll",1:33,,GBPVV2004030,,,2022,,,"Heavenly Recordings",5400863073275
"Dec 17, 2024","10:30:00 PM",2024-12-17T22:30:00-0800,"12.17.2024 - Jim Causey",Music,120,173567,"Jim Causey","Dec 18, 2024","12:25:13 AM",2024-12-18T00:25:13-0800,"Billy Cobham",Stratus,Spectrum,9:50,,USAT20180384,,,1900,,,"Atlantic Records",0081227351922
"Dec 17, 2024","10:30:00 PM",2024-12-17T22:30:00-0800,"12.17.2024 - Jim Causey",Music,120,173567,"Jim Causey","Dec 18, 2024","12:03:29 AM",2024-12-18T00:03:29-0800,"Emma Ruth Rundle","Oslo, Pt. 1","Electric Guitar: One",5:42,,TCACG1567664,,,2015,,,"The Errant Child",0859715041439
"Dec 17, 2024","10:30:00 PM",2024-12-17T22:30:00-0800,"12.17.2024 - Jim Causey",Music,120,173567,"Jim Causey","Dec 17, 2024","11:58:13 PM",2024-12-17T23:58:13-0800,KaraffaSound,"Last Man Home","Last Man Home",5:44,,QZK6M2461998,,,2024,,,KaraffaSound,0198474672516
"Dec 17, 2024","10:30:00 PM",2024-12-17T22:30:00-0800,"12.17.2024 - Jim Causey",Music,120,173567,"Jim Causey","Dec 17, 2024","11:52:36 PM",2024-12-17T23:52:36-0800,SUSS,Flight,Flight,5:42,,USWEX2400023,,,2024,,,"Northern Spy",0634457175914
"Dec 17, 2024","10:30:00 PM",2024-12-17T22:30:00-0800,"12.17.2024 - Jim Causey",Music,120,173567,"Jim Causey","Dec 17, 2024","11:50:16 PM",2024-12-17T23:50:16-0800,"Lyndsie Alguire","flowers and ruins","flowers and ruins",2:29,,GBHLW2401143,,,2024,,,"Hush Hush",5056688829391
"Dec 17, 2024","10:30:00 PM",2024-12-17T22:30:00-0800,"12.17.2024 - Jim Causey",Music,120,173567,"Jim Causey","Dec 17, 2024","11:36:23 PM",2024-12-17T23:36:23-0800,"Point Surrender",lakeside,"Mark II",5:28,,GX3HH2425873,,,2024,,,"Cyclical Dreams",5063535322844
"Dec 17, 2024","10:30:00 PM",2024-12-17T22:30:00-0800,"12.17.2024 - Jim Causey",Music,120,173567,"Jim Causey","Dec 17, 2024","11:28:03 PM",2024-12-17T23:28:03-0800,"Dreamstate Logic","Cosmic Legacy","Cosmic Legacy",8:21,,QZPLR2417848,,,2024,,,"Dreamstate Logic",0198671585619
"Dec 17, 2024","10:30:00 PM",2024-12-17T22:30:00-0800,"12.17.2024 - Jim Causey",Music,120,173567,"Jim Causey","Dec 17, 2024","11:23:46 PM",2024-12-17T23:23:46-0800,"Brian Eno","You Don't Miss Your Water - From ""Married To The Mob""","Brian Eno - Film Music 1976 ~ 2020",3:46,,GB2DY2000321,,,2020,,,"UMC (Universal Music Catalogue)",00602507357399
"Dec 17, 2024","10:30:00 PM",2024-12-17T22:30:00-0800,"12.17.2024 - Jim Causey",Music,120,173567,"Jim Causey","Dec 17, 2024","11:18:44 PM",2024-12-17T23:18:44-0800,"Dead Can Dance","American Dreaming - Live at The Mayfair Theatre",Wake,4:30,,GBAFL9400131,,,2002,,,4AD,5059638080361
"Dec 17, 2024","10:30:00 PM",2024-12-17T22:30:00-0800,"12.17.2024 - Jim Causey",Music,120,173567,"Jim Causey","Dec 17, 2024","11:14:36 PM",2024-12-17T23:14:36-0800,Hooverphonic,Autoharp,"The Magnificent Tree",4:21,,BEU010001060,,,2013,,,Columbia/Legacy,0886443186392
"Dec 17, 2024","10:30:00 PM",2024-12-17T22:30:00-0800,"12.17.2024 - Jim Causey",Music,120,173567,"Jim Causey","Dec 17, 2024","10:59:08 PM",2024-12-17T22:59:08-0800,ACTORS,"Dead Inside","Dead Inside",3:30,,QM6P42415147,,,2024,,,"Artoffact Records",
"Dec 17, 2024","10:30:00 PM",2024-12-17T22:30:00-0800,"12.17.2024 - Jim Causey",Music,120,173567,"Jim Causey","Dec 17, 2024","10:58:11 PM",2024-12-17T22:58:11-0800,AeTopus,Umbrella,"Memories of the Elder",1:22,,USHM80592445,,,2002,,,"12Ton Productions",0737885339528
"Dec 17, 2024","10:30:00 PM",2024-12-17T22:30:00-0800,"12.17.2024 - Jim Causey",Music,120,173567,"Jim Causey","Dec 17, 2024","10:51:08 PM",2024-12-17T22:51:08-0800,Curses,"Another Heaven","Another Heaven",7:07,,QZAKB2402306,,,2024,,,"Italians Do It Better",0196429687981
"Dec 17, 2024","10:30:00 PM",2024-12-17T22:30:00-0800,"12.17.2024 - Jim Causey",Music,120,173567,"Jim Causey","Dec 17, 2024","10:47:23 PM",2024-12-17T22:47:23-0800,TR/ST,"All At Once","All at Once",3:46,,QZJCP2400014,,,2024,,,"Dais Records",0683950557932
"Dec 17, 2024","10:30:00 PM",2024-12-17T22:30:00-0800,"12.17.2024 - Jim Causey",Music,120,173567,"Jim Causey","Dec 17, 2024","10:42:06 PM",2024-12-17T22:42:06-0800,"Drab Majesty","Cold Souls","Cold Souls",5:30,,QM4TW1683742,,,2016,,,"Dais Records",0191018378363
"Dec 17, 2024","10:30:00 PM",2024-12-17T22:30:00-0800,"12.17.2024 - Jim Causey",Music,120,173567,"Jim Causey","Dec 17, 2024","10:36:30 PM",2024-12-17T22:36:30-0800,"Pure Bathing Culture","The Child",Chalice,4:16,,QMBZ92393945,,,2023,,,"First City Artists",0197189563348
"Dec 10, 2024","10:30:00 PM",2024-12-10T22:30:00-0800,"12.10.2024 - Jim Causey",Music,120,173567,"Jim Causey","Dec 11, 2024","12:21:46 AM",2024-12-11T00:21:46-0800,latome2,"The Left Hand of Darkness","II n'y aura jamais",11:17,,GX5MY2319442,,,2024,,,"Cyclical Dreams",5063440638276
"Dec 10, 2024","10:30:00 PM",2024-12-10T22:30:00-0800,"12.10.2024 - Jim Causey",Music,120,173567,"Jim Causey","Dec 11, 2024","12:17:30 AM",2024-12-11T00:17:30-0800,"John Scott Shepherd","Gental Thoughts","Corridors Of The Mind",4:30,,GX38U2445380,,,2024,,,"Cyclical Dreams",5063501263768
"Dec 10, 2024","10:30:00 PM",2024-12-10T22:30:00-0800,"12.10.2024 - Jim Causey",Music,120,173567,"Jim Causey","Dec 11, 2024","12:07:26 AM",2024-12-11T00:07:26-0800,"Color of Time","When Will We Learn?",II,4:38,,QZNWZ2489290,,,2024,,,"Past Inside The Present",0198671820833
"Dec 10, 2024","10:30:00 PM",2024-12-10T22:30:00-0800,"12.10.2024 - Jim Causey",Music,120,173567,"Jim Causey","Dec 11, 2024","12:02:17 AM",2024-12-11T00:02:17-0800,Shadowfax,"New Electric India","Pure Shadowfax",5:12,,USWH18301005,,,1991,,,"Windham Hill Records",0019341110422
"Dec 10, 2024","10:30:00 PM",2024-12-10T22:30:00-0800,"12.10.2024 - Jim Causey",Music,120,173567,"Jim Causey","Dec 10, 2024","11:55:42 PM",2024-12-10T23:55:42-0800,"Cool Maritime","Temporal Dryft","Temporal Dryft",6:46,,US78L2224003,,,2022,,,"Western Vinyl",0617308025644
"Dec 10, 2024","10:30:00 PM",2024-12-10T22:30:00-0800,"12.10.2024 - Jim Causey",Music,120,173567,"Jim Causey","Dec 10, 2024","11:50:52 PM",2024-12-10T23:50:52-0800,Kitaro,Reincarnation,"Silk Road Vol. 2",4:17,,,,,,,,,
"Dec 10, 2024","10:30:00 PM",2024-12-10T22:30:00-0800,"12.10.2024 - Jim Causey",Music,120,173567,"Jim Causey","Dec 10, 2024","11:50:47 PM",2024-12-10T23:50:47-0800,Kitaro,"Saisei (Kagirinai Entaku)","Silk Road - Shichuu no Michi - II",4:23,,JPPC08000460,,,2011,,,Leafage,4988013390812
"Dec 10, 2024","10:30:00 PM",2024-12-10T22:30:00-0800,"12.10.2024 - Jim Causey",Music,120,173567,"Jim Causey","Dec 10, 2024","11:44:39 PM",2024-12-10T23:44:39-0800,"Paul Ellis","Waves for Durga","Moth in Flames",6:17,,USSP51529008,,,2015,,,"Spotted Peccary",0600028290126
"Dec 10, 2024","10:30:00 PM",2024-12-10T22:30:00-0800,"12.10.2024 - Jim Causey",Music,120,173567,"Jim Causey","Dec 10, 2024","11:21:30 PM",2024-12-10T23:21:30-0800,"S1gns Of L1fe","Alchemy of the Infinite","Portal to Transcendence",10:04,,ushm22472836,,,2024,,,Synphaera,
"Dec 10, 2024","10:30:00 PM",2024-12-10T22:30:00-0800,"12.10.2024 - Jim Causey",Music,120,173567,"Jim Causey","Dec 10, 2024","11:15:09 PM",2024-12-10T23:15:09-0800,"Erik Wøllo",Equator,"Crossing the Equator",7:08,,USHK92431202,,,2024,,,Projekt:Archive,
"Dec 10, 2024","10:30:00 PM",2024-12-10T22:30:00-0800,"12.10.2024 - Jim Causey",Music,120,173567,"Jim Causey","Dec 10, 2024","10:56:44 PM",2024-12-10T22:56:44-0800,"Cowboy Junkies","The Summer Of Discontent","Miles From Our Home",4:35,,USGF19820108,,,1998,,,Geffen,00720642522929
"Dec 10, 2024","10:30:00 PM",2024-12-10T22:30:00-0800,"12.10.2024 - Jim Causey",Music,120,173567,"Jim Causey","Dec 10, 2024","10:49:21 PM",2024-12-10T22:49:21-0800,"Natalie Prass","Short Court Style","Short Court Style",3:43,,USATO1800040,,,2018,,,"ATO Records (AT0)",
"Dec 10, 2024","10:30:00 PM",2024-12-10T22:30:00-0800,"12.10.2024 - Jim Causey",Music,120,173567,"Jim Causey","Dec 10, 2024","10:45:42 PM",2024-12-10T22:45:42-0800,"Pure Bathing Culture","Black Starling","Night Pass",3:48,,QZDZU1800004,,,2019,,,"Infinite Companion",0192641263392
"Dec 10, 2024","10:30:00 PM",2024-12-10T22:30:00-0800,"12.10.2024 - Jim Causey",Music,120,173567,"Jim Causey","Dec 10, 2024","10:41:18 PM",2024-12-10T22:41:18-0800,"Tara Clerkin Trio","The Turning Ground","The Turning Ground",4:25,,QMBZ92367750,,,2023,,,"World of Echo",0197189579387
"Dec 10, 2024","10:30:00 PM",2024-12-10T22:30:00-0800,"12.10.2024 - Jim Causey",Music,120,173567,"Jim Causey","Dec 10, 2024","10:35:24 PM",2024-12-10T22:35:24-0800,"Jorja Smith","Rose Rouge","Rose Rouge",5:58,,GBUM71906390,,,2020,,,"Decca (UMO)",00602507198787
"Dec 3, 2024","10:30:00 PM",2024-12-03T22:30:00-0800,"12.03.2024 - Jim Causey",Music,120,173567,"Jim Causey","Dec 4, 2024","12:18:31 AM",2024-12-04T00:18:31-0800,"André 3000","I swear, I Really Wanted To Make A ""Rap"" Album But This Is Literally The Way The Wind Blew Me This Time","New Blue Sun",12:20,,USSM12305448,,,2023,,,Epic,0196589963802
"Dec 3, 2024","10:30:00 PM",2024-12-03T22:30:00-0800,"12.03.2024 - Jim Causey",Music,120,173567,"Jim Causey","Dec 4, 2024","12:14:39 AM",2024-12-04T00:14:39-0800,"Domenica Diavoleria",Tress,"Orange Clearing",3:47,,QZMER2447576,,,2024,,,"Eiderdown Records",0198677776127
"Dec 3, 2024","10:30:00 PM",2024-12-03T22:30:00-0800,"12.03.2024 - Jim Causey",Music,120,173567,"Jim Causey","Dec 4, 2024","12:06:13 AM",2024-12-04T00:06:13-0800,"Serena Gabriel","Gentle Landing","The Saffron Sky",8:44,,USHK92342603,,,2024,,,"Soundquest Music",0617026342627
"Dec 3, 2024","10:30:00 PM",2024-12-03T22:30:00-0800,"12.03.2024 - Jim Causey",Music,120,173567,"Jim Causey","Dec 3, 2024","11:44:28 PM",2024-12-03T23:44:28-0800,"Paul Ellis","Three Trajectories I","Three Trajectories",10:00,,,,,,,,,
"Dec 3, 2024","10:30:00 PM",2024-12-03T22:30:00-0800,"12.03.2024 - Jim Causey",Music,120,173567,"Jim Causey","Dec 3, 2024","11:39:21 PM",2024-12-03T23:39:21-0800,"Michael Gettel",Wellspring,Skywatching,5:04,,USNA19314687,,,1993,,,Narada,00083616302553
"Dec 3, 2024","10:30:00 PM",2024-12-03T22:30:00-0800,"12.03.2024 - Jim Causey",Music,120,173567,"Jim Causey","Dec 3, 2024","11:34:19 PM",2024-12-03T23:34:19-0800,"Michael Whalen","Golden Hour","Watercolor Sky",4:32,,QZTZF2110097,,,2024,,,"Michael Whalen Music",
"Dec 3, 2024","10:30:00 PM",2024-12-03T22:30:00-0800,"12.03.2024 - Jim Causey",Music,120,173567,"Jim Causey","Dec 3, 2024","11:29:39 PM",2024-12-03T23:29:39-0800,"Peter Buffett","Empire Builder","The Waiting",4:43,,USNA18714162,,,1987,,,Narada,76742620257
"Dec 3, 2024","10:30:00 PM",2024-12-03T22:30:00-0800,"12.03.2024 - Jim Causey",Music,120,173567,"Jim Causey","Dec 3, 2024","11:22:58 PM",2024-12-03T23:22:58-0800,"Dark Sky Alliance","The Desert Mind","The Desert Mind",5:43,,USSP52448004,,,2024,,,"Spotted Peccary",0600028480121
"Dec 3, 2024","10:30:00 PM",2024-12-03T22:30:00-0800,"12.03.2024 - Jim Causey",Music,120,173567,"Jim Causey","Dec 3, 2024","11:18:25 PM",2024-12-03T23:18:25-0800,"Hello Meteor","Contour Interval","Shadow Boundaries",3:42,,QZMEQ2415606,,,2024,,,DISTROKID,0198657797289
"Dec 3, 2024","10:30:00 PM",2024-12-03T22:30:00-0800,"12.03.2024 - Jim Causey",Music,120,173567,"Jim Causey","Dec 3, 2024","11:08:47 PM",2024-12-03T23:08:47-0800,Classixx,"Hanging Gardens","Hanging Gardens",5:24,,USD8D1313001,,,2013,,,"Innovative Leisure",0810874020123
"Dec 3, 2024","10:30:00 PM",2024-12-03T22:30:00-0800,"12.03.2024 - Jim Causey",Music,120,173567,"Jim Causey","Dec 3, 2024","11:04:21 PM",2024-12-03T23:04:21-0800,"Dan Deacon","Fell Into the Ocean","Mystic Familiar",4:31,,GBCEL1900382,,,2020,,,"Domino Recording Co",0887828041992
"Dec 3, 2024","10:30:00 PM",2024-12-03T22:30:00-0800,"12.03.2024 - Jim Causey",Music,120,173567,"Jim Causey","Dec 3, 2024","10:59:23 PM",2024-12-03T22:59:23-0800,"Soft Release","Broken Number 13","Broken Number 13",4:07,,QZTB22354483,,,2023,,,"Strange Sparks",
"Dec 3, 2024","10:30:00 PM",2024-12-03T22:30:00-0800,"12.03.2024 - Jim Causey",Music,120,173567,"Jim Causey","Dec 3, 2024","10:54:46 PM",2024-12-03T22:54:46-0800,"One Dove","White Love - Radio Mix","Morning Dove White",4:40,,GBAAP9300689,,,1999,,,"London Records",0685738325665
"Dec 3, 2024","10:30:00 PM",2024-12-03T22:30:00-0800,"12.03.2024 - Jim Causey",Music,120,173567,"Jim Causey","Dec 3, 2024","10:50:51 PM",2024-12-03T22:50:51-0800,"Midnight High",True,"Swimming Lessons",3:57,,QZMER2366617,,,2023,,,DISTROKID,0197902328278
"Dec 3, 2024","10:30:00 PM",2024-12-03T22:30:00-0800,"12.03.2024 - Jim Causey",Music,120,173567,"Jim Causey","Dec 3, 2024","10:46:45 PM",2024-12-03T22:46:45-0800,Bluhm,"Midnight Hill","Midnight Hill",3:55,,QZMEM2475287,,,2024,,,"Bluhm Music",0198478488083
"Dec 3, 2024","10:30:00 PM",2024-12-03T22:30:00-0800,"12.03.2024 - Jim Causey",Music,120,173567,"Jim Causey","Dec 3, 2024","10:42:25 PM",2024-12-03T22:42:25-0800,"Electric Youth","A Real Hero",Innerworld,4:27,,TCABF1207426,,,2014,,,"Last Gang",0060270156739
"Dec 3, 2024","10:30:00 PM",2024-12-03T22:30:00-0800,"12.03.2024 - Jim Causey",Music,120,173567,"Jim Causey","Dec 3, 2024","10:36:55 PM",2024-12-03T22:36:55-0800,"Roxy Music","The Space Between",Avalon,4:30,,GBAAA9900093,,,2000,,,"EG Records",00724384746056
"Nov 26, 2024","10:30:00 PM",2024-11-26T22:30:00-0800,"11.26.2024 - Jim Causey",Music,120,173567,"Jim Causey","Nov 27, 2024","12:23:10 AM",2024-11-27T00:23:10-0800,Mattesque,"This City Softly Cries Blood","This Ambient Kills Fascists",4:24,,QZPJ32294361,,,2023,,,Mattesque,0198009354184
"Nov 26, 2024","10:30:00 PM",2024-11-26T22:30:00-0800,"11.26.2024 - Jim Causey",Music,120,173567,"Jim Causey","Nov 27, 2024","12:04:15 AM",2024-11-27T00:04:15-0800,"Liam J Boyle",Arrival,"Interdimensional Mind Traveller",7:00,,GX8LD2446019,,,2024,,,"Cyclical Dreams",5063440906733
"Nov 26, 2024","10:30:00 PM",2024-11-26T22:30:00-0800,"11.26.2024 - Jim Causey",Music,120,173567,"Jim Causey","Nov 27, 2024","12:00:49 AM",2024-11-27T00:00:49-0800,"A Covenant of Thorns","Alone In A Crowd","If The Heavens Should Fall",3:30,,USCGH0670786,,,2004,,,"A Handful of Nothing",0777215107151
"Nov 26, 2024","10:30:00 PM",2024-11-26T22:30:00-0800,"11.26.2024 - Jim Causey",Music,120,173567,"Jim Causey","Nov 26, 2024","11:55:13 PM",2024-11-26T23:55:13-0800,"Kay Gardner","Fountain Of Light: Transpersonal Chakra","A Rainbow Path",5:49,,USCGH0786334,,,1984,,,"Ladyslipper Records",0023234010324
"Nov 26, 2024","10:30:00 PM",2024-11-26T22:30:00-0800,"11.26.2024 - Jim Causey",Music,120,173567,"Jim Causey","Nov 26, 2024","11:50:46 PM",2024-11-26T23:50:46-0800,"J. McFarlane's Reality Guest",Sensory,Whoopee,4:58,,GBCK42308903,,,2024,,,"Felt Sense Recordings",5063413578486
"Nov 26, 2024","10:30:00 PM",2024-11-26T22:30:00-0800,"11.26.2024 - Jim Causey",Music,120,173567,"Jim Causey","Nov 26, 2024","11:44:05 PM",2024-11-26T23:44:05-0800,"Steve Reich","Electric Counterpoint - Fast (movement 1)","Different Trains / Electric Counterpoint",6:51,,USNO18917604,,,1900,,,Nonesuch,0075597917628
"Nov 26, 2024","10:30:00 PM",2024-11-26T22:30:00-0800,"11.26.2024 - Jim Causey",Music,120,173567,"Jim Causey","Nov 26, 2024","11:38:25 PM",2024-11-26T23:38:25-0800,"Richard N. Ahlstrom","RIDE THE NIGHT SKY","RIDE THE NIGHT SKY",5:30,,QM42K1989146,,,2020,,,"Richard N. Ahlstrom",0053000643722
"Nov 26, 2024","10:30:00 PM",2024-11-26T22:30:00-0800,"11.26.2024 - Jim Causey",Music,120,173567,"Jim Causey","Nov 26, 2024","11:34:32 PM",2024-11-26T23:34:32-0800,"David Arkenstone",Firestix,"Eternal Champion",4:02,,USNA19814348,,,1998,,,Narada,00724384544652
"Nov 26, 2024","10:30:00 PM",2024-11-26T22:30:00-0800,"11.26.2024 - Jim Causey",Music,120,173567,"Jim Causey","Nov 26, 2024","11:30:53 PM",2024-11-26T23:30:53-0800,"Robert ÆOLUS Myers","All Souls","A Retrospective",3:44,,USFN60600008,,,2017,,,"Aloha Got Soul",0840095353359
"Nov 26, 2024","10:30:00 PM",2024-11-26T22:30:00-0800,"11.26.2024 - Jim Causey",Music,120,173567,"Jim Causey","Nov 26, 2024","11:28:23 PM",2024-11-26T23:28:23-0800,"Dead Can Dance","Ariadne (Remastered)","Into the Labyrinth (Remastered)",1:54,,GBAFL0700040,,,1993,,,4AD,652637271164
"Nov 26, 2024","10:30:00 PM",2024-11-26T22:30:00-0800,"11.26.2024 - Jim Causey",Music,120,173567,"Jim Causey","Nov 26, 2024","11:24:06 PM",2024-11-26T23:24:06-0800,"Beth Gibbons",Rewind,"Lives Outgrown",4:47,,GBCEL2100655,,,2024,,,"Domino Recording Co",
"Nov 26, 2024","10:30:00 PM",2024-11-26T22:30:00-0800,"11.26.2024 - Jim Causey",Music,120,173567,"Jim Causey","Nov 26, 2024","11:20:07 PM",2024-11-26T23:20:07-0800,Afrocop,"Elegantly Deceitful Simulation","Elegantly Deceitful Simulation",3:40,,GBMJG2411945,,,2024,,,"Wax Thematique",0709388062562
"Nov 26, 2024","10:30:00 PM",2024-11-26T22:30:00-0800,"11.26.2024 - Jim Causey",Music,120,173567,"Jim Causey","Nov 26, 2024","11:16:02 PM",2024-11-26T23:16:02-0800,"Peter Gabriel","This Is The Picture (Excellent Birds)",So,4:22,,GBCPB1200870,,,2013,,,Non-Wea/Other,0825646557103
"Nov 26, 2024","10:30:00 PM",2024-11-26T22:30:00-0800,"11.26.2024 - Jim Causey",Music,120,173567,"Jim Causey","Nov 26, 2024","11:09:06 PM",2024-11-26T23:09:06-0800,"New Order","Temptation '87 - 2023 Digital Master","Substance (2023 Expanded Reissue)",6:59,,GBCRL2300176,,,2023,,,Rhino,5054197790454
"Nov 26, 2024","10:30:00 PM",2024-11-26T22:30:00-0800,"11.26.2024 - Jim Causey",Music,120,173567,"Jim Causey","Nov 26, 2024","11:04:43 PM",2024-11-26T23:04:43-0800,"Cold Cave","Night Light","Night Light",4:29,,US25X2100887,,,2021,,,"Heartworm Press",0669158554423
"Nov 26, 2024","10:30:00 PM",2024-11-26T22:30:00-0800,"11.26.2024 - Jim Causey",Music,120,173567,"Jim Causey","Nov 26, 2024","11:01:04 PM",2024-11-26T23:01:04-0800,ACTORS,"In Real Life","In Real Life",3:13,,QM4TX2437688,,,2024,,,"Artoffact Records",0198391418259
"Nov 26, 2024","10:30:00 PM",2024-11-26T22:30:00-0800,"11.26.2024 - Jim Causey",Music,120,173567,"Jim Causey","Nov 26, 2024","10:51:47 PM",2024-11-26T22:51:47-0800,"School Of Seven Bells","Heart Is Strange","Disconnect from Desire",5:01,,USVR91059702,,,2017,,,"Vagrant Records",0859381025313
"Nov 26, 2024","10:30:00 PM",2024-11-26T22:30:00-0800,"11.26.2024 - Jim Causey",Music,120,173567,"Jim Causey","Nov 26, 2024","10:47:14 PM",2024-11-26T22:47:14-0800,"Rue Oberkampf",Glycine,Christophe-Philippe,4:41,,TCAEL1922925,,,2019,,,"Young and cold Records",0859734817589
"Nov 26, 2024","10:30:00 PM",2024-11-26T22:30:00-0800,"11.26.2024 - Jim Causey",Music,120,173567,"Jim Causey","Nov 26, 2024","10:41:27 PM",2024-11-26T22:41:27-0800,"Still Corners","The Dream","The Dream",4:50,,QZCWY2300003,,,2024,,,"Wrecking Light Records",3617381774672
"Nov 26, 2024","10:30:00 PM",2024-11-26T22:30:00-0800,"11.26.2024 - Jim Causey",Music,120,173567,"Jim Causey","Nov 26, 2024","10:38:54 PM",2024-11-26T22:38:54-0800,"The Handsome Family","Far From Any Road","Singing Bones",2:48,,US2X80436005,,,2020,,,"Harvest Records (US1A)",00602547451613
"Nov 26, 2024","10:30:00 PM",2024-11-26T22:30:00-0800,"11.26.2024 - Jim Causey",Music,120,173567,"Jim Causey","Nov 26, 2024","10:34:47 PM",2024-11-26T22:34:47-0800,"Echo of the Low Light",Disco,Disco,4:16,,QZWFF2341396,,,2023,,,DISTROKID,0840080910581
"Nov 26, 2024","10:30:00 PM",2024-11-26T22:30:00-0800,"11.26.2024 - Jim Causey",Music,120,173567,"Jim Causey","Nov 26, 2024","10:31:12 PM",2024-11-26T22:31:12-0800,"The MIDI Janitor","Far Speak","Holy To Dogs",4:02,,QZMEQ2477992,,,2024,,,"Staff Meal Recordings",0198094404214
"Nov 12, 2024","10:30:00 PM",2024-11-12T22:30:00-0800,"11.12.2024 - Jim Causey",Music,120,173567,"Jim Causey","Nov 13, 2024","12:21:23 AM",2024-11-13T00:21:23-0800,Raica,Entridam,Dose,6:19,,DEPL91498988,,,2015,,,"Further Records",0827170481589
"Nov 12, 2024","10:30:00 PM",2024-11-12T22:30:00-0800,"11.12.2024 - Jim Causey",Music,120,173567,"Jim Causey","Nov 13, 2024","12:05:07 AM",2024-11-13T00:05:07-0800,"Kaitlyn Aurelia Smith","Retrograde - Bonus Track","FRKWYS Vol. 13: Sunergy",18:20,,US6PQ1600011,,,2023,,,"RVNG Intl.",0747742385599
"Nov 12, 2024","10:30:00 PM",2024-11-12T22:30:00-0800,"11.12.2024 - Jim Causey",Music,120,173567,"Jim Causey","Nov 12, 2024","11:57:55 PM",2024-11-12T23:57:55-0800,Saloli,Nighthawk,Canyon,7:14,,USNCB2323807,,,2023,,,kranky,0796441823826
"Nov 12, 2024","10:30:00 PM",2024-11-12T22:30:00-0800,"11.12.2024 - Jim Causey",Music,120,173567,"Jim Causey","Nov 12, 2024","11:54:16 PM",2024-11-12T23:54:16-0800,Grouper,Driving,"Grid of Points",3:48,,USNCB1821703,,,2018,,,kranky,0796441821723
"Nov 12, 2024","10:30:00 PM",2024-11-12T22:30:00-0800,"11.12.2024 - Jim Causey",Music,120,173567,"Jim Causey","Nov 12, 2024","11:28:49 PM",2024-11-12T23:28:49-0800,"Siren and the Sea","Probably Hawai'i","Gravity Wave",3:34,,USDY42320919,,,2023,,,"Bathysphere Records",0198015967583
"Nov 12, 2024","10:30:00 PM",2024-11-12T22:30:00-0800,"11.12.2024 - Jim Causey",Music,120,173567,"Jim Causey","Nov 12, 2024","11:23:04 PM",2024-11-12T23:23:04-0800,"Patricia Wolf","The Culmination Of","I'll Look For You In Others",5:46,,QZTAT2113552,,,2022,,,"Past Inside the Present",0196623148721
"Nov 12, 2024","10:30:00 PM",2024-11-12T22:30:00-0800,"11.12.2024 - Jim Causey",Music,120,173567,"Jim Causey","Nov 12, 2024","11:18:39 PM",2024-11-12T23:18:39-0800,Enya,"Orinoco Flow","Themes From ""Calmi Cuori Appassionati""",4:26,,GBAHT0200057,,,2005,,,"Rhino/Warner Bros.",0081227779863
"Nov 12, 2024","10:30:00 PM",2024-11-12T22:30:00-0800,"11.12.2024 - Jim Causey",Music,120,173567,"Jim Causey","Nov 12, 2024","11:15:09 PM",2024-11-12T23:15:09-0800,"Wendy Carlos","I.C. (Intergalactic Communications)","Digital Moonscapes",3:43,,,,,1984,,,"East Side Digital",
"Nov 12, 2024","10:30:00 PM",2024-11-12T22:30:00-0800,"11.12.2024 - Jim Causey",Music,120,173567,"Jim Causey","Nov 12, 2024","11:07:36 PM",2024-11-12T23:07:36-0800,"Pauline Anna Strom","Alpine Flight","Alpine Flight",7:31,,US6PQ2300205,,,2023,,,"RVNG INTL.",0747742386312
"Nov 12, 2024","10:30:00 PM",2024-11-12T22:30:00-0800,"11.12.2024 - Jim Causey",Music,120,173567,"Jim Causey","Nov 12, 2024","11:04:01 PM",2024-11-12T23:04:01-0800,"Doris Norton","Norton Apple Software","Personal Computer",6:25,,ITI431000321,,,1984,,,"Musik Research",0887845619761
"Nov 12, 2024","10:30:00 PM",2024-11-12T22:30:00-0800,"11.12.2024 - Jim Causey",Music,120,173567,"Jim Causey","Nov 12, 2024","10:59:23 PM",2024-11-12T22:59:23-0800,"Suzanne Ciani","Clean Room","Logo Presentation Reel 1985 (Instrumentals)/Octabred",2:53,,GBRNP0701163,,,2014,,,"Finders Keepers Records",5060099504990
"Nov 12, 2024","10:30:00 PM",2024-11-12T22:30:00-0800,"11.12.2024 - Jim Causey",Music,120,173567,"Jim Causey","Nov 12, 2024","10:54:26 PM",2024-11-12T22:54:26-0800,"Stephanie Sante","Jade Resonance","Clear Light",4:14,,QMAAK1879233,,,2018,,,"Sante Music",0888295794145
"Nov 12, 2024","10:30:00 PM",2024-11-12T22:30:00-0800,"11.12.2024 - Jim Causey",Music,120,173567,"Jim Causey","Nov 12, 2024","10:49:01 PM",2024-11-12T22:49:01-0800,"Sign Libra","Petrichor - Bonus Track","Closer to the Equator",5:41,,FR10S1840242,,,2018,,,Antinote,3615930279357
"Nov 12, 2024","10:30:00 PM",2024-11-12T22:30:00-0800,"11.12.2024 - Jim Causey",Music,120,173567,"Jim Causey","Nov 12, 2024","10:43:19 PM",2024-11-12T22:43:19-0800,"Carol Nethen","Island Moon","A View From The Bridge",5:19,,USNA18912462,,,1989,,,"UMG - Narada",00094635218251
"Nov 12, 2024","10:30:00 PM",2024-11-12T22:30:00-0800,"11.12.2024 - Jim Causey",Music,120,173567,"Jim Causey","Nov 12, 2024","10:38:46 PM",2024-11-12T22:38:46-0800,"Constance Demby","Waltz of Joy","Set Free",4:45,,USAKS0601224,,,2022,,,"Hearts of Space Records",0025041145428
"Nov 12, 2024","10:30:00 PM",2024-11-12T22:30:00-0800,"11.12.2024 - Jim Causey",Music,120,173567,"Jim Causey","Nov 12, 2024","10:36:41 PM",2024-11-12T22:36:41-0800,"Faten Kanaan",Trenchcoat,Afterpoem,2:12,,GBCKK2267702,,,2023,,,"Fire Records",0809236167705
"Nov 5, 2024","10:30:00 PM",2024-11-05T22:30:00-0800,"11.05.2024 - Jim Causey",Music,120,173567,"Jim Causey","Nov 6, 2024","12:29:06 AM",2024-11-06T00:29:06-0800,"Patricia Wolf","Pacific Coast Highway","Pacific Coast Highway",6:00,,DEG932201019,,,2022,,,Balmat,4062548044423
"Nov 5, 2024","10:30:00 PM",2024-11-05T22:30:00-0800,"11.05.2024 - Jim Causey",Music,120,173567,"Jim Causey","Nov 6, 2024","12:22:47 AM",2024-11-06T00:22:47-0800,"André 3000","Ants To You, Gods To Who ?","New Blue Sun",6:42,,USSM12305454,,,2023,,,Epic,0196589963802
"Nov 5, 2024","10:30:00 PM",2024-11-05T22:30:00-0800,"11.05.2024 - Jim Causey",Music,120,173567,"Jim Causey","Nov 6, 2024","12:18:37 AM",2024-11-06T00:18:37-0800,Elbow,"Mercy Street","Mercy Street",5:43,,GBCPB1000741,,,2010,,,EMI,5099964731858
"Nov 5, 2024","10:30:00 PM",2024-11-05T22:30:00-0800,"11.05.2024 - Jim Causey",Music,120,173567,"Jim Causey","Nov 6, 2024","12:11:57 AM",2024-11-06T00:11:57-0800,"Steve Roach","Stream of Thought 13","Stream of Thought",6:46,,USHK90922413,,,2008,,,Projekt,0617026022420
"Nov 5, 2024","10:30:00 PM",2024-11-05T22:30:00-0800,"11.05.2024 - Jim Causey",Music,120,173567,"Jim Causey","Nov 6, 2024","12:07:58 AM",2024-11-06T00:07:58-0800,"Leslee Smucker","fixed hills","fixed hills",4:06,,QMQQH2310783,,,2023,,,"Beacon Sound",0769791985445
"Nov 5, 2024","10:30:00 PM",2024-11-05T22:30:00-0800,"11.05.2024 - Jim Causey",Music,120,173567,"Jim Causey","Nov 6, 2024","12:03:00 AM",2024-11-06T00:03:00-0800,"Eykamp String Quartet",Athabaskan,"Alaskan Soundscapes: Music for Wrangell-St. Elias and Kenai Fjords National Parks",4:19,,US7KR2300005,,,2023,,,CORANGLAIS,0195269265373
"Nov 5, 2024","10:30:00 PM",2024-11-05T22:30:00-0800,"11.05.2024 - Jim Causey",Music,120,173567,"Jim Causey","Nov 5, 2024","11:57:57 PM",2024-11-05T23:57:57-0800,"Deborah Martin","Fort Apache Meadowlarks",Kinishba,5:34,,USSP52490005,,,2024,,,"Spotted Peccary",0600028906720
"Nov 5, 2024","10:30:00 PM",2024-11-05T22:30:00-0800,"11.05.2024 - Jim Causey",Music,120,173567,"Jim Causey","Nov 5, 2024","11:53:12 PM",2024-11-05T23:53:12-0800,"The Detroit Escalator Co.","Point Of Entry","Black Buildings",5:11,,GBEWK0100043,,,2002,,,"Peacefrog Records",5060100741406
"Nov 5, 2024","10:30:00 PM",2024-11-05T22:30:00-0800,"11.05.2024 - Jim Causey",Music,120,173567,"Jim Causey","Nov 5, 2024","11:48:10 PM",2024-11-05T23:48:10-0800,"Garden of Magic",Feel,Feel,5:05,,QZHN92440712,,,2024,,,"garden of gardens",0198469030185
"Nov 5, 2024","10:30:00 PM",2024-11-05T22:30:00-0800,"11.05.2024 - Jim Causey",Music,120,173567,"Jim Causey","Nov 5, 2024","11:42:11 PM",2024-11-05T23:42:11-0800,"Pauline Anna Strom","Morning Splendor","Trans-Millenia Consort",6:06,,US6PQ2300192,,,2023,,,"RVNG Intl.",0747742386046
"Nov 5, 2024","10:30:00 PM",2024-11-05T22:30:00-0800,"11.05.2024 - Jim Causey",Music,120,173567,"Jim Causey","Nov 5, 2024","11:38:17 PM",2024-11-05T23:38:17-0800,"Sumner James",Attenuation,"Dive 1: Refraction",4:06,,USCGH2440949,,,2024,,,"Bathysphere Records",0198015301547
"Nov 5, 2024","10:30:00 PM",2024-11-05T22:30:00-0800,"11.05.2024 - Jim Causey",Music,120,173567,"Jim Causey","Nov 5, 2024","11:34:01 PM",2024-11-05T23:34:01-0800,"Paul Speer","Rain Forest","Natural States",4:18,,USNA18513169,,,1985,,,Narada,0076742630157
"Nov 5, 2024","10:30:00 PM",2024-11-05T22:30:00-0800,"11.05.2024 - Jim Causey",Music,120,173567,"Jim Causey","Nov 5, 2024","11:30:44 PM",2024-11-05T23:30:44-0800,"Omni Gardens","Wild Marionberries","Golden Pear",3:19,,,,,2023,,,,
"Nov 5, 2024","10:30:00 PM",2024-11-05T22:30:00-0800,"11.05.2024 - Jim Causey",Music,120,173567,"Jim Causey","Nov 5, 2024","11:21:22 PM",2024-11-05T23:21:22-0800,"Caroline Polachek","Butterfly Net (feat. Weyes Blood)","Butterfly Net (feat. Weyes Blood)",5:33,,QM4TW2467782,,,2024,,,"Perpetual Novice",
"Nov 5, 2024","10:30:00 PM",2024-11-05T22:30:00-0800,"11.05.2024 - Jim Causey",Music,120,173567,"Jim Causey","Nov 5, 2024","11:11:11 PM",2024-11-05T23:11:11-0800,"Soft Release","Broken Number 13","Broken Number 13",4:06,,QZTB22354483,,,2023,,,"Strange Sparks",0872132797895
"Nov 5, 2024","10:30:00 PM",2024-11-05T22:30:00-0800,"11.05.2024 - Jim Causey",Music,120,173567,"Jim Causey","Nov 5, 2024","11:08:00 PM",2024-11-05T23:08:00-0800,"New Order","Dreams Never End",Movement,3:13,,GBAAP0200504,,,1981,,,"Warner Music UK",0093624508922
"Nov 5, 2024","10:30:00 PM",2024-11-05T22:30:00-0800,"11.05.2024 - Jim Causey",Music,120,173567,"Jim Causey","Nov 5, 2024","11:02:43 PM",2024-11-05T23:02:43-0800,"Drab Majesty","Dot in the Sky","The Demonstration",5:26,,QMBZ91673224,,,2017,,,"Dais Records",0646263945490
"Nov 5, 2024","10:30:00 PM",2024-11-05T22:30:00-0800,"11.05.2024 - Jim Causey",Music,120,173567,"Jim Causey","Nov 5, 2024","10:57:59 PM",2024-11-05T22:57:59-0800,LEATHERS,Crash,Crash,3:26,,QM4TW2429272,,,2024,,,"Artoffact Records",0628070641192
"Nov 5, 2024","10:30:00 PM",2024-11-05T22:30:00-0800,"11.05.2024 - Jim Causey",Music,120,173567,"Jim Causey","Nov 5, 2024","10:53:13 PM",2024-11-05T22:53:13-0800,"Echo And The Bunnymen","Lips Like Sugar","The Best of Echo & The Bunnymen",4:52,,GBAHT0003955,,,2006,,,"Rhino/Warner Bros.",0603497255269
"Nov 5, 2024","10:30:00 PM",2024-11-05T22:30:00-0800,"11.05.2024 - Jim Causey",Music,120,173567,"Jim Causey","Nov 5, 2024","10:49:16 PM",2024-11-05T22:49:16-0800,"Talk Talk","Such A Shame","Magic Of The Eighties",4:27,,GBAYE8400128,,,1997,,,"Parlophone UK",0724385573552
"Nov 5, 2024","10:30:00 PM",2024-11-05T22:30:00-0800,"11.05.2024 - Jim Causey",Music,120,173567,"Jim Causey","Nov 5, 2024","10:43:23 PM",2024-11-05T22:43:23-0800,Slowdive,shanty,"everything is alive",5:48,,USJ5G2323201,,,2023,,,"Dead Oceans",0656605153261
"Nov 5, 2024","10:30:00 PM",2024-11-05T22:30:00-0800,"11.05.2024 - Jim Causey",Music,120,173567,"Jim Causey","Nov 5, 2024","10:39:14 PM",2024-11-05T22:39:14-0800,"Still Corners","Midnight Drive","Strange Pleasures",4:24,,USSUB1203510,,,2013,,,"Subpop Record Group",0098787103564
"Nov 5, 2024","10:30:00 PM",2024-11-05T22:30:00-0800,"11.05.2024 - Jim Causey",Music,120,173567,"Jim Causey","Nov 5, 2024","10:34:03 PM",2024-11-05T22:34:03-0800,"Echo of the Low Light",Shipwreck,Shipwreck,4:43,,QZFZ41975964,,,2019,,,DISTROKID,0194616227439
"Oct 29, 2024","10:30:00 PM",2024-10-29T22:30:00-0700,"10.29.2024 - Jim Causey",Music,120,173567,"Jim Causey","Oct 30, 2024","12:29:20 AM",2024-10-30T00:29:20-0700,"Bacao Rhythm & Steel Band","Halloween Theme","Halloween Theme",2:38,,QZ2L62300071,,,2023,,,"Big Crown Records",0617308058222
"Oct 29, 2024","10:30:00 PM",2024-10-29T22:30:00-0700,"10.29.2024 - Jim Causey",Music,120,173567,"Jim Causey","Oct 30, 2024","12:19:19 AM",2024-10-30T00:19:19-0700,"Scott Lawlor","Crossing the Veil","Horror Films 2021",12:00,,,,,2021,,,"Aural Films",
"Oct 29, 2024","10:30:00 PM",2024-10-29T22:30:00-0700,"10.29.2024 - Jim Causey",Music,120,173567,"Jim Causey","Oct 30, 2024","12:02:19 AM",2024-10-30T00:02:19-0700,"Chuck van Zyl","News Flash","Horror Films 2021",17:00,,usl4r2053121,,,2021,,,"Aural Films",0195448725957
"Oct 29, 2024","10:30:00 PM",2024-10-29T22:30:00-0700,"10.29.2024 - Jim Causey",Music,120,173567,"Jim Causey","Oct 30, 2024","12:01:53 AM",2024-10-30T00:01:53-0700,"Buried Marie","White Night","Old Church",7:30,,CA5KR2188448,,,2023,,,Neotantra,0795397002590
"Oct 29, 2024","10:30:00 PM",2024-10-29T22:30:00-0700,"10.29.2024 - Jim Causey",Music,120,173567,"Jim Causey","Oct 29, 2024","11:54:36 PM",2024-10-29T23:54:36-0700,"Nicholas Bullen","When They Return","The Stone Tape - analysing a ghost by electronic means",5:55,,USA2P0837640,,,2023,,,"Hidden Britain Tapes",0881034197313
"Oct 29, 2024","10:30:00 PM",2024-10-29T22:30:00-0700,"10.29.2024 - Jim Causey",Music,120,173567,"Jim Causey","Oct 29, 2024","11:51:29 PM",2024-10-29T23:51:29-0700,"The Soulless Party",Vigilamus,"The Stone Tape - analysing a ghost by electronic means",3:07,,QMGVJ1600034,,,2023,,,"Hidden Britain Tapes",0886446002576
"Oct 29, 2024","10:30:00 PM",2024-10-29T22:30:00-0700,"10.29.2024 - Jim Causey",Music,120,173567,"Jim Causey","Oct 29, 2024","11:38:41 PM",2024-10-29T23:38:41-0700,B.Michaael,"Dying Waves",Gore,3:44,,QZTRX2359222,,,2023,,,"Orange Milk",0197773299196
"Oct 29, 2024","10:30:00 PM",2024-10-29T22:30:00-0700,"10.29.2024 - Jim Causey",Music,120,173567,"Jim Causey","Oct 29, 2024","11:33:59 PM",2024-10-29T23:33:59-0700,M83,"Car Chase Terror","Before The Dawn Heals Us",3:50,,FR86W0400212,,,2014,,,Non-Wea/Other,0724596954652
"Oct 29, 2024","10:30:00 PM",2024-10-29T22:30:00-0700,"10.29.2024 - Jim Causey",Music,120,173567,"Jim Causey","Oct 29, 2024","11:30:48 PM",2024-10-29T23:30:48-0700,"Tom Waits","What's He Building?","Mule Variations (Remastered)",3:20,,USEP41718072,,,2017,,,Anti/Epitaph,0045778654703
"Oct 29, 2024","10:30:00 PM",2024-10-29T22:30:00-0700,"10.29.2024 - Jim Causey",Music,120,173567,"Jim Causey","Oct 29, 2024","11:27:45 PM",2024-10-29T23:27:45-0700,Lycia,"In Flickers","In Flickers",2:52,,QM6MZ1830382,,,2018,,,"Lycium Music",0192562722633
"Oct 29, 2024","10:30:00 PM",2024-10-29T22:30:00-0700,"10.29.2024 - Jim Causey",Music,120,173567,"Jim Causey","Oct 29, 2024","11:19:08 PM",2024-10-29T23:19:08-0700,"The Sisters of Mercy","This Corrosion (excerpt)","Floodland (Deluxe Version)",10:59,,GBAHS0600502,,,1987,,,Rhino,85364470867
"Oct 29, 2024","10:30:00 PM",2024-10-29T22:30:00-0700,"10.29.2024 - Jim Causey",Music,120,173567,"Jim Causey","Oct 29, 2024","11:15:08 PM",2024-10-29T23:15:08-0700,"Nine Inch Nails","Burn - From ""Natural Born Killers"" Soundtrack","The Downward Spiral (Deluxe Edition)",5:01,,USIR19400633,,,1994,,,"Universal Music Ireland Ltd.",0606949246020
"Oct 29, 2024","10:30:00 PM",2024-10-29T22:30:00-0700,"10.29.2024 - Jim Causey",Music,120,173567,"Jim Causey","Oct 29, 2024","11:11:03 PM",2024-10-29T23:11:03-0700,Bauhaus,"Dark Entries",Lilliput,3:54,,GBAFL9800113,,,1992,,,4AD,0609008280164
"Oct 29, 2024","10:30:00 PM",2024-10-29T22:30:00-0700,"10.29.2024 - Jim Causey",Music,120,173567,"Jim Causey","Oct 29, 2024","11:03:34 PM",2024-10-29T23:03:34-0700,"New Order","The Perfect Kiss",Low-Life,4:49,,GBAAP1500189,,,1985,,,"WM UK",825646053193
"Oct 29, 2024","10:30:00 PM",2024-10-29T22:30:00-0700,"10.29.2024 - Jim Causey",Music,120,173567,"Jim Causey","Oct 29, 2024","10:59:48 PM",2024-10-29T22:59:48-0700,LEATHERS,"Phantom Heart",Reckless,3:58,,TCAEC1925501,,,2021,,,"Artoffact Records",0196292539301
"Oct 29, 2024","10:30:00 PM",2024-10-29T22:30:00-0700,"10.29.2024 - Jim Causey",Music,120,173567,"Jim Causey","Oct 29, 2024","10:55:36 PM",2024-10-29T22:55:36-0700,"Depeche Mode","Rush - 2006 Remastered Version","Songs Of Faith And Devotion (2006 Remastered Edition)",4:37,,GBAJH0601248,,,1993,,,Reprise,0093624445821
"Oct 29, 2024","10:30:00 PM",2024-10-29T22:30:00-0700,"10.29.2024 - Jim Causey",Music,120,173567,"Jim Causey","Oct 29, 2024","10:50:54 PM",2024-10-29T22:50:54-0700,"Siouxsie And The Banshees","Cities In Dust","Tinderbox (Remastered & Expanded)",4:07,,GBAKW8501058,,,2015,,,"UMC (Universal Music Catalogue)",00600753550427
"Oct 29, 2024","10:30:00 PM",2024-10-29T22:30:00-0700,"10.29.2024 - Jim Causey",Music,120,173567,"Jim Causey","Oct 29, 2024","10:47:41 PM",2024-10-29T22:47:41-0700,ACTORS,"L'appel Du Vide","It Will Come to You",3:34,,QMBZ91722688,,,2018,,,"Artoffact Records",0628070633425
"Oct 29, 2024","10:30:00 PM",2024-10-29T22:30:00-0700,"10.29.2024 - Jim Causey",Music,120,173567,"Jim Causey","Oct 29, 2024","10:42:06 PM",2024-10-29T22:42:06-0700,"Echo And The Bunnymen","The Killing Moon","Songs To Learn And Sing",5:46,,GBAHT0200121,,,2004,,,"Rhino/Warner Bros.",0081227893569
"Oct 29, 2024","10:30:00 PM",2024-10-29T22:30:00-0700,"10.29.2024 - Jim Causey",Music,120,173567,"Jim Causey","Oct 29, 2024","10:34:32 PM",2024-10-29T22:34:32-0700,"The Cure",Burn,"The Crow Original Motion Picture Soundtrack",6:39,,USAT20180654,,,1994,,,"Atlantic Records",0075679982872
"Oct 22, 2024","10:30:00 PM",2024-10-22T22:30:00-0700,"Convergence Zone",Music,120,174269,"Jim Causey","Oct 23, 2024","12:28:03 AM",2024-10-23T00:28:03-0700,"The Crusaders","I Felt The Love - 1975 Album Version","Chain Reaction",2:28,,USMC17553599,,,1995,,,Verve,00076732164822
"Oct 22, 2024","10:30:00 PM",2024-10-22T22:30:00-0700,"Convergence Zone",Music,120,174269,"Jim Causey","Oct 23, 2024","12:24:22 AM",2024-10-23T00:24:22-0700,"Henrik Meierkord",Summerbreeze,Falling,4:26,,USHK92431412,,,2024,,,Projekt:Archive,
"Oct 22, 2024","10:30:00 PM",2024-10-22T22:30:00-0700,"Convergence Zone",Music,120,174269,"Jim Causey","Oct 23, 2024","12:19:58 AM",2024-10-23T00:19:58-0700,65daysofstatic,Heliosphere,"No Man's Sky: Music For An Infinite Universe",4:22,,US3M51641004,,,2016,,,"Laced Records",0030206741001
"Oct 22, 2024","10:30:00 PM",2024-10-22T22:30:00-0700,"Convergence Zone",Music,120,174269,"Jim Causey","Oct 23, 2024","12:14:51 AM",2024-10-23T00:14:51-0700,"Ray Lynch","The Oh of Pleasure","Deep Breakfast",5:22,,,,,1984,,,"Ray Lynch Productions",735371111825
"Oct 22, 2024","10:30:00 PM",2024-10-22T22:30:00-0700,"Convergence Zone",Music,120,174269,"Jim Causey","Oct 23, 2024","12:12:23 AM",2024-10-23T00:12:23-0700,"Anthony Manning","Islets in Pink Polypropylene 5 (excerpt)","Islets in Pink Polypropylene",2:30,,FR9W19400560,,,1995,,"2021 re-release of this 1994 exploration of the Roland R8 drum machine by French artist Anthony Manning",Irdial,0725336264116
"Oct 22, 2024","10:30:00 PM",2024-10-22T22:30:00-0700,"Convergence Zone",Music,120,174269,"Jim Causey","Oct 23, 2024","12:04:23 AM",2024-10-23T00:04:23-0700,"Tim Hecker",Anxiety,"No Highs",8:17,,USNCB2323909,,,2023,,,kranky,796441823925
"Oct 22, 2024","10:30:00 PM",2024-10-22T22:30:00-0700,"Convergence Zone",Music,120,174269,"Jim Causey","Oct 23, 2024","12:00:29 AM",2024-10-23T00:00:29-0700,Amulets,"The Lowest Tide","Streaking Light | the Lowest Tide",3:26,,QZHN61972428,,L,2019,,"Performing live with Laurel Halo on the Age of Reflections Tour in Seattle and Portland in November","Past Inside the Present",0194759166190
"Oct 22, 2024","10:30:00 PM",2024-10-22T22:30:00-0700,"Convergence Zone",Music,120,174269,"Jim Causey","Oct 22, 2024","11:56:10 PM",2024-10-22T23:56:10-0700,"Brian Eno & Daniel Lanois & Roger Eno","Under Stars II - Remastered 2005","Apollo: Atmospheres and Soundtracks",3:15,,GBAAA0500097,,,1989,,,"EMI Catalogue",00724356364752
"Oct 22, 2024","10:30:00 PM",2024-10-22T22:30:00-0700,"Convergence Zone",Music,120,174269,"Jim Causey","Oct 22, 2024","11:50:48 PM",2024-10-22T23:50:48-0700,SUSS,Restless,"Birds & Beasts",5:51,,USWEX2400021,,,2024,,,"Northern Spy",634457167391
"Oct 22, 2024","10:30:00 PM",2024-10-22T22:30:00-0700,"Convergence Zone",Music,120,174269,"Jim Causey","Oct 22, 2024","11:43:44 PM",2024-10-22T23:43:44-0700,"Laurel Halo","Reading the Air",Atlas,5:42,,DEG932301501,,,2023,,"Laurel Halo will perform with AMULETS - live on Friday, November 22nd at 7pm at Seattle's First Baptist Church - part of the Age of Reflections concert series",Awe,4062548065206
"Oct 22, 2024","10:30:00 PM",2024-10-22T22:30:00-0700,"Convergence Zone",Music,120,174269,"Jim Causey","Oct 22, 2024","11:40:44 PM",2024-10-22T23:40:44-0700,"Roberto Cacciapaglia","Sonanze : 5th Movement","Sonances / Sonanze & Otherworks",3:48,,DEBL60983967,,,1975,,,Glance,3661585535218
"Oct 22, 2024","10:30:00 PM",2024-10-22T22:30:00-0700,"Convergence Zone",Music,120,174269,"Jim Causey","Oct 22, 2024","11:35:38 PM",2024-10-22T23:35:38-0700,"Patricia Wolf","The Ptarmigan and the Gyrfalcon","The Secret Lives Of Birds",5:24,,QM6MZ2484445,,L,2024,,"The latest from Portland's Patricia Wolf - exploring her love of birds through field recordings and electronic instruments","Nite Hive",198391883507
"Oct 22, 2024","10:30:00 PM",2024-10-22T22:30:00-0700,"Convergence Zone",Music,120,174269,"Jim Causey","Oct 22, 2024","11:29:50 PM",2024-10-22T23:29:50-0700,Vangelis,"Love Theme From Bladerunner","Vangelis Blade Runner - Trilogy",4:56,,GBAHS0104435,,,1994,,,"EastWest U.K.",0745099657468
"Oct 22, 2024","10:30:00 PM",2024-10-22T22:30:00-0700,"Convergence Zone",Music,120,174269,"Jim Causey","Oct 22, 2024","11:18:34 PM",2024-10-22T23:18:34-0700,"Lisa Bella Donna","The Hallowed Gates Of Autumn","Studies For Tape",12:16,,QZTBE2488714,,,2024,,,"CRC/Appalachian Recordings Inc.",198888890889
"Oct 22, 2024","10:30:00 PM",2024-10-22T22:30:00-0700,"Convergence Zone",Music,120,174269,"Jim Causey","Oct 22, 2024","11:08:57 PM",2024-10-22T23:08:57-0700,"Michael Hoenig","Hanging Garden Transfer","Departure from the Northern Wasteland",10:59,,DEA748700289,,,1987,,,"Kuckuck Schallplatten",0013711107920
"Oct 22, 2024","10:30:00 PM",2024-10-22T22:30:00-0700,"Convergence Zone",Music,120,174269,"Jim Causey","Oct 22, 2024","11:01:25 PM",2024-10-22T23:01:25-0700,"Siren and the Sea","Gravity Wave","Gravity Wave",6:52,,USDY42320922,,,2023,,"LA ambient musician Christina Cano - one-half of the husband-and-wife duo who founded Bathysphere Records","Bathysphere Records",0198015967583
"Oct 22, 2024","10:30:00 PM",2024-10-22T22:30:00-0700,"Convergence Zone",Music,120,174269,"Jim Causey","Oct 22, 2024","10:57:43 PM",2024-10-22T22:57:43-0700,"Water Bureau","Dinner's Ready","Water Bureau",2:10,,USA2P1565698,,L,2015,,,"Sacred Phrases",0889326491750
"Oct 22, 2024","10:30:00 PM",2024-10-22T22:30:00-0700,"Convergence Zone",Music,120,174269,"Jim Causey","Oct 22, 2024","10:54:17 PM",2024-10-22T22:54:17-0700,"Corey Holms",Sleep,"Intrusive Thoughts",3:48,,QZDA41984478,,L,2019,,"Jamestown, WA artist bringing together public domain spoken word recordings with electronic instruments

Holms has worked with artists from Nine Inch Nails, produces sound logos for Apple TV and 23And Me, and much more","For all I care…",194271191564
"Oct 22, 2024","10:30:00 PM",2024-10-22T22:30:00-0700,"Convergence Zone",Music,120,174269,"Jim Causey","Oct 22, 2024","10:46:50 PM",2024-10-22T22:46:50-0700,"Erik Wøllo","Day and Night",Solastagia,7:44,,,,,2024,,"brand new 2LP on Portland's Projekt Records",Projekt,
"Oct 22, 2024","10:30:00 PM",2024-10-22T22:30:00-0700,"Convergence Zone",Music,120,174269,"Jim Causey","Oct 22, 2024","10:42:38 PM",2024-10-22T22:42:38-0700,"Water Bureau","Waterfall Dancers","Water Bureau",4:23,,USA2P1565694,,L,2015,,"Joint project from the late Norm Chambers (Seattle) and Pulse Emitter alter-ego Daryl Groetsch (Portland) - next week on Convergence Zone we'll honor Norm Chambers for the 2nd anniversary of his untimely death","Sacred Phrases",0889326491750
"Oct 22, 2024","10:30:00 PM",2024-10-22T22:30:00-0700,"Convergence Zone",Music,120,174269,"Jim Causey","Oct 22, 2024","10:36:39 PM",2024-10-22T22:36:39-0700,"Luke Requena","Unholy Vulture","Green Salon",6:11,,,,L,2024,,"Vancouver, BC artist - second LP","Castles in Space",
"Oct 22, 2024","10:30:00 PM",2024-10-22T22:30:00-0700,"Convergence Zone",Music,120,174269,"Jim Causey","Oct 22, 2024","10:31:48 PM",2024-10-22T22:31:48-0700,"Kristen Roos",Feight,"Universal Synthesizer Interface Vol III",6:28,,CA0WS2419301,,L,2024,,"new album out November 24 - continuing his series exploring sequencer software from the 1980s","Hotham Sound",
"Oct 15, 2024","10:30:00 PM",2024-10-15T22:30:00-0700,"10.15.2024 - Jim Causey",Music,120,173567,"Jim Causey","Oct 16, 2024","12:11:07 AM",2024-10-16T00:11:07-0700,"Lee Underwood","California Sigh","California Sigh",3:49,,US58L2489204,,,2024,,,"Drag City",0781484089223
"Oct 15, 2024","10:30:00 PM",2024-10-15T22:30:00-0700,"10.15.2024 - Jim Causey",Music,120,173567,"Jim Causey","Oct 15, 2024","11:41:00 PM",2024-10-15T23:41:00-0700,"Cruel Diagonals",Disobedience,Disobedience,4:50,,QMDA62415658,,,2024,,,"Beacon Sound",0198846469010
"Oct 15, 2024","10:30:00 PM",2024-10-15T22:30:00-0700,"10.15.2024 - Jim Causey",Music,120,173567,"Jim Causey","Oct 15, 2024","11:36:30 PM",2024-10-15T23:36:30-0700,"James Bernard","FM 8",Atmospherics,4:24,,USBTX0710013,,,1994,,,"Three Sixty Records",0843041043205
"Oct 15, 2024","10:30:00 PM",2024-10-15T22:30:00-0700,"10.15.2024 - Jim Causey",Music,120,173567,"Jim Causey","Oct 15, 2024","11:32:21 PM",2024-10-15T23:32:21-0700,"Noble Oak","i was alone yet unafraid","i was alone yet unafraid",4:22,,US5ED2406611,,,2024,,,"Last Gang",0634164415129
"Oct 15, 2024","10:30:00 PM",2024-10-15T22:30:00-0700,"10.15.2024 - Jim Causey",Music,120,173567,"Jim Causey","Oct 15, 2024","11:28:12 PM",2024-10-15T23:28:12-0700,Amulets,"WAVES OF WAVES","Amulets / Drowse Split",4:23,,QM6P42349282,,,2023,,,"Whited Sepulchre Records",
"Oct 15, 2024","10:30:00 PM",2024-10-15T22:30:00-0700,"10.15.2024 - Jim Causey",Music,120,173567,"Jim Causey","Oct 15, 2024","11:20:24 PM",2024-10-15T23:20:24-0700,"Rodrigo Passannanti","Eternal Code","Forgotten Worlds",4:39,,GXBDS2477371,,,2024,,,"Cyclical Dreams",5063561779988
"Oct 15, 2024","10:30:00 PM",2024-10-15T22:30:00-0700,"10.15.2024 - Jim Causey",Music,120,173567,"Jim Causey","Oct 15, 2024","11:16:33 PM",2024-10-15T23:16:33-0700,"Hello Meteor","Rushing Green","Seven Hour Sunset",4:10,,QZTAU2273818,,,2022,,,DISTROKID,0197271698897
"Oct 15, 2024","10:30:00 PM",2024-10-15T22:30:00-0700,"10.15.2024 - Jim Causey",Music,120,173567,"Jim Causey","Oct 15, 2024","11:09:12 PM",2024-10-15T23:09:12-0700,"Frankie Rose","Play for Today","Seventeen Seconds",3:40,,US4TA1900020,,,2019,,,"Slumberland Records",0749846902689
"Oct 15, 2024","10:30:00 PM",2024-10-15T22:30:00-0700,"10.15.2024 - Jim Causey",Music,120,173567,"Jim Causey","Oct 15, 2024","11:02:02 PM",2024-10-15T23:02:02-0700,"The Cure",Alone,Alone,6:49,,GBUM72403962,,,2024,,,,
"Oct 15, 2024","10:30:00 PM",2024-10-15T22:30:00-0700,"10.15.2024 - Jim Causey",Music,120,173567,"Jim Causey","Oct 15, 2024","10:51:43 PM",2024-10-15T22:51:43-0700,"Lord Huron","Mine Forever","Mine Forever",4:48,,USUG12100488,,,2021,,,"Republic Records",00602435914619
"Oct 15, 2024","10:30:00 PM",2024-10-15T22:30:00-0700,"10.15.2024 - Jim Causey",Music,120,173567,"Jim Causey","Oct 15, 2024","10:46:56 PM",2024-10-15T22:46:56-0700,"White Lies","As I Try Not To Fall Apart","As I Try Not To Fall Apart",4:57,,GBENL2103083,,,2021,,,[PIAS],5400863067236
"Oct 15, 2024","10:30:00 PM",2024-10-15T22:30:00-0700,"10.15.2024 - Jim Causey",Music,120,173567,"Jim Causey","Oct 15, 2024","10:41:40 PM",2024-10-15T22:41:40-0700,"Drab Majesty","Dot in the Sky","The Demonstration",5:26,,QMBZ91673224,,,2017,,,"Dais Records",0646263945490
"Oct 15, 2024","10:30:00 PM",2024-10-15T22:30:00-0700,"10.15.2024 - Jim Causey",Music,120,173567,"Jim Causey","Oct 15, 2024","10:35:21 PM",2024-10-15T22:35:21-0700,Tamaryn,"Hands All over Me",Cranekiss,3:49,,QMV8L1420202,,,2015,,,"Mexican Summer",00184923120264
"Oct 15, 2024","10:30:00 PM",2024-10-15T22:30:00-0700,"10.15.2024 - Jim Causey",Music,120,173567,"Jim Causey","Oct 15, 2024","10:31:48 PM",2024-10-15T22:31:48-0700,"Lane Lines","Time & Space","Time & Space",3:38,,QZK6F2371941,,,2023,,,DISTROKID,0197876722683
"Oct 8, 2024","10:30:00 PM",2024-10-08T22:30:00-0700,"Convergence Zone",Music,120,174269,"Jim Causey","Oct 9, 2024","12:30:04 AM",2024-10-09T00:30:04-0700,"Pabellón Sintético","Less Is More","Mies van der Rohe's dreams",1:28,,GX38U2315037,,,2023,,,"Cyclical Dreams",5063292622003
"Oct 8, 2024","10:30:00 PM",2024-10-08T22:30:00-0700,"Convergence Zone",Music,120,174269,"Jim Causey","Oct 9, 2024","12:18:30 AM",2024-10-09T00:18:30-0700,"James Bernard",Phosphorus,"Atmospherics [30th Anniversary Edition]",10:43,,USBTX0710010,,,2024,,,"Past Inside the Present",843041043205
"Oct 8, 2024","10:30:00 PM",2024-10-08T22:30:00-0700,"Convergence Zone",Music,120,174269,"Jim Causey","Oct 9, 2024","12:12:55 AM",2024-10-09T00:12:55-0700,"Stephanie Sante","Ripples in Time","Dark Matter Evolution",4:12,,USL4Q1964803,,,2020,,,"Sante Music",194660385314
"Oct 8, 2024","10:30:00 PM",2024-10-08T22:30:00-0700,"Convergence Zone",Music,120,174269,"Jim Causey","Oct 9, 2024","12:04:16 AM",2024-10-09T00:04:16-0700,"Brendan Pollard",Retinal,"Gemstones IV",11:13,,,,,2023,,,"Cyclical Dreams",
"Oct 8, 2024","10:30:00 PM",2024-10-08T22:30:00-0700,"Convergence Zone",Music,120,174269,"Jim Causey","Oct 9, 2024","12:00:56 AM",2024-10-09T00:00:56-0700,EarthtoneSkytone,Chichachick,Chichachick,3:49,,TCAHH2345166,,L,2023,,,EarthtoneSkytone,
"Oct 8, 2024","10:30:00 PM",2024-10-08T22:30:00-0700,"Convergence Zone",Music,120,174269,"Jim Causey","Oct 8, 2024","11:54:19 PM",2024-10-08T23:54:19-0700,Joystick,"The Process","Machine Dreaming",5:56,,USCGH2474385,,,2024,,,Synphaera,198500095951
"Oct 8, 2024","10:30:00 PM",2024-10-08T22:30:00-0700,"Convergence Zone",Music,120,174269,"Jim Causey","Oct 8, 2024","11:47:46 PM",2024-10-08T23:47:46-0700,"missing scenes","Lectreus ii","sturgeon moon/beaver moon",7:25,,QZHNC2306785,,L,2023,,,"Earth in Sound",197745121296
"Oct 8, 2024","10:30:00 PM",2024-10-08T22:30:00-0700,"Convergence Zone",Music,120,174269,"Jim Causey","Oct 8, 2024","11:31:53 PM",2024-10-08T23:31:53-0700,"Little H Collective (Stephen Harrison)",Frost,"Between the Shelves: Live at Island Books - April 27 2024",15:18,,,,L,2024,,,,
"Oct 8, 2024","10:30:00 PM",2024-10-08T22:30:00-0700,"Convergence Zone",Music,120,174269,"Jim Causey","Oct 8, 2024","11:26:49 PM",2024-10-08T23:26:49-0700,Panabrite,Dune,"Wasteland Cycle",4:16,,,,L,2014,,,None,
"Oct 8, 2024","10:30:00 PM",2024-10-08T22:30:00-0700,"Convergence Zone",Music,120,174269,"Jim Causey","Oct 8, 2024","11:14:58 PM",2024-10-08T23:14:58-0700,Perge,Epicentre,"Mutually Assured Destruction",11:42,,,,,2022,,,,
"Oct 8, 2024","10:30:00 PM",2024-10-08T22:30:00-0700,"Convergence Zone",Music,120,174269,"Jim Causey","Oct 8, 2024","11:04:02 PM",2024-10-08T23:04:02-0700,"Steve Roach","Spirals & Molecules (L.a. 2023)","Alive in the City of Angels (L.A. 2023)",41:18,,USHK92342401,,,2023,,,"Timeroom Editions",617026342429
"Oct 8, 2024","10:30:00 PM",2024-10-08T22:30:00-0700,"Convergence Zone",Music,120,174269,"Jim Causey","Oct 8, 2024","10:57:36 PM",2024-10-08T22:57:36-0700,"Roy Ayers","Reaching The Highest Pleasure","Reaching the Highest Pleasure - Single",5:45,,GBEQT2000075,,,2020,,,"BBE Music",195081051154
"Oct 8, 2024","10:30:00 PM",2024-10-08T22:30:00-0700,"Convergence Zone",Music,120,174269,"Jim Causey","Oct 8, 2024","10:49:04 PM",2024-10-08T22:49:04-0700,"FCS North",11:11,Vocabulary,8:28,,USZ270710072,,L,2007,,,"Luckyhorse Industries",655173701126
"Oct 8, 2024","10:30:00 PM",2024-10-08T22:30:00-0700,"Convergence Zone",Music,120,174269,"Jim Causey","Oct 8, 2024","10:42:50 PM",2024-10-08T22:42:50-0700,"LCD Soundsystem","Someone Great","Sound of Silver",6:30,,US4GE0600017,,,2007,,,"Parlophone UK",0094638511359
"Oct 8, 2024","10:30:00 PM",2024-10-08T22:30:00-0700,"Convergence Zone",Music,120,174269,"Jim Causey","Oct 8, 2024","10:37:24 PM",2024-10-08T22:37:24-0700,"SOMAFREE INSTITUTE","Phase Induction (The Path Is Clear)","Exit Signal",5:08,,QZHNB2489808,,L,2024,,,"SFI Recordings",198471434780
"Oct 8, 2024","10:30:00 PM",2024-10-08T22:30:00-0700,"Convergence Zone",Music,120,174269,"Jim Causey","Oct 8, 2024","10:34:00 PM",2024-10-08T22:34:00-0700,"Kruder & Dorfmeister","Swallowed the Moon",1995,3:25,,ATFLO2000003,,,2020,,,KRUDOR.OG,4064832169324
"Oct 8, 2024","10:30:00 PM",2024-10-08T22:30:00-0700,"Convergence Zone",Music,120,174269,"Jim Causey","Oct 8, 2024","10:30:00 PM",2024-10-08T22:30:00-0700,"Hello Meteor","Using the Rain as Cover","Premium Grey Market",3:48,,,,L,2024,,,"Evergreen Prefecture",
"Oct 1, 2024","10:30:00 PM",2024-10-01T22:30:00-0700,"10.01.2024 - Jim Causey",Music,120,173567,"Jim Causey","Oct 2, 2024","12:19:30 AM",2024-10-02T00:19:30-0700,"Dreamstate Logic","A Perfect Reflection","Cosmic Legacy",7:57,,QZPLR2417853,,L,2024,,,"Dreamstate Logic",
"Oct 1, 2024","10:30:00 PM",2024-10-01T22:30:00-0700,"10.01.2024 - Jim Causey",Music,120,173567,"Jim Causey","Oct 2, 2024","12:15:33 AM",2024-10-02T00:15:33-0700,"Andy Sells & Noel Brass Jr","Further Latitude","Further Latitude",3:57,,,,L,2020,,,,
"Oct 1, 2024","10:30:00 PM",2024-10-01T22:30:00-0700,"10.01.2024 - Jim Causey",Music,120,173567,"Jim Causey","Oct 2, 2024","12:06:16 AM",2024-10-02T00:06:16-0700,"missing scenes","on the wind","sturgeon moon/beaver moon",9:17,,QZHNC2306786,,L,2023,,,DISTROKID,0197745121296
"Oct 1, 2024","10:30:00 PM",2024-10-01T22:30:00-0700,"10.01.2024 - Jim Causey",Music,120,173567,"Jim Causey","Oct 1, 2024","11:58:57 PM",2024-10-01T23:58:57-0700,"Terminus Void","Beyond Static Tolerance",Interstellar,7:48,,QZTDY2100004,,L,2021,,,"Terminus Void",0692531180650
"Oct 1, 2024","10:30:00 PM",2024-10-01T22:30:00-0700,"10.01.2024 - Jim Causey",Music,120,173567,"Jim Causey","Oct 1, 2024","11:53:24 PM",2024-10-01T23:53:24-0700,Intervales,Filglas,"The Tribe",5:27,,QZHN41995991,,L,2019,,,"1463123 Records DK",194676470349
"Oct 1, 2024","10:30:00 PM",2024-10-01T22:30:00-0700,"10.01.2024 - Jim Causey",Music,120,173567,"Jim Causey","Oct 1, 2024","11:45:54 PM",2024-10-01T23:45:54-0700,"Thom Brennan","Othadiegra Pt. 2",Othadiegra,7:30,,uscgj2461339,,L,2024,,,"Thom Brennan",0198500329964
"Oct 1, 2024","10:30:00 PM",2024-10-01T22:30:00-0700,"10.01.2024 - Jim Causey",Music,120,173567,"Jim Causey","Oct 1, 2024","11:38:31 PM",2024-10-01T23:38:31-0700,Melondruie,"scarlet waves crashing down (excerpt)","a storm is coming",8:33,,,,L,2024,,,,
"Oct 1, 2024","10:30:00 PM",2024-10-01T22:30:00-0700,"10.01.2024 - Jim Causey",Music,120,173567,"Jim Causey","Oct 1, 2024","11:27:59 PM",2024-10-01T23:27:59-0700,Panabrite,"Xenon District","Xenon District",10:32,,,,L,2013,,,Panabrite,
"Oct 1, 2024","10:30:00 PM",2024-10-01T22:30:00-0700,"10.01.2024 - Jim Causey",Music,120,173567,"Jim Causey","Oct 1, 2024","11:18:11 PM",2024-10-01T23:18:11-0700,"Timothy Fife","Clear Off","Clear Off",10:03,,,,L,2023,,,"SFI Recordings",
"Oct 1, 2024","10:30:00 PM",2024-10-01T22:30:00-0700,"10.01.2024 - Jim Causey",Music,120,173567,"Jim Causey","Oct 1, 2024","11:12:14 PM",2024-10-01T23:12:14-0700,"Corey Holms","Dangers of Escalation","The Veneer Fades",5:57,,QZDA71866565,,L,2018,,,"For all I care…",840090909780
"Oct 1, 2024","10:30:00 PM",2024-10-01T22:30:00-0700,"10.01.2024 - Jim Causey",Music,120,173567,"Jim Causey","Oct 1, 2024","11:06:53 PM",2024-10-01T23:06:53-0700,"Kristen Roos",AEX,"Universal Synthesizer Interface Vol I",5:20,,CA0WS2315805,,L,2023,,,"We Are Busy Bodies",0634457147225
"Oct 1, 2024","10:30:00 PM",2024-10-01T22:30:00-0700,"10.01.2024 - Jim Causey",Music,120,173567,"Jim Causey","Oct 1, 2024","11:02:23 PM",2024-10-01T23:02:23-0700,Chromatics,"Cherry (Instrumental)","Cherry (Deluxe)",4:32,,QMMMF1300025,,L,2017,,,"Italians Do It Better",843357102955
"Oct 1, 2024","10:30:00 PM",2024-10-01T22:30:00-0700,"10.01.2024 - Jim Causey",Music,120,173567,"Jim Causey","Oct 1, 2024","10:58:50 PM",2024-10-01T22:58:50-0700,"Mt Fog","Cosmic Things","ultraviolet heart machine",3:33,,QZTB72442518,,L,2024,,,"Save the Forest for the Trees",0198662471372
"Oct 1, 2024","10:30:00 PM",2024-10-01T22:30:00-0700,"10.01.2024 - Jim Causey",Music,120,173567,"Jim Causey","Oct 1, 2024","10:56:52 PM",2024-10-01T22:56:52-0700,somesurprises,Untitled,Perseids,2:05,,USCGH2471455,,L,2024,,,"Doom Trip Records",0198500093735
"Oct 1, 2024","10:30:00 PM",2024-10-01T22:30:00-0700,"10.01.2024 - Jim Causey",Music,120,173567,"Jim Causey","Oct 1, 2024","10:51:25 PM",2024-10-01T22:51:25-0700,"Kaitlyn Aurelia Smith & Joe Goddard",Neptunes,"Neptunes - EP",5:30,,GBCEL2400337,,L,2024,,,"Smugglers Way",0192152091484
"Oct 1, 2024","10:30:00 PM",2024-10-01T22:30:00-0700,"10.01.2024 - Jim Causey",Music,120,173567,"Jim Causey","Oct 1, 2024","10:44:16 PM",2024-10-01T22:44:16-0700,"FM Attack","Sleepless Nights",Dreamatic,6:48,,CA1HD0900033,,,2018,,,"Starfield Music",5054283661897
"Oct 1, 2024","10:30:00 PM",2024-10-01T22:30:00-0700,"10.01.2024 - Jim Causey",Music,120,173567,"Jim Causey","Oct 1, 2024","10:39:20 PM",2024-10-01T22:39:20-0700,BT,Kintsugi,Metaversal,5:40,,NLE712100818,,L,2021,,,"Black Hole Recordings",8718525242691
"Oct 1, 2024","10:30:00 PM",2024-10-01T22:30:00-0700,"10.01.2024 - Jim Causey",Music,120,173567,"Jim Causey","Oct 1, 2024","10:35:02 PM",2024-10-01T22:35:02-0700,"Hello Meteor","Contraband Movement","Premium Grey Market",4:41,,QZWFH2425342,,L,2024,,,DISTROKID,0198886492504
"Oct 1, 2024","10:30:00 PM",2024-10-01T22:30:00-0700,"10.01.2024 - Jim Causey",Music,120,173567,"Jim Causey","Oct 1, 2024","10:31:42 PM",2024-10-01T22:31:42-0700,"Hotel Pools",Faded,Faded,3:19,,QZRP52220076,,L,2022,,,"Wild Nature",0197273279971
"Oct 1, 2024","10:30:00 PM",2024-10-01T22:30:00-0700,"10.01.2024 - Jim Causey",Music,120,173567,"Jim Causey","Oct 1, 2024","10:28:40 PM",2024-10-01T22:28:40-0700,Emancipator,"Cherry Blossom","Cherry Blossom",3:01,,DEUE22456431,,L,2024,,,"Loci Records",4066004701264
"Sep 24, 2024","10:30:00 PM",2024-09-24T22:30:00-0700,"09.24.2024 - Jim Causey",Music,120,173567,"Jim Causey","Sep 25, 2024","12:21:30 AM",2024-09-25T00:21:30-0700,IKSRE,"August - Ocean Moon Group Remix",Transmission,6:25,,GBHLW2003900,,,2020,,,"Hush Hush",5056321616340
"Sep 24, 2024","10:30:00 PM",2024-09-24T22:30:00-0700,"09.24.2024 - Jim Causey",Music,120,173567,"Jim Causey","Sep 25, 2024","12:08:57 AM",2024-09-25T00:08:57-0700,"Funsize Renegade","Zauberer (Live - Unreleased) (Excerpt)","Celebration of Klaus Schulze's Birthday",12:30,,,,L,2024,,,"Private Release",
"Sep 24, 2024","10:30:00 PM",2024-09-24T22:30:00-0700,"09.24.2024 - Jim Causey",Music,120,173567,"Jim Causey","Sep 24, 2024","11:58:57 PM",2024-09-24T23:58:57-0700,"Wil Bolton","Yellow Morning","Sodermalm In Autumn",9:30,,QZHN72358454,,,2023,,,"Home Normal",0197727155080
"Sep 24, 2024","10:30:00 PM",2024-09-24T22:30:00-0700,"09.24.2024 - Jim Causey",Music,120,173567,"Jim Causey","Sep 24, 2024","11:48:05 PM",2024-09-24T23:48:05-0700,"Now Ensemble / John Supko","Divine the Rest",Dreamfall,10:59,,US7MN1500595,,,2015,,,"New Amsterdam",888295243384
"Sep 24, 2024","10:30:00 PM",2024-09-24T22:30:00-0700,"09.24.2024 - Jim Causey",Music,120,173567,"Jim Causey","Sep 24, 2024","11:39:22 PM",2024-09-24T23:39:22-0700,"Max Richter","Shadow Journal","The Blue Notebooks",8:22,,GBDCA0300281,,,2020,,,"Deutsche Grammophon (DG)",00028948384556
"Sep 24, 2024","10:30:00 PM",2024-09-24T22:30:00-0700,"09.24.2024 - Jim Causey",Music,120,173567,"Jim Causey","Sep 24, 2024","11:28:56 PM",2024-09-24T23:28:56-0700,"Martin Nonstatic","Inner Landscapes (Autumn-Edit)","Grenzwellen Drei",7:06,,,,,2018,,,"Radio Hanover",
"Sep 24, 2024","10:30:00 PM",2024-09-24T22:30:00-0700,"09.24.2024 - Jim Causey",Music,120,173567,"Jim Causey","Sep 24, 2024","11:28:46 PM",2024-09-24T23:28:46-0700,Panabrite,Equinox,Illumination,3:56,,UK9PK1305002,,,2012,,,"Under The Spire",5051142094650
"Sep 24, 2024","10:30:00 PM",2024-09-24T22:30:00-0700,"09.24.2024 - Jim Causey",Music,120,173567,"Jim Causey","Sep 24, 2024","11:04:21 PM",2024-09-24T23:04:21-0700,"Hair and Space Museum",Passage,"Human Presence",25:20,,,,L,2024,,,"Beacon Sound",
"Sep 24, 2024","10:30:00 PM",2024-09-24T22:30:00-0700,"09.24.2024 - Jim Causey",Music,120,173567,"Jim Causey","Sep 24, 2024","10:55:18 PM",2024-09-24T22:55:18-0700,"Craig Padilla & Zero Ohms","The Momentum of Intention","To Sleep On Stellar Winds",9:08,,USSP52491012,,,2024,,,"Spotted Peccary",0600028910826
"Sep 24, 2024","10:30:00 PM",2024-09-24T22:30:00-0700,"09.24.2024 - Jim Causey",Music,120,173567,"Jim Causey","Sep 24, 2024","10:48:28 PM",2024-09-24T22:48:28-0700,"Cartas de Japón","Indio Pampa","Gemstones V",7:20,,,,,2024,,,"Cyclical Dreams",
"Sep 24, 2024","10:30:00 PM",2024-09-24T22:30:00-0700,"09.24.2024 - Jim Causey",Music,120,173567,"Jim Causey","Sep 24, 2024","10:41:53 PM",2024-09-24T22:41:53-0700,"Kristen Roos",Feight,"Universal Synthesizer Interface Vol III",6:28,,CA0WS2419301,,L,2024,,,"Hotham Sound",0634457193833
"Sep 24, 2024","10:30:00 PM",2024-09-24T22:30:00-0700,"09.24.2024 - Jim Causey",Music,120,173567,"Jim Causey","Sep 24, 2024","10:30:00 PM",2024-09-24T22:30:00-0700,"Pulse Emitter","Autumn Again",Equinox,11:41,,USA2P1394530,,L,2013,,,"Constellation Tatsu",887158647093
"Sep 17, 2024","10:30:00 PM",2024-09-17T22:30:00-0700,"09.17.2024 - Jim Causey",Music,120,173567,"Jim Causey","Sep 18, 2024","12:26:25 AM",2024-09-18T00:26:25-0700,"Holland Phillips","On Whistlers Ridge","A Sense of Distance",4:41,,QMFMF2379808,,,2024,,,"Ageless Records",0197190436754
"Sep 17, 2024","10:30:00 PM",2024-09-17T22:30:00-0700,"09.17.2024 - Jim Causey",Music,120,173567,"Jim Causey","Sep 18, 2024","12:20:27 AM",2024-09-18T00:20:27-0700,Isostatic,"Blue Starters","Transient Luminous Events",7:00,,USL4Q2435022,,,2024,,,Exosphere,0198595695333
"Sep 17, 2024","10:30:00 PM",2024-09-17T22:30:00-0700,"09.17.2024 - Jim Causey",Music,120,173567,"Jim Causey","Sep 18, 2024","12:15:45 AM",2024-09-18T00:15:45-0700,"Tiny Vipers","Tape II","Ambience 3",5:05,,,,L,2016,,,,
"Sep 17, 2024","10:30:00 PM",2024-09-17T22:30:00-0700,"09.17.2024 - Jim Causey",Music,120,173567,"Jim Causey","Sep 18, 2024","12:08:02 AM",2024-09-18T00:08:02-0700,"James Bernard v bvdub","Helix (Radiate in Red)","Atmospherics (30th Anniversary Edition)",8:15,,USBTX0710009,,,2024,,,"Past Inside The Present",843041043205
"Sep 17, 2024","10:30:00 PM",2024-09-17T22:30:00-0700,"09.17.2024 - Jim Causey",Music,120,173567,"Jim Causey","Sep 18, 2024","12:02:28 AM",2024-09-18T00:02:28-0700,Quintelium,"Static Corridors","Dream and Reality",5:35,,QZTBC2479607,,,2024,,,"Somewherecold Records",0198889986390
"Sep 17, 2024","10:30:00 PM",2024-09-17T22:30:00-0700,"09.17.2024 - Jim Causey",Music,120,173567,"Jim Causey","Sep 17, 2024","11:55:31 PM",2024-09-17T23:55:31-0700,"Loscil & Kelly Wyse","Hastings Sunrise","Sketches from New Brighton",6:51,,USNCB1217102,,L,2012,,,kranky,0887396827516
"Sep 17, 2024","10:30:00 PM",2024-09-17T22:30:00-0700,"09.17.2024 - Jim Causey",Music,120,173567,"Jim Causey","Sep 17, 2024","11:46:43 PM",2024-09-17T23:46:43-0700,"t e l e p a t h テレパシー能力者",アンドロメダ,アンドロメダ,8:47,,USA2P1519880,,,2014,,,"Dream Catalogue",0889326385028
"Sep 17, 2024","10:30:00 PM",2024-09-17T22:30:00-0700,"09.17.2024 - Jim Causey",Music,120,173567,"Jim Causey","Sep 17, 2024","11:41:24 PM",2024-09-17T23:41:24-0700,Vangelis,"Memories Of Green","See You Later",5:44,,NLF058090001,,,1989,,,"Universal Music Group International",
"Sep 17, 2024","10:30:00 PM",2024-09-17T22:30:00-0700,"09.17.2024 - Jim Causey",Music,120,173567,"Jim Causey","Sep 17, 2024","11:26:29 PM",2024-09-17T23:26:29-0700,"Luke Requena",Desolation,"Castles in Space",5:18,,GB8KE2053283,,L,2024,,,"Castles in Space",5056412713477
"Sep 17, 2024","10:30:00 PM",2024-09-17T22:30:00-0700,"09.17.2024 - Jim Causey",Music,120,173567,"Jim Causey","Sep 17, 2024","11:16:48 PM",2024-09-17T23:16:48-0700,Perge,Exolon,"Exolon - Live 24 (Secret Tapes Volume IV)",,,,,,2024,,,,
"Sep 17, 2024","10:30:00 PM",2024-09-17T22:30:00-0700,"09.17.2024 - Jim Causey",Music,120,173567,"Jim Causey","Sep 17, 2024","11:13:50 PM",2024-09-17T23:13:50-0700,"Hello Meteor","Welcome To New Cascade","Welcome To New Cascade",2:58,,QZNWT2285545,,L,2022,,,"Evergreen Prefecture",0197147196786
"Sep 17, 2024","10:30:00 PM",2024-09-17T22:30:00-0700,"09.17.2024 - Jim Causey",Music,120,173567,"Jim Causey","Sep 17, 2024","11:04:09 PM",2024-09-17T23:04:09-0700,"Craig Padilla & Zero Ohms","Initiation, This Ship of Exploration","To Sleep On Stellar Winds",10:42,,,,,2024,,,"Spotted Peccary",
"Sep 17, 2024","10:30:00 PM",2024-09-17T22:30:00-0700,"09.17.2024 - Jim Causey",Music,120,173567,"Jim Causey","Sep 17, 2024","10:57:35 PM",2024-09-17T22:57:35-0700,"Purple Decades","Journey End","Fraction of Centuries",6:34,,,,L,,,,"Beacon Sound",
"Sep 17, 2024","10:30:00 PM",2024-09-17T22:30:00-0700,"09.17.2024 - Jim Causey",Music,120,173567,"Jim Causey","Sep 17, 2024","10:51:49 PM",2024-09-17T22:51:49-0700,"Fen Walker","Towards the Temple of the Blind Sea","Gemstones V",5:46,,,,L,2024,,,"Cyclical Dreams",
"Sep 17, 2024","10:30:00 PM",2024-09-17T22:30:00-0700,"09.17.2024 - Jim Causey",Music,120,173567,"Jim Causey","Sep 17, 2024","10:47:08 PM",2024-09-17T22:47:08-0700,Hibou,"Fall Into","Fall Into",4:41,,USBS51700011,,L,2018,,,"Barsuk Records",0634457490581
"Sep 17, 2024","10:30:00 PM",2024-09-17T22:30:00-0700,"09.17.2024 - Jim Causey",Music,120,173567,"Jim Causey","Sep 17, 2024","10:41:19 PM",2024-09-17T22:41:19-0700,Hatchie,August,"August / Eyes Without a Face",5:00,,,,,2024,,,,
"Sep 17, 2024","10:30:00 PM",2024-09-17T22:30:00-0700,"09.17.2024 - Jim Causey",Music,120,173567,"Jim Causey","Sep 17, 2024","10:38:04 PM",2024-09-17T22:38:04-0700,"Pure Bathing Culture",Devotion,"Night Pass",3:15,,QZDZU1800002,,L,2019,,,"Infinite Companion",0192641261909
"Sep 17, 2024","10:30:00 PM",2024-09-17T22:30:00-0700,"09.17.2024 - Jim Causey",Music,120,173567,"Jim Causey","Sep 17, 2024","10:32:43 PM",2024-09-17T22:32:43-0700,"Cock and Swan","Animal Totem","Secret Angles",5:27,,QMFMF1398929,,L,2013,,,"Hush Hush",5055300377074
"Sep 10, 2024","10:30:00 PM",2024-09-10T22:30:00-0700,"09.10.2024 - Jim Causey",Music,120,173567,"Jim Causey","Sep 11, 2024","12:22:43 AM",2024-09-11T00:22:43-0700,"Hello Meteor","Hoshimi Rubies","The Lower Path",4:07,,QZK6N2345820,,,2023,,,DISTROKID,0197814738943
"Sep 10, 2024","10:30:00 PM",2024-09-10T22:30:00-0700,"09.10.2024 - Jim Causey",Music,120,173567,"Jim Causey","Sep 11, 2024","12:18:53 AM",2024-09-11T00:18:53-0700,"Brian Eno","Everything Merges With The Night - 2004 Digital Remaster","Another Green World",3:59,,GBAAA0400086,,,2013,,,"EMI Marketing",00724357729123
"Sep 10, 2024","10:30:00 PM",2024-09-10T22:30:00-0700,"09.10.2024 - Jim Causey",Music,120,173567,"Jim Causey","Sep 11, 2024","12:12:33 AM",2024-09-11T00:12:33-0700,"Mark Vernon","The Tyrol, 1972","Call Back Carousel",6:33,,FRIDO2312455,,,2023,,,Discrepant,5065004291354
"Sep 10, 2024","10:30:00 PM",2024-09-10T22:30:00-0700,"09.10.2024 - Jim Causey",Music,120,173567,"Jim Causey","Sep 10, 2024","11:51:21 PM",2024-09-10T23:51:21-0700,"Pabellón Sintético","Farnsworth house","Mies van der Rohe's dreams",5:47,,GX38U2357300,,,2023,,,"Cyclical Dreams",5063292622003
"Sep 10, 2024","10:30:00 PM",2024-09-10T22:30:00-0700,"09.10.2024 - Jim Causey",Music,120,173567,"Jim Causey","Sep 10, 2024","11:41:35 PM",2024-09-10T23:41:35-0700,"Nils Frahm",#2,"Tripping with Nils Frahm",10:45,,GBWZD2013607,,,2020,,,"Erased Tapes",3663729137159
"Sep 10, 2024","10:30:00 PM",2024-09-10T22:30:00-0700,"09.10.2024 - Jim Causey",Music,120,173567,"Jim Causey","Sep 10, 2024","11:31:20 PM",2024-09-10T23:31:20-0700,"Andreas Vollenweider","Dancing with the Lion","Dancing With The Lion",4:00,,FR96X2094546,,,1989,,,"AVAF Music",3616406551700
"Sep 10, 2024","10:30:00 PM",2024-09-10T22:30:00-0700,"09.10.2024 - Jim Causey",Music,120,173567,"Jim Causey","Sep 10, 2024","11:27:12 PM",2024-09-10T23:27:12-0700,"David Arkenstone","The Icy Brook Finds Its Way","The Icy Brook Finds Its Way",4:12,,QM3DF2264247,,,2023,,,"David Arkenstone",0197644863280
"Sep 10, 2024","10:30:00 PM",2024-09-10T22:30:00-0700,"09.10.2024 - Jim Causey",Music,120,173567,"Jim Causey","Sep 10, 2024","11:14:49 PM",2024-09-10T23:14:49-0700,"Caterina Barbieri","Math of You","Math of You",5:39,,DEG932301229,,,2023,,,light-years,4062548064247
"Sep 10, 2024","10:30:00 PM",2024-09-10T22:30:00-0700,"09.10.2024 - Jim Causey",Music,120,173567,"Jim Causey","Sep 10, 2024","11:10:31 PM",2024-09-10T23:10:31-0700,"Hyperion V",Astasis,"Accretion Disc",4:26,,USSP52391009,,,2023,,,"Spotted Peccary",0600028910529
"Sep 10, 2024","10:30:00 PM",2024-09-10T22:30:00-0700,"09.10.2024 - Jim Causey",Music,120,173567,"Jim Causey","Sep 10, 2024","11:08:15 PM",2024-09-10T23:08:15-0700,"Four Tet","4T Recordings","4T Recordings",3:17,,GBXNG2051014,,,2020,,,"Text Records",3663729114280
"Sep 10, 2024","10:30:00 PM",2024-09-10T22:30:00-0700,"09.10.2024 - Jim Causey",Music,120,173567,"Jim Causey","Sep 10, 2024","11:03:39 PM",2024-09-10T23:03:39-0700,"Kate Bush","Rubberband Girl","The Red Shoes",4:42,,USSM10026222,,,1993,,,Columbia,0074645373720
"Sep 10, 2024","10:30:00 PM",2024-09-10T22:30:00-0700,"09.10.2024 - Jim Causey",Music,120,173567,"Jim Causey","Sep 10, 2024","10:59:38 PM",2024-09-10T22:59:38-0700,"Sarah McLachlan","Back Door Man",Solace,4:12,,CAN119600020,,,1991,,,"Nettwerk Records",0067003005555
"Sep 10, 2024","10:30:00 PM",2024-09-10T22:30:00-0700,"09.10.2024 - Jim Causey",Music,120,173567,"Jim Causey","Sep 10, 2024","10:55:34 PM",2024-09-10T22:55:34-0700,"Mt Fog","Waiting Through These Years","Waiting Through These Years",4:20,,QZMEM2200925,,,2022,,,"Save the Forest for the Trees",0197085934303
"Sep 10, 2024","10:30:00 PM",2024-09-10T22:30:00-0700,"09.10.2024 - Jim Causey",Music,120,173567,"Jim Causey","Sep 10, 2024","10:52:41 PM",2024-09-10T22:52:41-0700,"Brass Clouds","Simulated Sympathy","Escape Vessels",2:48,,USMH92380242,,,2023,,,"Bathysphere Records",0198015301509
"Sep 10, 2024","10:30:00 PM",2024-09-10T22:30:00-0700,"09.10.2024 - Jim Causey",Music,120,173567,"Jim Causey","Sep 10, 2024","10:48:46 PM",2024-09-10T22:48:46-0700,"Sinéad Lohan","No Mermaid","No Mermaid",4:08,,IEAAR9800240,,,1998,,,Dolphin,3617226649288
"Sep 10, 2024","10:30:00 PM",2024-09-10T22:30:00-0700,"09.10.2024 - Jim Causey",Music,120,173567,"Jim Causey","Sep 10, 2024","10:44:57 PM",2024-09-10T22:44:57-0700,"Small Black","Duplex (Com Truise Remix)","Duplex (Com Truise Remix)",4:23,,QZQAY2100314,,,2021,,,"100% Electronica",0720665672915
"Sep 10, 2024","10:30:00 PM",2024-09-10T22:30:00-0700,"09.10.2024 - Jim Causey",Music,120,173567,"Jim Causey","Sep 10, 2024","10:40:48 PM",2024-09-10T22:40:48-0700,"Wild Nothing","Sleight of Hand","Laughing Gas",4:25,,QMMZN1901755,,,2020,,,"Captured Tracks",0817949018054
"Sep 10, 2024","10:30:00 PM",2024-09-10T22:30:00-0700,"09.10.2024 - Jim Causey",Music,120,173567,"Jim Causey","Sep 10, 2024","10:34:59 PM",2024-09-10T22:34:59-0700,"Caroline Polachek",Breathless,Breathless,3:02,,QM4TX2032158,,,2020,,,"Perpetual Novice",0195081094823
"Sep 10, 2024","10:30:00 PM",2024-09-10T22:30:00-0700,"09.10.2024 - Jim Causey",Music,120,173567,"Jim Causey","Sep 10, 2024","10:31:49 PM",2024-09-10T22:31:49-0700,"Cocteau Twins","Pitch The Baby","Heaven Or Las Vegas (Remastered)",3:14,,GBAFL9000063,,,2003,,,4AD,5059638073523
"Sep 3, 2024","10:30:00 PM",2024-09-03T22:30:00-0700,"09.03.2024 - Jim Causey",Music,120,173567,"Jim Causey","Sep 4, 2024","12:24:39 AM",2024-09-04T00:24:39-0700,"Spencer Doran",Credits,"SEASON: A letter to the future (Original Soundtrack)",3:24,,US6PQ2300151,,,2023,,,PLANCHA,4582561399220
"Sep 3, 2024","10:30:00 PM",2024-09-03T22:30:00-0700,"09.03.2024 - Jim Causey",Music,120,173567,"Jim Causey","Sep 4, 2024","12:13:50 AM",2024-09-04T00:13:50-0700,Nivhek,"Walking in a spiral towards the house: Side C","After its own death / Walking in a spiral towards the house",8:37,,QM4TW1965427,,,2019,,,YELLOWELECTRIC,0193483400402
"Sep 3, 2024","10:30:00 PM",2024-09-03T22:30:00-0700,"09.03.2024 - Jim Causey",Music,120,173567,"Jim Causey","Sep 4, 2024","12:06:10 AM",2024-09-04T00:06:10-0700,"Tiny Vipers","The Downward","Hands Across The Void",8:13,,USSUB0773907,,,2007,,,"Subpop Record Group",0098787073966
"Sep 3, 2024","10:30:00 PM",2024-09-03T22:30:00-0700,"09.03.2024 - Jim Causey",Music,120,173567,"Jim Causey","Sep 4, 2024","12:05:37 AM",2024-09-04T00:05:37-0700,Nivhek,"After its own death: Side A","After its own death / Walking in a spiral towards the house",16:41,,QM4TW1965425,,,2019,,,YELLOWELECTRIC,0193483400402
"Sep 3, 2024","10:30:00 PM",2024-09-03T22:30:00-0700,"09.03.2024 - Jim Causey",Music,120,173567,"Jim Causey","Sep 3, 2024","11:56:28 PM",2024-09-03T23:56:28-0700,"Dirk Serries",Crystalline,Magnetar,10:29,,USHK92432002,,,2024,,,Projekt:Archive,0617026232027
"Sep 3, 2024","10:30:00 PM",2024-09-03T22:30:00-0700,"09.03.2024 - Jim Causey",Music,120,173567,"Jim Causey","Sep 3, 2024","11:53:17 PM",2024-09-03T23:53:17-0700,Amulets,"The Lowest Tide","Streaking Light | the Lowest Tide",3:26,,QZHN61972428,,,2019,,,"Past Inside the Present",0194759166190
"Sep 3, 2024","10:30:00 PM",2024-09-03T22:30:00-0700,"09.03.2024 - Jim Causey",Music,120,173567,"Jim Causey","Sep 3, 2024","11:44:25 PM",2024-09-03T23:44:25-0700,"Time Being","Unseen Foundations","Hidden Structures",8:52,,USSP52490012,,,2024,,,"Spotted Peccary",0600028910727
"Sep 3, 2024","10:30:00 PM",2024-09-03T22:30:00-0700,"09.03.2024 - Jim Causey",Music,120,173567,"Jim Causey","Sep 3, 2024","11:39:41 PM",2024-09-03T23:39:41-0700,"Alessandro Cortini",VERDE,VERDE,5:02,,GBR8R2000375,,,2021,,,"Mute (Artist Intelligence)",5400863038861
"Sep 3, 2024","10:30:00 PM",2024-09-03T22:30:00-0700,"09.03.2024 - Jim Causey",Music,120,173567,"Jim Causey","Sep 3, 2024","11:27:03 PM",2024-09-03T23:27:03-0700,"Flore Laurentienne",Fugue,"Volume 1",6:16,,CAIRJ1900005,,,2019,,,"Costume Records",0619061284320
"Sep 3, 2024","10:30:00 PM",2024-09-03T22:30:00-0700,"09.03.2024 - Jim Causey",Music,120,173567,"Jim Causey","Sep 3, 2024","11:21:39 PM",2024-09-03T23:21:39-0700,"Patricia Wolf","The Ptarmigan and the Gyrfalcon","The Secret Lives Of Birds",5:24,,QM6MZ2484445,,,2024,,,"Nite Hive",0198391883507
"Sep 3, 2024","10:30:00 PM",2024-09-03T22:30:00-0700,"09.03.2024 - Jim Causey",Music,120,173567,"Jim Causey","Sep 3, 2024","11:14:44 PM",2024-09-03T23:14:44-0700,"Steve Roach","The Continent - L.A. 2023","Alive in the City Of Angels (L.A. 2023)",7:02,,USHK92342404,,,2023,,,"Timeroom Editions",0617026342429
"Sep 3, 2024","10:30:00 PM",2024-09-03T22:30:00-0700,"09.03.2024 - Jim Causey",Music,120,173567,"Jim Causey","Sep 3, 2024","11:07:47 PM",2024-09-03T23:07:47-0700,Isostatic,"Red Sprites (Radio Edit)","Transient Luminous Events",7:00,,USL4Q2435023,,,2024,,,Exosphere,0198595695333
"Sep 3, 2024","10:30:00 PM",2024-09-03T22:30:00-0700,"09.03.2024 - Jim Causey",Music,120,173567,"Jim Causey","Sep 3, 2024","11:01:07 PM",2024-09-03T23:01:07-0700,Iasos,"Rainbow Canyon","Inter-Dimensional Music",7:04,,uscgj0639908,,,1975,,,"Inter-Dimensional Music",
"Sep 3, 2024","10:30:00 PM",2024-09-03T22:30:00-0700,"09.03.2024 - Jim Causey",Music,120,173567,"Jim Causey","Sep 3, 2024","10:56:57 PM",2024-09-03T22:56:57-0700,"David Arkenstone","Stars Without Light","Quest For The Runestone",4:12,,US3DF2472467,,,2024,,,,
"Sep 3, 2024","10:30:00 PM",2024-09-03T22:30:00-0700,"09.03.2024 - Jim Causey",Music,120,173567,"Jim Causey","Sep 3, 2024","10:46:43 PM",2024-09-03T22:46:43-0700,Ausklang,Kairos,Kairos,4:52,,DEYX82211937,,,2024,,,MusicHub,4064946379206
"Sep 3, 2024","10:30:00 PM",2024-09-03T22:30:00-0700,"09.03.2024 - Jim Causey",Music,120,173567,"Jim Causey","Sep 3, 2024","10:43:13 PM",2024-09-03T22:43:13-0700,ConcernedApe,"Summer (The Sun Can Bend an Orange Sky)","Stardew Valley (Original Game Soundtrack)",3:41,,TCACS1600075,,,2016,,,self-released,0859718322498
"Sep 3, 2024","10:30:00 PM",2024-09-03T22:30:00-0700,"09.03.2024 - Jim Causey",Music,120,173567,"Jim Causey","Sep 3, 2024","10:39:41 PM",2024-09-03T22:39:41-0700,"Japanese Breakfast","Burnt Oak Station (Night)","Sable (Original Video Game Soundtrack)",3:43,,USQX92101309,,,2021,,,Masterworks,0886449206308
"Sep 3, 2024","10:30:00 PM",2024-09-03T22:30:00-0700,"09.03.2024 - Jim Causey",Music,120,173567,"Jim Causey","Sep 3, 2024","10:35:48 PM",2024-09-03T22:35:48-0700,"Mt Fog",Drifting,Drifting,3:52,,QZES72416386,,,2024,,,"Save the Forest for the Trees",0198081134230
"Aug 27, 2024","10:30:00 PM",2024-08-27T22:30:00-0700,"08.27.2024 - Jim Causey",Music,120,173567,"Jim Causey","Aug 28, 2024","12:23:53 AM",2024-08-28T00:23:53-0700,"André 3000","Ants To You, Gods To Who ?","New Blue Sun",6:42,,USSM12305454,,,2023,,,Epic,0196589963802
"Aug 27, 2024","10:30:00 PM",2024-08-27T22:30:00-0700,"08.27.2024 - Jim Causey",Music,120,173567,"Jim Causey","Aug 28, 2024","12:19:43 AM",2024-08-28T00:19:43-0700,Elbow,"Mercy Street","Mercy Street",5:43,,GBCPB1000741,,,2010,,,EMI,5099964731858
"Aug 27, 2024","10:30:00 PM",2024-08-27T22:30:00-0700,"08.27.2024 - Jim Causey",Music,120,173567,"Jim Causey","Aug 28, 2024","12:09:03 AM",2024-08-28T00:09:03-0700,"Leslee Smucker","fixed hills","fixed hills",4:06,,QMQQH2310783,,,2023,,,"Beacon Sound",0769791985445
"Aug 27, 2024","10:30:00 PM",2024-08-27T22:30:00-0700,"08.27.2024 - Jim Causey",Music,120,173567,"Jim Causey","Aug 28, 2024","12:04:07 AM",2024-08-28T00:04:07-0700,"Eykamp String Quartet",Athabaskan,"Alaskan Soundscapes: Music for Wrangell-St. Elias and Kenai Fjords National Parks",4:19,,US7KR2300005,,,2023,,,CORANGLAIS,0195269265373
"Aug 27, 2024","10:30:00 PM",2024-08-27T22:30:00-0700,"08.27.2024 - Jim Causey",Music,120,173567,"Jim Causey","Aug 27, 2024","11:59:03 PM",2024-08-27T23:59:03-0700,"Deborah Martin","Fort Apache Meadowlarks",Kinishba,5:34,,USSP52490005,,,2024,,,"Spotted Peccary",0600028906720
"Aug 27, 2024","10:30:00 PM",2024-08-27T22:30:00-0700,"08.27.2024 - Jim Causey",Music,120,173567,"Jim Causey","Aug 27, 2024","11:49:16 PM",2024-08-27T23:49:16-0700,"Garden of Magic",Feel,Feel,5:05,,QZHN92440712,,,2024,,,"garden of gardens",0198469030185
"Aug 27, 2024","10:30:00 PM",2024-08-27T22:30:00-0700,"08.27.2024 - Jim Causey",Music,120,173567,"Jim Causey","Aug 27, 2024","11:43:17 PM",2024-08-27T23:43:17-0700,"Pauline Anna Strom","Morning Splendor","Trans-Millenia Consort",6:06,,US6PQ2300192,,,2023,,,"RVNG Intl.",0747742386046
"Aug 27, 2024","10:30:00 PM",2024-08-27T22:30:00-0700,"08.27.2024 - Jim Causey",Music,120,173567,"Jim Causey","Aug 27, 2024","11:39:23 PM",2024-08-27T23:39:23-0700,"Sumner James",Attenuation,"Dive 1: Refraction",4:06,,USCGH2440949,,,2024,,,"Bathysphere Records",0198015301547
"Aug 27, 2024","10:30:00 PM",2024-08-27T22:30:00-0700,"08.27.2024 - Jim Causey",Music,120,173567,"Jim Causey","Aug 27, 2024","11:35:07 PM",2024-08-27T23:35:07-0700,"Paul Speer","Rain Forest","Natural States",4:18,,USNA18513169,,,1985,,,Narada,0076742630157
"Aug 27, 2024","10:30:00 PM",2024-08-27T22:30:00-0700,"08.27.2024 - Jim Causey",Music,120,173567,"Jim Causey","Aug 27, 2024","11:22:28 PM",2024-08-27T23:22:28-0700,"Caroline Polachek","Butterfly Net (feat. Weyes Blood)","Butterfly Net (feat. Weyes Blood)",5:33,,QM4TW2467782,,,2024,,,"Perpetual Novice",0198391067648
"Aug 27, 2024","10:30:00 PM",2024-08-27T22:30:00-0700,"08.27.2024 - Jim Causey",Music,120,173567,"Jim Causey","Aug 27, 2024","11:12:16 PM",2024-08-27T23:12:16-0700,"Soft Release","Broken Number 13","Broken Number 13",4:07,,QZTB22354483,,,2023,,,"Strange Sparks",
"Aug 27, 2024","10:30:00 PM",2024-08-27T22:30:00-0700,"08.27.2024 - Jim Causey",Music,120,173567,"Jim Causey","Aug 27, 2024","11:03:49 PM",2024-08-27T23:03:49-0700,"Drab Majesty","Dot in the Sky","The Demonstration",5:27,,QMBZ91673224,,,2017,,,"Dais Records",0191018390570
"Aug 27, 2024","10:30:00 PM",2024-08-27T22:30:00-0700,"08.27.2024 - Jim Causey",Music,120,173567,"Jim Causey","Aug 27, 2024","10:59:05 PM",2024-08-27T22:59:05-0700,LEATHERS,Crash,Crash,3:26,,QM4TW2429272,,,2024,,,"Artoffact Records",0628070641192
"Aug 27, 2024","10:30:00 PM",2024-08-27T22:30:00-0700,"08.27.2024 - Jim Causey",Music,120,173567,"Jim Causey","Aug 27, 2024","10:54:19 PM",2024-08-27T22:54:19-0700,"Echo & The Bunnymen","Lips Like Sugar","Echo & the Bunnymen (Bonus Tracks Edition) [2004 Remaster]",4:52,,GBAHT0003955,,,1987,,,"Rhino/Warner Records",81227893361
"Aug 27, 2024","10:30:00 PM",2024-08-27T22:30:00-0700,"08.27.2024 - Jim Causey",Music,120,173567,"Jim Causey","Aug 27, 2024","10:50:23 PM",2024-08-27T22:50:23-0700,"Talk Talk","Such A Shame","Magic Of The Eighties",4:27,,GBAYE8400128,,,1997,,,"Parlophone UK",0724385573552
"Aug 27, 2024","10:30:00 PM",2024-08-27T22:30:00-0700,"08.27.2024 - Jim Causey",Music,120,173567,"Jim Causey","Aug 27, 2024","10:44:30 PM",2024-08-27T22:44:30-0700,Slowdive,shanty,"everything is alive",5:48,,USJ5G2323201,,,2023,,,"Dead Oceans",0656605153261
"Aug 27, 2024","10:30:00 PM",2024-08-27T22:30:00-0700,"08.27.2024 - Jim Causey",Music,120,173567,"Jim Causey","Aug 27, 2024","10:40:29 PM",2024-08-27T22:40:29-0700,"Mr. Clean",Moonlight,Moonlight,5:07,,QZHNB2184519,,,2021,,,"776903 Records DK",0196250062650
"Aug 27, 2024","10:30:00 PM",2024-08-27T22:30:00-0700,"08.27.2024 - Jim Causey",Music,120,173567,"Jim Causey","Aug 27, 2024","10:40:19 PM",2024-08-27T22:40:19-0700,"Still Corners","Midnight Drive","Strange Pleasures",4:24,,USSUB1203510,,,2013,,,"Subpop Record Group",0098787103564
"Aug 27, 2024","10:30:00 PM",2024-08-27T22:30:00-0700,"08.27.2024 - Jim Causey",Music,120,173567,"Jim Causey","Aug 27, 2024","10:35:09 PM",2024-08-27T22:35:09-0700,"Echo of the Low Light",Shipwreck,Shipwreck,4:43,,QZFZ41975964,,,2019,,,DISTROKID,0194616227439
"Aug 20, 2024","10:30:00 PM",2024-08-20T22:30:00-0700,"08.20.2024 - Jim Causey",Music,120,173567,"Jim Causey","Aug 21, 2024","12:19:01 AM",2024-08-21T00:19:01-0700,"Jon Hopkins","Sit Around The Fire","Sit Around The Fire",8:22,,GBCEL2100346,,,2021,,,"Domino Recording Co",0887829125783
"Aug 20, 2024","10:30:00 PM",2024-08-20T22:30:00-0700,"08.20.2024 - Jim Causey",Music,120,173567,"Jim Causey","Aug 21, 2024","12:11:39 AM",2024-08-21T00:11:39-0700,"Time Being","Beyond the Observable","Hidden Structures",7:37,,USSP52490017,,,2024,,,"Spotted Peccary",0600028910727
"Aug 20, 2024","10:30:00 PM",2024-08-20T22:30:00-0700,"08.20.2024 - Jim Causey",Music,120,173567,"Jim Causey","Aug 21, 2024","12:08:33 AM",2024-08-21T00:08:33-0700,Lightwave,"Hymn for the Guild of Astronomers","Tycho Brahé",3:39,,USHM20619797,,,2006,,,Horizon,0639441047222
"Aug 20, 2024","10:30:00 PM",2024-08-20T22:30:00-0700,"08.20.2024 - Jim Causey",Music,120,173567,"Jim Causey","Aug 21, 2024","12:02:40 AM",2024-08-21T00:02:40-0700,"missing scenes","who is this for pt. 2","who is this for?",6:39,,,,L,,,,,
"Aug 20, 2024","10:30:00 PM",2024-08-20T22:30:00-0700,"08.20.2024 - Jim Causey",Music,120,173567,"Jim Causey","Aug 20, 2024","11:55:53 PM",2024-08-20T23:55:53-0700,"Dreamstate Logic","Octaves Of Light","Cosmic Legacy",6:27,,QZPLR2417852,,,2024,,,"Dreamstate Logic",0198671585619
"Aug 20, 2024","10:30:00 PM",2024-08-20T22:30:00-0700,"08.20.2024 - Jim Causey",Music,120,173567,"Jim Causey","Aug 20, 2024","11:48:23 PM",2024-08-20T23:48:23-0700,Deepspace,"Introduction - The Chord of the Abyss - Remaster 2024","Vertical Landscapes — Retrospective (Remaster 2024)",7:35,,USHK92432113,,,2024,,,Projekt:Archive,0617026232126
"Aug 20, 2024","10:30:00 PM",2024-08-20T22:30:00-0700,"08.20.2024 - Jim Causey",Music,120,173567,"Jim Causey","Aug 20, 2024","11:46:03 PM",2024-08-20T23:46:03-0700,Etelin,"Electrical Sailing","Electrical Sailing",2:21,,USHM82451613,,,2024,,,"Beacon Sound",0198595108451
"Aug 20, 2024","10:30:00 PM",2024-08-20T22:30:00-0700,"08.20.2024 - Jim Causey",Music,120,173567,"Jim Causey","Aug 20, 2024","11:43:26 PM",2024-08-20T23:43:26-0700,"Brass Clouds","Dithering Snakes","Low West Hum",2:45,,QZRP42493849,,L,2024,,,"Sun Cru",0198669965911
"Aug 20, 2024","10:30:00 PM",2024-08-20T22:30:00-0700,"08.20.2024 - Jim Causey",Music,120,173567,"Jim Causey","Aug 20, 2024","11:35:13 PM",2024-08-20T23:35:13-0700,Ausklang,Pulsar,Kairos,6:02,,,,,2024,,,"Past Inside The Present",
"Aug 20, 2024","10:30:00 PM",2024-08-20T22:30:00-0700,"08.20.2024 - Jim Causey",Music,120,173567,"Jim Causey","Aug 20, 2024","11:28:12 PM",2024-08-20T23:28:12-0700,Coastlands,"Morristown, Az","Milieu III",7:01,,QZES71967905,,L,2019,,,"Dunk! Records",0194155435432
"Aug 20, 2024","10:30:00 PM",2024-08-20T22:30:00-0700,"08.20.2024 - Jim Causey",Music,120,173567,"Jim Causey","Aug 20, 2024","11:23:06 PM",2024-08-20T23:23:06-0700,"Michael Shrieve","Four Winds",Stiletto,6:15,,TCABM1309624,,,2013,,,"Michael Shrieve",0859709578651
"Aug 20, 2024","10:30:00 PM",2024-08-20T22:30:00-0700,"08.20.2024 - Jim Causey",Music,120,173567,"Jim Causey","Aug 20, 2024","11:20:34 PM",2024-08-20T23:20:34-0700,TOTO,"Take My Hand","Dune (Original Motion Picture Soundtrack)",2:35,,USA298400170,,,1993,,,"Universal Records",00042282377029
"Aug 20, 2024","10:30:00 PM",2024-08-20T22:30:00-0700,"08.20.2024 - Jim Causey",Music,120,173567,"Jim Causey","Aug 20, 2024","11:18:51 PM",2024-08-20T23:18:51-0700,"Hans Zimmer","Leaving Caladan","Dune (Original Motion Picture Soundtrack)",1:55,,USNLR2101183,,,2021,,,"WaterTower Music",0794043205743
"Aug 20, 2024","10:30:00 PM",2024-08-20T22:30:00-0700,"08.20.2024 - Jim Causey",Music,120,173567,"Jim Causey","Aug 20, 2024","11:13:40 PM",2024-08-20T23:13:40-0700,"SOMAFREE INSTITUTE","Phase Induction (The Path Is Clear)","Exit Signal",5:08,,QZHNB2489808,,,2024,,,"SFI Recordings",0198471434780
"Aug 20, 2024","10:30:00 PM",2024-08-20T22:30:00-0700,"08.20.2024 - Jim Causey",Music,120,173567,"Jim Causey","Aug 20, 2024","11:10:08 PM",2024-08-20T23:10:08-0700,"The MIDI Janitor","No Division Between Sayings","Holy To Dogs",4:35,,,,L,2024,,,"Hotham Sound Recordings",
"Aug 20, 2024","10:30:00 PM",2024-08-20T22:30:00-0700,"08.20.2024 - Jim Causey",Music,120,173567,"Jim Causey","Aug 20, 2024","11:05:48 PM",2024-08-20T23:05:48-0700,Patience,"Living Things Don't Last","Dizzy Spells",3:01,,GBCK41200336,,,2019,,,"Night School Records / Winona Records",0647603405001
"Aug 20, 2024","10:30:00 PM",2024-08-20T22:30:00-0700,"08.20.2024 - Jim Causey",Music,120,173567,"Jim Causey","Aug 20, 2024","11:01:20 PM",2024-08-20T23:01:20-0700,"Nation of Language","Rush & Fever","Rush & Fever",4:00,,TCAEQ2006506,,,2020,,,"Nation of Language",0859736930842
"Aug 20, 2024","10:30:00 PM",2024-08-20T22:30:00-0700,"08.20.2024 - Jim Causey",Music,120,173567,"Jim Causey","Aug 20, 2024","10:57:57 PM",2024-08-20T22:57:57-0700,LEATHERS,Crash,Crash,3:25,,QM4TW2429272,,,2024,,,"Artoffact Records",0197190947021
"Aug 20, 2024","10:30:00 PM",2024-08-20T22:30:00-0700,"08.20.2024 - Jim Causey",Music,120,173567,"Jim Causey","Aug 20, 2024","10:54:40 PM",2024-08-20T22:54:40-0700,Bluhm,"Too Late","Too Late",3:34,,QZNWS2445677,,,2024,,,"Bluhm Music",0198676258747
"Aug 20, 2024","10:30:00 PM",2024-08-20T22:30:00-0700,"08.20.2024 - Jim Causey",Music,120,173567,"Jim Causey","Aug 20, 2024","10:50:52 PM",2024-08-20T22:50:52-0700,"Future Islands","For Sure","For Sure",3:25,,GBAFL2000212,,,2020,,,4AD,5059638064446
"Aug 20, 2024","10:30:00 PM",2024-08-20T22:30:00-0700,"08.20.2024 - Jim Causey",Music,120,173567,"Jim Causey","Aug 20, 2024","10:46:06 PM",2024-08-20T22:46:06-0700,Destroyer,"It Just Doesn’t Happen","It Just Doesn’t Happen",5:00,,USMRG2070903,,,2020,,,"Dead Oceans",0673855070926
"Aug 20, 2024","10:30:00 PM",2024-08-20T22:30:00-0700,"08.20.2024 - Jim Causey",Music,120,173567,"Jim Causey","Aug 20, 2024","10:43:01 PM",2024-08-20T22:43:01-0700,"Noble Oak","The Truth","When It Finds You",3:12,,CAL452326605,,,2023,,,"Last Gang",0634164926632
"Aug 20, 2024","10:30:00 PM",2024-08-20T22:30:00-0700,"08.20.2024 - Jim Causey",Music,120,173567,"Jim Causey","Aug 20, 2024","10:34:00 PM",2024-08-20T22:34:00-0700,"Psychemagik vs Fleetwood Mac",Dreams,Dreams,9:20,,,,,,,,,
"Aug 20, 2024","10:30:00 PM",2024-08-20T22:30:00-0700,"08.20.2024 - Jim Causey",Music,120,173567,"Jim Causey","Aug 20, 2024","10:29:00 PM",2024-08-20T22:29:00-0700,"Broken Social Scene","Pacific Theme","You Forgot It in People",5:09,,CAAA10200106,,L,2003,,,"Arts & Crafts Mexico",827590010024
"Aug 13, 2024","10:30:00 PM",2024-08-13T22:30:00-0700,"08.13.2024 - Jim Causey",Music,120,173567,"Jim Causey","Aug 14, 2024","12:20:06 AM",2024-08-14T00:20:06-0700,"Little H Collective","Still Prevails",Collected,6:16,,QZFZ62243338,,,2022,,,"Little H Collective",0196700105210
"Aug 13, 2024","10:30:00 PM",2024-08-13T22:30:00-0700,"08.13.2024 - Jim Causey",Music,120,173567,"Jim Causey","Aug 14, 2024","12:14:44 AM",2024-08-14T00:14:44-0700,"Mark St John & Lisa Gerrard","The Empty Vessel 013","The Empty Vessel",5:13,,,,,2023,,,,
"Aug 13, 2024","10:30:00 PM",2024-08-13T22:30:00-0700,"08.13.2024 - Jim Causey",Music,120,173567,"Jim Causey","Aug 14, 2024","12:01:46 AM",2024-08-14T00:01:46-0700,"Arushi Jain","Just Like a Dragonfly","With & Without",12:53,,QZHN31917406,,,2019,,,DISTROKID,0194694542547
"Aug 13, 2024","10:30:00 PM",2024-08-13T22:30:00-0700,"08.13.2024 - Jim Causey",Music,120,173567,"Jim Causey","Aug 13, 2024","11:57:25 PM",2024-08-13T23:57:25-0700,IDRA,"Close your eyes, it's all around","Ambient Curation: Compilation Vol. 2",4:15,,,,,2024,,,,
"Aug 13, 2024","10:30:00 PM",2024-08-13T22:30:00-0700,"08.13.2024 - Jim Causey",Music,120,173567,"Jim Causey","Aug 13, 2024","11:52:22 PM",2024-08-13T23:52:22-0700,"Tim Story","The Lure of Silence","Glass Green",5:03,,USWH18701026,,,1987,,,"Windham Hill/Legacy",0196589973795
"Aug 13, 2024","10:30:00 PM",2024-08-13T22:30:00-0700,"08.13.2024 - Jim Causey",Music,120,173567,"Jim Causey","Aug 13, 2024","11:38:43 PM",2024-08-13T23:38:43-0700,"Arjen Schat","Non-Stellar Radiation (excerpt)","The Extragalactic Sessions Part 4",13:40,,,,,,,,,
"Aug 13, 2024","10:30:00 PM",2024-08-13T22:30:00-0700,"08.13.2024 - Jim Causey",Music,120,173567,"Jim Causey","Aug 13, 2024","11:30:46 PM",2024-08-13T23:30:46-0700,"Caterina Barbieri","Virgo Rebellion","Flowers From The Ashes: Contemporary Italian Electronic Misc",7:57,,,,,2018,,,"Stroboscopic Artefacts",
"Aug 13, 2024","10:30:00 PM",2024-08-13T22:30:00-0700,"08.13.2024 - Jim Causey",Music,120,173567,"Jim Causey","Aug 13, 2024","11:23:40 PM",2024-08-13T23:23:40-0700,Sophos,Relativität,Paradoxa,7:06,,,,,2024,,,"Cyclical Dreams",
"Aug 13, 2024","10:30:00 PM",2024-08-13T22:30:00-0700,"08.13.2024 - Jim Causey",Music,120,173567,"Jim Causey","Aug 13, 2024","11:16:34 PM",2024-08-13T23:16:34-0700,"Lee Anthony Norris & Porya Hatami","Moon (Red Vortical Stripes)","The Longing Daylight",7:06,,,,,2024,,,Neotantra,
"Aug 13, 2024","10:30:00 PM",2024-08-13T22:30:00-0700,"08.13.2024 - Jim Causey",Music,120,173567,"Jim Causey","Aug 13, 2024","11:11:01 PM",2024-08-13T23:11:01-0700,"Don Glori","First Touch","First Touch",5:33,,FRIDO2410131,,,2024,,,"DeepMatter Records",3663729295804
"Aug 13, 2024","10:30:00 PM",2024-08-13T22:30:00-0700,"08.13.2024 - Jim Causey",Music,120,173567,"Jim Causey","Aug 13, 2024","10:58:21 PM",2024-08-13T22:58:21-0700,"Arkham Sunset","A Way Out of Nothing","A Way Out of Nothing",12:51,,,,L,2024,,,,
"Aug 13, 2024","10:30:00 PM",2024-08-13T22:30:00-0700,"08.13.2024 - Jim Causey",Music,120,173567,"Jim Causey","Aug 13, 2024","10:56:18 PM",2024-08-13T22:56:18-0700,"Hello Meteor","Water Feature Maintenance","Comfortable Loneliness",2:03,,QZFZ42224052,,L,2022,,,"Evergreen Prefecture",0196700566646
"Aug 13, 2024","10:30:00 PM",2024-08-13T22:30:00-0700,"08.13.2024 - Jim Causey",Music,120,173567,"Jim Causey","Aug 13, 2024","10:48:54 PM",2024-08-13T22:48:54-0700,Orbital,"Halcyon & On - Jon Hopkins Remix","30 Something",7:11,,GBAAP2200026,,,2022,,,"London Music Stream",0190296152856
"Aug 13, 2024","10:30:00 PM",2024-08-13T22:30:00-0700,"08.13.2024 - Jim Causey",Music,120,173567,"Jim Causey","Aug 13, 2024","10:40:51 PM",2024-08-13T22:40:51-0700,"Marconi Union",Riser,"Ghost Stations",10:06,,GBDDN1600629,,,2016,,,"Just Music",677603011629
"Aug 13, 2024","10:30:00 PM",2024-08-13T22:30:00-0700,"08.13.2024 - Jim Causey",Music,120,173567,"Jim Causey","Aug 13, 2024","10:30:00 PM",2024-08-13T22:30:00-0700,"Bart Hawkins","Ripping the Fabric of Reality",Mirror,11:11,,,,L,2024,,,"Bart Hawkins",
"Aug 6, 2024","10:30:00 PM",2024-08-06T22:30:00-0700,"08.06.2024 - Jim Causey",Music,120,173567,"Jim Causey","Aug 7, 2024","12:25:44 AM",2024-08-07T00:25:44-0700,Gwenno,"Men an Toll","Men an Toll",1:33,,GBPVV2004030,,,2022,,,"Heavenly Recordings",5400863073275
"Aug 6, 2024","10:30:00 PM",2024-08-06T22:30:00-0700,"08.06.2024 - Jim Causey",Music,120,173567,"Jim Causey","Aug 7, 2024","12:09:22 AM",2024-08-07T00:09:22-0700,"zakè & Angela Winter",Gale,"Mid Sky",16:48,,,,,2024,,,"Past Inside The Present",
"Aug 6, 2024","10:30:00 PM",2024-08-06T22:30:00-0700,"08.06.2024 - Jim Causey",Music,120,173567,"Jim Causey","Aug 7, 2024","12:03:39 AM",2024-08-07T00:03:39-0700,"Emma Ruth Rundle","Oslo, Pt. 1","Electric Guitar: One",5:42,,TCACG1567664,,L,2015,,,"The Errant Child",0859715041439
"Aug 6, 2024","10:30:00 PM",2024-08-06T22:30:00-0700,"08.06.2024 - Jim Causey",Music,120,173567,"Jim Causey","Aug 6, 2024","11:57:40 PM",2024-08-06T23:57:40-0700,"Karaffa Sound","Last Man Home","Last Man Home",5:44,,,,,2024,,,,
"Aug 6, 2024","10:30:00 PM",2024-08-06T22:30:00-0700,"08.06.2024 - Jim Causey",Music,120,173567,"Jim Causey","Aug 6, 2024","11:52:48 PM",2024-08-06T23:52:48-0700,SUSS,Flight,Flight,5:42,,USWEX2400023,,,2024,,,"Northern Spy",0634457175914
"Aug 6, 2024","10:30:00 PM",2024-08-06T22:30:00-0700,"08.06.2024 - Jim Causey",Music,120,173567,"Jim Causey","Aug 6, 2024","11:50:49 PM",2024-08-06T23:50:49-0700,"Lyndsie Alguire","Flowers and Ruins","Time Is but the Drawing of a Sword",2:29,,,,L,2024,,,"Hush Hush Records",
"Aug 6, 2024","10:30:00 PM",2024-08-06T22:30:00-0700,"08.06.2024 - Jim Causey",Music,120,173567,"Jim Causey","Aug 6, 2024","11:46:25 PM",2024-08-06T23:46:25-0700,"Patricia Wolf","The Secret Lives of Birds","The Secret Lives Of Birds",3:07,,,,L,2024,,,,
"Aug 6, 2024","10:30:00 PM",2024-08-06T22:30:00-0700,"08.06.2024 - Jim Causey",Music,120,173567,"Jim Causey","Aug 6, 2024","11:42:02 PM",2024-08-06T23:42:02-0700,"Playback Head","Tropic of Capricorn","Body of Water",4:51,,,,L,2024,,,"Hotham Sound Recordings",
"Aug 6, 2024","10:30:00 PM",2024-08-06T22:30:00-0700,"08.06.2024 - Jim Causey",Music,120,173567,"Jim Causey","Aug 6, 2024","11:36:46 PM",2024-08-06T23:36:46-0700,"Point Surrender",Lakeside,"Mark II",5:28,,,,,2024,,,"Cyclical Dreams",
"Aug 6, 2024","10:30:00 PM",2024-08-06T22:30:00-0700,"08.06.2024 - Jim Causey",Music,120,173567,"Jim Causey","Aug 6, 2024","11:28:25 PM",2024-08-06T23:28:25-0700,"Dreamstate Logic","Cosmic Legacy","Cosmic Legacy",8:21,,,,L,2024,,,,
"Aug 6, 2024","10:30:00 PM",2024-08-06T22:30:00-0700,"08.06.2024 - Jim Causey",Music,120,173567,"Jim Causey","Aug 6, 2024","11:24:19 PM",2024-08-06T23:24:19-0700,"Brian Eno & John Cale","You Don't Miss Your Water - From ""Married To The Mob""","Brian Eno - Film Music 1976 ~ 2020",3:46,,GB2DY2000321,,,2020,,,"UMC (Universal Music Catalogue)",00602507357399
"Aug 6, 2024","10:30:00 PM",2024-08-06T22:30:00-0700,"08.06.2024 - Jim Causey",Music,120,173567,"Jim Causey","Aug 6, 2024","11:19:17 PM",2024-08-06T23:19:17-0700,"Dead Can Dance","American Dreaming (Live) [Remastered]","Toward the Within (Remastered)",4:54,,GBAFL0700055,,,1994,,,4AD,652637271249
"Aug 6, 2024","10:30:00 PM",2024-08-06T22:30:00-0700,"08.06.2024 - Jim Causey",Music,120,173567,"Jim Causey","Aug 6, 2024","11:15:08 PM",2024-08-06T23:15:08-0700,Hooverphonic,Autoharp,"The Magnificent Tree",4:21,,BEU010001060,,,2013,,,Columbia/Legacy,0886443186392
"Aug 6, 2024","10:30:00 PM",2024-08-06T22:30:00-0700,"08.06.2024 - Jim Causey",Music,120,173567,"Jim Causey","Aug 6, 2024","11:11:48 PM",2024-08-06T23:11:48-0700,Gwenno,"An Stevel Nowydh",Tresor,3:20,,GBPVV2004026,,,2022,,,"Heavenly Recordings",5400863073275
"Aug 6, 2024","10:30:00 PM",2024-08-06T22:30:00-0700,"08.06.2024 - Jim Causey",Music,120,173567,"Jim Causey","Aug 6, 2024","11:09:50 PM",2024-08-06T23:09:50-0700,IKSRE,"Gibbous (Shelf Nunny Remix)",Transmission,1:52,,GBHLW2003896,,,2020,,,"Hush Hush",5056321616340
"Aug 6, 2024","10:30:00 PM",2024-08-06T22:30:00-0700,"08.06.2024 - Jim Causey",Music,120,173567,"Jim Causey","Aug 6, 2024","11:06:28 PM",2024-08-06T23:06:28-0700,"Frankie Rose",Secrets,"Seventeen Seconds",3:23,,US4TA1900021,,,2019,,,"Slumberland Records",0749846902689
"Aug 6, 2024","10:30:00 PM",2024-08-06T22:30:00-0700,"08.06.2024 - Jim Causey",Music,120,173567,"Jim Causey","Aug 6, 2024","11:02:56 PM",2024-08-06T23:02:56-0700,"FM Attack feat. Vandal Moon",Séance,Séance,3:41,,QZFYY2255105,,L,2022,,,"Starfield Music",0196698493023
"Aug 6, 2024","10:30:00 PM",2024-08-06T22:30:00-0700,"08.06.2024 - Jim Causey",Music,120,173567,"Jim Causey","Aug 6, 2024","11:00:00 PM",2024-08-06T23:00:00-0700,ACTORS,"Dead Inside","Dead Inside - Single",2:50,,,,L,2024,,,,
"Aug 6, 2024","10:30:00 PM",2024-08-06T22:30:00-0700,"08.06.2024 - Jim Causey",Music,120,173567,"Jim Causey","Aug 6, 2024","10:58:50 PM",2024-08-06T22:58:50-0700,AeTopus,Umbrella,"Memories of the Elder",1:22,,USHM80592445,,L,2002,,,"12Ton Productions",737885339528
"Aug 6, 2024","10:30:00 PM",2024-08-06T22:30:00-0700,"08.06.2024 - Jim Causey",Music,120,173567,"Jim Causey","Aug 6, 2024","10:51:43 PM",2024-08-06T22:51:43-0700,Curses,"Another Heaven","Another Heaven - Single",7:07,,QZAKB2402306,,,2024,,,"Italians Do It Better",196429581197
"Aug 6, 2024","10:30:00 PM",2024-08-06T22:30:00-0700,"08.06.2024 - Jim Causey",Music,120,173567,"Jim Causey","Aug 6, 2024","10:47:56 PM",2024-08-06T22:47:56-0700,TR/ST,"All At Once","All at Once",3:47,,QZJCP2400014,,,2024,,,"Dais Records",0617308079081
"Aug 6, 2024","10:30:00 PM",2024-08-06T22:30:00-0700,"08.06.2024 - Jim Causey",Music,120,173567,"Jim Causey","Aug 6, 2024","10:42:38 PM",2024-08-06T22:42:38-0700,"Drab Majesty","Cold Souls","Cold Souls",5:30,,QM4TW1683742,,,2016,,,"Dais Records",0191018378363
"Aug 6, 2024","10:30:00 PM",2024-08-06T22:30:00-0700,"08.06.2024 - Jim Causey",Music,120,173567,"Jim Causey","Aug 6, 2024","10:41:02 PM",2024-08-06T22:41:02-0700,"Small Black",Dunes,"Cheap Dreams",1:14,,QMGR32242561,,,2021,,,"100% Electronica",720665588148
"Aug 6, 2024","10:30:00 PM",2024-08-06T22:30:00-0700,"08.06.2024 - Jim Causey",Music,120,173567,"Jim Causey","Aug 6, 2024","10:37:02 PM",2024-08-06T22:37:02-0700,"Pure Bathing Culture","The Child",Chalice,4:16,,QMBZ92393945,,L,2023,,,"First City Artists",0197189563348
"Aug 6, 2024","10:30:00 PM",2024-08-06T22:30:00-0700,"08.06.2024 - Jim Causey",Music,120,173567,"Jim Causey","Aug 6, 2024","10:31:39 PM",2024-08-06T22:31:39-0700,"Massive Attack","Safe from Harm - 2012 Mix/Master","Blue Lines",5:19,,GBAAA1200644,,,2012,,,"Virgin Catalogue",05099923203853
"Aug 6, 2024","10:30:00 PM",2024-08-06T22:30:00-0700,"08.06.2024 - Jim Causey",Music,120,173567,"Jim Causey","Aug 6, 2024","10:30:00 PM",2024-08-06T22:30:00-0700,"mega cat","Cool Adult","mega cat",1:39,,QZGKC2301609,,L,2024,,,"Share It Music",098787601664
"Jul 30, 2024","10:30:00 PM",2024-07-30T22:30:00-0700,"07.30.2024 - Jim Causey",Music,120,173567,"Jim Causey","Jul 31, 2024","12:20:28 AM",2024-07-31T00:20:28-0700,"William Basinski","On Time Out of Time 1.1","On Time Out of Time",5:43,,USY6C1931103,,,2019,,"Debuting ""Arcadia"" live in Seattle on September 20, and Portland on September 21 - https://williambasinski.bandcamp.com/album/on-time-out-of-time","Temporary Residence Ltd.",0656605341279
"Jul 30, 2024","10:30:00 PM",2024-07-30T22:30:00-0700,"07.30.2024 - Jim Causey",Music,120,173567,"Jim Causey","Jul 31, 2024","12:16:00 AM",2024-07-31T00:16:00-0700,"Henrik Meierkord",Summerbreeze,Falling,4:36,,,,,2024,,,Projekt,
"Jul 30, 2024","10:30:00 PM",2024-07-30T22:30:00-0700,"07.30.2024 - Jim Causey",Music,120,173567,"Jim Causey","Jul 31, 2024","12:09:00 AM",2024-07-31T00:09:00-0700,"Point Surrender","16-Bit Memory","Mark II",6:00,,,,,2024,,,"Cyclical Dreams",
"Jul 30, 2024","10:30:00 PM",2024-07-30T22:30:00-0700,"07.30.2024 - Jim Causey",Music,120,173567,"Jim Causey","Jul 31, 2024","12:06:09 AM",2024-07-31T00:06:09-0700,Amulets,"The Lowest Tide","Streaking Light | the Lowest Tide",3:26,,QZHN61972428,,L,2019,,,"Past Inside the Present",0194759166190
"Jul 30, 2024","10:30:00 PM",2024-07-30T22:30:00-0700,"07.30.2024 - Jim Causey",Music,120,173567,"Jim Causey","Jul 31, 2024","12:01:31 AM",2024-07-31T00:01:31-0700,"Domenica Diavoleria","Luda Repaired the Brooch","Orange Clearing",4:56,,QZMER2447571,,L,2024,,"Domenica Diavoleria has a concert coming up on August 9 - follow her on Instagram @domenicadiavoleria to learn more","Eiderdown Records",0198677776127
"Jul 30, 2024","10:30:00 PM",2024-07-30T22:30:00-0700,"07.30.2024 - Jim Causey",Music,120,173567,"Jim Causey","Jul 30, 2024","11:53:11 PM",2024-07-30T23:53:11-0700,"Karaffa Sound","The Idle Hours","The Idle Hours",5:20,,,,,2024,,,,
"Jul 30, 2024","10:30:00 PM",2024-07-30T22:30:00-0700,"07.30.2024 - Jim Causey",Music,120,173567,"Jim Causey","Jul 30, 2024","11:48:18 PM",2024-07-30T23:48:18-0700,Afrocop,"Rare Belief","Rare Belief",5:52,,QZPEW2497696,,L,2024,,"New music from the Seattle group - their LP Afrocop just released last week!","Wax Thematique",0748777340065
"Jul 30, 2024","10:30:00 PM",2024-07-30T22:30:00-0700,"07.30.2024 - Jim Causey",Music,120,173567,"Jim Causey","Jul 30, 2024","11:44:11 PM",2024-07-30T23:44:11-0700,Air,"J'ai Dormi Sous L'eau (BBC Live Session)","Moon Safari",4:10,,,,,1998,,"Air will perform in Seattle at Benaroya Hall on Friday, September 27 - they're touring in honor of the 25th anniversary of their debut LP ""Moon SafarI"" ","Parlophone France",
"Jul 30, 2024","10:30:00 PM",2024-07-30T22:30:00-0700,"07.30.2024 - Jim Causey",Music,120,173567,"Jim Causey","Jul 30, 2024","11:33:56 PM",2024-07-30T23:33:56-0700,"Bart Hawkins","Riding Waves of Light",Mirror,10:29,,QZRP42464761,,,2024,,,"Bart Hawkins",0198670133392
"Jul 30, 2024","10:30:00 PM",2024-07-30T22:30:00-0700,"07.30.2024 - Jim Causey",Music,120,173567,"Jim Causey","Jul 30, 2024","11:28:01 PM",2024-07-30T23:28:01-0700,"Arushi Jain","Infinite Delight",Delight,6:12,,USA2P2360407,,,2024,,,"Leaving Records",0196922756078
"Jul 30, 2024","10:30:00 PM",2024-07-30T22:30:00-0700,"07.30.2024 - Jim Causey",Music,120,173567,"Jim Causey","Jul 30, 2024","11:09:58 PM",2024-07-30T23:09:58-0700,"Terry Riley","Descending Moonshine Dervishes (pt 2) (excerpt)","Descending Moonshine Dervishes",,,,,,1975,,"limited edition vinyl reissue due out on August 9th, 2024 on Portland's Beacon Sound: https://beaconsound.bandcamp.com/album/descending-moonshine-dervishes","Beacon Sound",
"Jul 30, 2024","10:30:00 PM",2024-07-30T22:30:00-0700,"07.30.2024 - Jim Causey",Music,120,173567,"Jim Causey","Jul 30, 2024","11:02:27 PM",2024-07-30T23:02:27-0700,"The Who","Baba O'Riley","Who's Next (Deluxe Edition)",5:00,,GBUM71405411,,,2015,,,Geffen,00602547269683
"Jul 30, 2024","10:30:00 PM",2024-07-30T22:30:00-0700,"07.30.2024 - Jim Causey",Music,120,173567,"Jim Causey","Jul 30, 2024","10:53:30 PM",2024-07-30T22:53:30-0700,"Arkham Sunset","The Inhuman Condition","The Inhuman Condition",3:58,,,,L,,,,,
"Jul 30, 2024","10:30:00 PM",2024-07-30T22:30:00-0700,"07.30.2024 - Jim Causey",Music,120,173567,"Jim Causey","Jul 30, 2024","10:50:57 PM",2024-07-30T22:50:57-0700,LEATHERS,Highrise,"Highrise - Single",3:28,,QMFMF2213372,,L,2023,,"Debut LP due out August 16th!","Artoffact Records",197187720903
"Jul 30, 2024","10:30:00 PM",2024-07-30T22:30:00-0700,"07.30.2024 - Jim Causey",Music,120,173567,"Jim Causey","Jul 30, 2024","10:46:44 PM",2024-07-30T22:46:44-0700,Ladytron,"Blue Jeans","Light & Magic (Bonus Version)",2:32,,CAN111000541,,,2002,,"Performing at Bumbershoot in Seattle on September 1st","Nettwerk Records",0067003091350
"Jul 30, 2024","10:30:00 PM",2024-07-30T22:30:00-0700,"07.30.2024 - Jim Causey",Music,120,173567,"Jim Causey","Jul 30, 2024","10:40:30 PM",2024-07-30T22:40:30-0700,"Bryan Ferry","Don't Stop the Dance","Boys and Girls",4:19,,GBAAA9900351,,,1985,,"Featuring the late David Sanborn on saxophone - born on this day in 1945","Virgin Records",00724384772253
"Jul 30, 2024","10:30:00 PM",2024-07-30T22:30:00-0700,"07.30.2024 - Jim Causey",Music,120,173567,"Jim Causey","Jul 30, 2024","10:35:27 PM",2024-07-30T22:35:27-0700,"Kate Bush",Cloudbusting,"Hounds of Love",5:10,,GBCNR8500022,,,1986,,"Kate Bush - Born on this day in 1958!","Fish People",5099902930152
"Jul 30, 2024","10:30:00 PM",2024-07-30T22:30:00-0700,"07.30.2024 - Jim Causey",Music,120,173567,"Jim Causey","Jul 30, 2024","10:31:30 PM",2024-07-30T22:31:30-0700,"Soft Release","The Space Between Us","The Space Between Us",3:54,,,,L,2024,,"Brand new from Soft Release - darkwave project of Mt Fog's Carolyn B and Andy Sells",,
"Jul 23, 2024","10:30:00 PM",2024-07-23T22:30:00-0700,"07.23.2024 - Jim Causey",Music,120,173567,"Jim Causey","Jul 24, 2024","12:27:48 AM",2024-07-24T00:27:48-0700,"Gareth Coker","Zeta Halo","Halo Infinite (Original Soundtrack)",3:31,,TCAFW2181327,,,2021,,,"343 Industries",859751373815
"Jul 23, 2024","10:30:00 PM",2024-07-23T22:30:00-0700,"07.23.2024 - Jim Causey",Music,120,173567,"Jim Causey","Jul 24, 2024","12:25:25 AM",2024-07-24T00:25:25-0700,"Lena Raine","Welcome to Moonglow Bay","Moonglow Bay (Original Soundtrack)",2:26,,QZPJ32117911,,L,2021,,"Vancouver, BC-based composer for indie games including ""Celeste""","Radical Dreamland",0198001535123
"Jul 23, 2024","10:30:00 PM",2024-07-23T22:30:00-0700,"07.23.2024 - Jim Causey",Music,120,173567,"Jim Causey","Jul 24, 2024","12:22:05 AM",2024-07-24T00:22:05-0700,C418,"Subwoofer Lullaby","Minecraft - Volume Alpha",3:29,,TCAAW1157071,,,2011,,,C418,0859705593825
"Jul 23, 2024","10:30:00 PM",2024-07-23T22:30:00-0700,"07.23.2024 - Jim Causey",Music,120,173567,"Jim Causey","Jul 24, 2024","12:19:54 AM",2024-07-24T00:19:54-0700,C418,"Moog City","Minecraft - Volume Alpha",2:40,,TCAAW1157075,,,2011,,,C418,0859705593825
"Jul 23, 2024","10:30:00 PM",2024-07-23T22:30:00-0700,"07.23.2024 - Jim Causey",Music,120,173567,"Jim Causey","Jul 24, 2024","12:16:14 AM",2024-07-24T00:16:14-0700,"Tim Shiel",Gernika,Induction,4:23,,AUFP20000002,,,2020,,,"Spirit Level",5054526566576
"Jul 23, 2024","10:30:00 PM",2024-07-23T22:30:00-0700,"07.23.2024 - Jim Causey",Music,120,173567,"Jim Causey","Jul 24, 2024","12:11:52 AM",2024-07-24T00:11:52-0700,"Ben Babbit","Bureau of Reclaimed Spaces","Kentucky Route Zero",4:24,,,,,,,,,
"Jul 23, 2024","10:30:00 PM",2024-07-23T22:30:00-0700,"07.23.2024 - Jim Causey",Music,120,173567,"Jim Causey","Jul 24, 2024","12:09:27 AM",2024-07-24T00:09:27-0700,"Lyndsie Alguire","Flowers and Ruins","Time Is but the Drawing of a Sword",2:29,,,,L,2024,,"Out August 23! Check out the interactive game that's out now: https://bognymph.itch.io/time-is-but-the-drawing-of-a-sword","Hush Hush Records",
"Jul 23, 2024","10:30:00 PM",2024-07-23T22:30:00-0700,"07.23.2024 - Jim Causey",Music,120,173567,"Jim Causey","Jul 24, 2024","12:06:08 AM",2024-07-24T00:06:08-0700,Daedalus,Clouds,"Nidhogg OST",2:36,,,,,,,https://daedelusmusic.bandcamp.com/album/nidhogg-ost-bonus-materials,,
"Jul 23, 2024","10:30:00 PM",2024-07-23T22:30:00-0700,"07.23.2024 - Jim Causey",Music,120,173567,"Jim Causey","Jul 24, 2024","12:05:12 AM",2024-07-24T00:05:12-0700,"The Fat Man and Team Fat",Doorbell,7/11,1:00,,USAKP0810021,,,1997,,,"Lazy S.O.B.",765481767827
"Jul 23, 2024","10:30:00 PM",2024-07-23T22:30:00-0700,"07.23.2024 - Jim Causey",Music,120,173567,"Jim Causey","Jul 24, 2024","12:03:32 AM",2024-07-24T00:03:32-0700,"The Fat Man and Team Fat","Ghost of Bo (from ""The 7th Guest"")","The 7th Guest--Come Back! (Original Game Soundtrack)",1:49,,USAKP0810014,,,2021,,,"Fat Manor",0196006104252
"Jul 23, 2024","10:30:00 PM",2024-07-23T22:30:00-0700,"07.23.2024 - Jim Causey",Music,120,173567,"Jim Causey","Jul 24, 2024","12:02:03 AM",2024-07-24T00:02:03-0700,"David Arkenstone",Aftermath,"World of Warcraft: Cataclysm (Original Game Soundtrack)",2:07,,,,,2010,,,"Blizzard Entertainment, Inc. / Azeroth Music",020626862585
"Jul 23, 2024","10:30:00 PM",2024-07-23T22:30:00-0700,"07.23.2024 - Jim Causey",Music,120,173567,"Jim Causey","Jul 23, 2024","11:57:15 PM",2024-07-23T23:57:15-0700,"Alexander Brandon","Deus Ex Main Title","Deus Ex Main Title",2:26,,,,,2021,,,SkyMusic,
"Jul 23, 2024","10:30:00 PM",2024-07-23T22:30:00-0700,"07.23.2024 - Jim Causey",Music,120,173567,"Jim Causey","Jul 23, 2024","11:55:23 PM",2024-07-23T23:55:23-0700,"Paul Ruskay","The Great Wastelands","Homeworld 1 Remastered (Original Soundtrack)",1:56,,UK9AV2301349,,,2023,,,"Laced Records",5053760109969
"Jul 23, 2024","10:30:00 PM",2024-07-23T22:30:00-0700,"07.23.2024 - Jim Causey",Music,120,173567,"Jim Causey","Jul 23, 2024","11:52:03 PM",2024-07-23T23:52:03-0700,"Paul Ruskay","Imperial Battle (Remixed)","Homeworld 1 Remastered (Original Soundtrack)",3:25,,UK9AV2301354,,,2023,,,"Laced Records",5053760109969
"Jul 23, 2024","10:30:00 PM",2024-07-23T22:30:00-0700,"07.23.2024 - Jim Causey",Music,120,173567,"Jim Causey","Jul 23, 2024","11:47:59 PM",2024-07-23T23:47:59-0700,65daysofstatic,Supermoon,"No Man's Sky: Music For An Infinite Universe (Original Soundtrack)",4:22,,US3M51641002,,,2016,,,"Laced Records",
"Jul 23, 2024","10:30:00 PM",2024-07-23T22:30:00-0700,"07.23.2024 - Jim Causey",Music,120,173567,"Jim Causey","Jul 23, 2024","11:46:16 PM",2024-07-23T23:46:16-0700,"Jack Wall",Saren,"Mass Effect (EA Games Soundtrack)",1:59,,CAN111600402,,,2016,,,"EA TM Music",0067003425353
"Jul 23, 2024","10:30:00 PM",2024-07-23T22:30:00-0700,"07.23.2024 - Jim Causey",Music,120,173567,"Jim Causey","Jul 23, 2024","11:44:45 PM",2024-07-23T23:44:45-0700,"Jack Wall","The Normandy","Mass Effect (Original Game Soundtrack)",1:33,,CAN111600399,,,2016,,,"EA TM Music",0067003425353
"Jul 23, 2024","10:30:00 PM",2024-07-23T22:30:00-0700,"07.23.2024 - Jim Causey",Music,120,173567,"Jim Causey","Jul 23, 2024","11:43:08 PM",2024-07-23T23:43:08-0700,"Jack Wall","The Citadel","Mass Effect - Original Game Soundtrack",1:43,,CAN111600403,,,2016,,,"EA TM Music",0067003425353
"Jul 23, 2024","10:30:00 PM",2024-07-23T22:30:00-0700,"07.23.2024 - Jim Causey",Music,120,173567,"Jim Causey","Jul 23, 2024","11:39:10 PM",2024-07-23T23:39:10-0700,"Jack Wall","Finding Samara","Mass Effect 2: Atmospheric (Original Video Game Score)",4:04,,CAN111000287,,,2010,,,"EA Music",067003588256
"Jul 23, 2024","10:30:00 PM",2024-07-23T22:30:00-0700,"07.23.2024 - Jim Causey",Music,120,173567,"Jim Causey","Jul 23, 2024","11:36:56 PM",2024-07-23T23:36:56-0700,"Jack Wall","Mass Effect Theme","Mass Effect (EA Games Soundtrack)",2:20,,CAN111600398,,,2016,,,"EA TM Music",0067003425353
"Jul 23, 2024","10:30:00 PM",2024-07-23T22:30:00-0700,"07.23.2024 - Jim Causey",Music,120,173567,"Jim Causey","Jul 23, 2024","11:36:00 PM",2024-07-23T23:36:00-0700,"Japanese Breakfast","Main Menu","Sable (Original Video Game Soundtrack)",1:04,,USQX92101279,,L,2021,,,Masterworks,886449206308
"Jul 23, 2024","10:30:00 PM",2024-07-23T22:30:00-0700,"07.23.2024 - Jim Causey",Music,120,173567,"Jim Causey","Jul 23, 2024","11:30:39 PM",2024-07-23T23:30:39-0700,"Jan Hammer","Crockett's Theme (From Grand Theft Auto: Vice City)","Miami Vice: The Complete Collection",3:36,,USCGH1133519,,,2013,,"The game was set in 1986, and this track was played on the radio station Emotion 98.3","Red Gate Records",888174423425
"Jul 23, 2024","10:30:00 PM",2024-07-23T22:30:00-0700,"07.23.2024 - Jim Causey",Music,120,173567,"Jim Causey","Jul 23, 2024","11:26:24 PM",2024-07-23T23:26:24-0700,"Cutting Crew","(I Just) Died in Your Arms",Broadcast,4:40,,GBAAA8600046,,,1986,,"The game was set in 1986, and this track was played on the radio station Emotion 98.3","Ten Records",77778600251
"Jul 23, 2024","10:30:00 PM",2024-07-23T22:30:00-0700,"07.23.2024 - Jim Causey",Music,120,173567,"Jim Causey","Jul 23, 2024","11:22:17 PM",2024-07-23T23:22:17-0700,"Roxy Music","More Than This (From Grand Theft Auto: Vice City)",Avalon,4:31,,GBAAA9900092,,,2001,,"The game was set in 1986, and this track was played on the radio station Emotion 98.3","EG Records",0724381039557
"Jul 23, 2024","10:30:00 PM",2024-07-23T22:30:00-0700,"07.23.2024 - Jim Causey",Music,120,173567,"Jim Causey","Jul 23, 2024","11:18:47 PM",2024-07-23T23:18:47-0700,"Tangerine Dream","You Forget A Thousand Things","The Music of Grand Theft Auto V, Vol. 2: The Score",3:36,,TCABQ1373009,,,2013,,,"Rockstar Games",0859711297342
"Jul 23, 2024","10:30:00 PM",2024-07-23T22:30:00-0700,"07.23.2024 - Jim Causey",Music,120,173567,"Jim Causey","Jul 23, 2024","11:11:11 PM",2024-07-23T23:11:11-0700,"CoLD SToRAGE","Canada - James Shinra Remix","Canada / Trancevaal",7:01,,DEG932303025,,,2023,,,Lapsus,4062548071757
"Jul 23, 2024","10:30:00 PM",2024-07-23T22:30:00-0700,"07.23.2024 - Jim Causey",Music,120,173567,"Jim Causey","Jul 23, 2024","11:05:07 PM",2024-07-23T23:05:07-0700,Orbital,"P.E.T.R.O.L (from the 1995 space racing game ""Wipeout"" on the PlayStation)","In Sides",6:17,,GBANB9600021,,,1996,,,"LMS Ltd.",0639842823227
"Jul 23, 2024","10:30:00 PM",2024-07-23T22:30:00-0700,"07.23.2024 - Jim Causey",Music,120,173567,"Jim Causey","Jul 23, 2024","10:56:07 PM",2024-07-23T22:56:07-0700,"The Future Sound Of London","We Have Explosive (from the 1996 video game ""Wipeout 2097""","Dead Cities",6:19,,GBAAA9600234,,,,,,"UME - Global Clearing House",00602465133660
"Jul 23, 2024","10:30:00 PM",2024-07-23T22:30:00-0700,"07.23.2024 - Jim Causey",Music,120,173567,"Jim Causey","Jul 23, 2024","10:51:18 PM",2024-07-23T22:51:18-0700,"The Chemical Brothers","Chemical Beats (from the soundtrack to the 1995 game ""Wipeout"")","Exit Planet Dust",4:50,,GBAAA9500062,,,1995,,,Astralwerks,00017046615754
"Jul 23, 2024","10:30:00 PM",2024-07-23T22:30:00-0700,"07.23.2024 - Jim Causey",Music,120,173567,"Jim Causey","Jul 23, 2024","10:47:10 PM",2024-07-23T22:47:10-0700,"Hello Meteor","Debug Mode (Mirror Tōge)","The Oahu GP 2: Hyper Tropic",1:54,,QZNWX2423298,,L,2024,,,DISTROKID,0198673340353
"Jul 23, 2024","10:30:00 PM",2024-07-23T22:30:00-0700,"07.23.2024 - Jim Causey",Music,120,173567,"Jim Causey","Jul 23, 2024","10:44:20 PM",2024-07-23T22:44:20-0700,"Hello Meteor","Build and Tune Your Car!","The Oahu GP",3:29,,QZHN62176308,,L,2021,,"Synthwave for a video game that doesn't exist - except in the Evergreen Prefecture","Evergreen Prefecture",196166921225
"Jul 23, 2024","10:30:00 PM",2024-07-23T22:30:00-0700,"07.23.2024 - Jim Causey",Music,120,173567,"Jim Causey","Jul 23, 2024","10:38:36 PM",2024-07-23T22:38:36-0700,"Masayuki Tanaka, Katamari Damacy Series SOUND TEAM & Bandai Namco Game Music","Katamari on the Rocks","Katamari Damacy (Original Soundtrack -Katamari Fortissimo Damacy)",5:57,,JPX832004649,,,2024,,"From the PS2 game, the title translates to ""Clump Spirit"" in English","Bandai Namco Game Music",4582747891920
"Jul 23, 2024","10:30:00 PM",2024-07-23T22:30:00-0700,"07.23.2024 - Jim Causey",Music,120,173567,"Jim Causey","Jul 23, 2024","10:35:00 PM",2024-07-23T22:35:00-0700,"Bandai Namco Game Music","Walking on a Star!","Katamari Damacy (Original Soundtrack) -Katamari Fortissimo Damacy",3:12,,JPX832004654,,,2024,,,"Bandai Namco Game Music",4582747891920
"Jul 23, 2024","10:30:00 PM",2024-07-23T22:30:00-0700,"07.23.2024 - Jim Causey",Music,120,173567,"Jim Causey","Jul 23, 2024","10:32:21 PM",2024-07-23T22:32:21-0700,"Japanese Breakfast","Glider - from ""Sable"" Original Video Game Soundtrack","Glider (from ""Sable"" Original Video Game Soundtrack)",2:51,,USQX92101280,,,2021,,,Masterworks,0886449307524
"Jul 23, 2024","10:30:00 PM",2024-07-23T22:30:00-0700,"07.23.2024 - Jim Causey",Music,120,173567,"Jim Causey","Jul 23, 2024","10:28:40 PM",2024-07-23T22:28:40-0700,"Japanese Breakfast","The Ewer (Night)","Sable (Original Video Game Soundtrack)",3:23,,USQX92101283,,L,2021,,,Masterworks,886449206308
"Jul 16, 2024","10:30:00 PM",2024-07-16T22:30:00-0700,"07.16.2024 - Jim Causey",Music,120,173567,"Jim Causey","Jul 17, 2024","12:25:40 AM",2024-07-17T00:25:40-0700,"Max Richter","Shadow Journal","The Blue Notebooks (15 Years)",8:23,,GBDCA0300281,,,2020,,,"Deutsche Grammophon (DG)",0028948384556
"Jul 16, 2024","10:30:00 PM",2024-07-16T22:30:00-0700,"07.16.2024 - Jim Causey",Music,120,173567,"Jim Causey","Jul 17, 2024","12:20:09 AM",2024-07-17T00:20:09-0700,"Kris Keogh",Golden,"Processed Harp Works, Vol. 3",5:21,,GBKQU2255587,,,2022,,,ZZAAPP,5054286719342
"Jul 16, 2024","10:30:00 PM",2024-07-16T22:30:00-0700,"07.16.2024 - Jim Causey",Music,120,173567,"Jim Causey","Jul 17, 2024","12:13:45 AM",2024-07-17T00:13:45-0700,"Patricia Wolf","I'll Look for You in Others","I'll Look For You In Others",6:34,,QZTAT2113553,,,2022,,,"Past Inside the Present",0196623148721
"Jul 16, 2024","10:30:00 PM",2024-07-16T22:30:00-0700,"07.16.2024 - Jim Causey",Music,120,173567,"Jim Causey","Jul 17, 2024","12:03:05 AM",2024-07-17T00:03:05-0700,Massergy,"The Shepherdess","Fire Opal",10:23,,USSP51939002,,,2019,,,"Spotted Peccary",0600028390123
"Jul 16, 2024","10:30:00 PM",2024-07-16T22:30:00-0700,"07.16.2024 - Jim Causey",Music,120,173567,"Jim Causey","Jul 16, 2024","11:56:46 PM",2024-07-16T23:56:46-0700,"Deborah Martin","From Fire Into Water","The Silence of Grace",6:36,,USSP52190012,,,2021,,,"Spotted Peccary",0600028906423
"Jul 16, 2024","10:30:00 PM",2024-07-16T22:30:00-0700,"07.16.2024 - Jim Causey",Music,120,173567,"Jim Causey","Jul 16, 2024","11:49:44 PM",2024-07-16T23:49:44-0700,"Arthur Russell","In The Light Of A Miracle","Picture of Bunny Rabbit",6:42,,USAK22300214,,,2023,,,"Audika Records",0880301102326
"Jul 16, 2024","10:30:00 PM",2024-07-16T22:30:00-0700,"07.16.2024 - Jim Causey",Music,120,173567,"Jim Causey","Jul 16, 2024","11:43:42 PM",2024-07-16T23:43:42-0700,"Max Richter","On The Nature Of Daylight","The Blue Notebooks",6:12,,GBDCA0300279,,,2013,,,"Milan Records",0731383662966
"Jul 16, 2024","10:30:00 PM",2024-07-16T22:30:00-0700,"07.16.2024 - Jim Causey",Music,120,173567,"Jim Causey","Jul 16, 2024","11:40:01 PM",2024-07-16T23:40:01-0700,"Roberto Cacciapaglia","Sonanze V","Tree of Life",2:48,,ITQME1500028,,,2015,,,Glance,8051411740438
"Jul 16, 2024","10:30:00 PM",2024-07-16T22:30:00-0700,"07.16.2024 - Jim Causey",Music,120,173567,"Jim Causey","Jul 16, 2024","11:40:01 PM",2024-07-16T23:40:01-0700,"Roberto Cacciapaglia","Sonanze : 5th Movement","Sonances / Sonanze & Otherworks",3:48,,DEBL60983967,,,2010,,,Glance,3661585535218
"Jul 16, 2024","10:30:00 PM",2024-07-16T22:30:00-0700,"07.16.2024 - Jim Causey",Music,120,173567,"Jim Causey","Jul 16, 2024","11:29:29 PM",2024-07-16T23:29:29-0700,"Siren and the Sea","Not To Harp On It","Gravity Wave",5:07,,USDY42320920,,,2023,,,"Bathysphere Records",0198015967583
"Jul 16, 2024","10:30:00 PM",2024-07-16T22:30:00-0700,"07.16.2024 - Jim Causey",Music,120,173567,"Jim Causey","Jul 16, 2024","11:18:09 PM",2024-07-16T23:18:09-0700,"The Fragile Fate","Rolled Over","Lilliam Ocean",5:40,,QMEPJ1300273,,,2016,,,"Carpe Sonum",0708527031179
"Jul 16, 2024","10:30:00 PM",2024-07-16T22:30:00-0700,"07.16.2024 - Jim Causey",Music,120,173567,"Jim Causey","Jul 16, 2024","11:05:06 PM",2024-07-16T23:05:06-0700,"Kevin Shrieve","Communiqué: Approach Spiral","Transfer Station Blue",13:33,,DEA748630026,,,1986,,,"Fortuna Records",0013711702323
"Jul 16, 2024","10:30:00 PM",2024-07-16T22:30:00-0700,"07.16.2024 - Jim Causey",Music,120,173567,"Jim Causey","Jul 16, 2024","11:00:31 PM",2024-07-16T23:00:31-0700,"Christine and the Queens","La vita nuova","La vita nuova",4:28,,FR6P11901400,,,2020,,,"Because Music",5060686508301
"Jul 16, 2024","10:30:00 PM",2024-07-16T22:30:00-0700,"07.16.2024 - Jim Causey",Music,120,173567,"Jim Causey","Jul 16, 2024","10:54:17 PM",2024-07-16T22:54:17-0700,"Tame Impala","Breathe Deeper","Office Stereo",6:13,,AUUM71900929,,,2020,,,"UMG Recordings, Inc.",00602507438968
"Jul 16, 2024","10:30:00 PM",2024-07-16T22:30:00-0700,"07.16.2024 - Jim Causey",Music,120,173567,"Jim Causey","Jul 16, 2024","10:43:33 PM",2024-07-16T22:43:33-0700,Gwenno,"An Stevel Nowydh","An Stevel Nowydh",4:47,,GBPVV2004026,,,2022,,,"Heavenly Recordings",5400863076887
"Jul 16, 2024","10:30:00 PM",2024-07-16T22:30:00-0700,"07.16.2024 - Jim Causey",Music,120,173567,"Jim Causey","Jul 16, 2024","10:38:17 PM",2024-07-16T22:38:17-0700,Elbow,"New York Morning","BBC Music Awards",5:20,,GBUM71308467,,,2014,,,"Universal Music",0602537744664
"Jul 16, 2024","10:30:00 PM",2024-07-16T22:30:00-0700,"07.16.2024 - Jim Causey",Music,120,173567,"Jim Causey","Jul 16, 2024","10:30:07 PM",2024-07-16T22:30:07-0700,"Bart Hawkins","Owls And The Exuberant Brilliance of Unity Makes Me Smile","Nonlinear Crossroads",7:29,,GX8LE2390570,,,2023,,,"Cyclical Dreams",5063248629261
"Jul 9, 2024","10:30:00 PM",2024-07-09T22:30:00-0700,"07.09.2024 - Jim Causey",Music,120,173567,"Jim Causey","Jul 10, 2024","12:24:21 AM",2024-07-10T00:24:21-0700,"Ice Planet 9000","The Ziggurat (feat. Angelspit)","Sequence 2: Star Chamber (feat. Angelspit)",7:07,,USB6A2200501,,,2023,,,"Black Pill Red Pill",655365706953
"Jul 9, 2024","10:30:00 PM",2024-07-09T22:30:00-0700,"07.09.2024 - Jim Causey",Music,120,173567,"Jim Causey","Jul 10, 2024","12:15:50 AM",2024-07-10T00:15:50-0700,"Colin Fisher","Mundial Imaginalis","Suns of the Heart",7:33,,,,,2024,,,"We Are Busy Bodies",
"Jul 9, 2024","10:30:00 PM",2024-07-09T22:30:00-0700,"07.09.2024 - Jim Causey",Music,120,173567,"Jim Causey","Jul 10, 2024","12:09:35 AM",2024-07-10T00:09:35-0700,Inquiri,"Our Souls Kissed feat. Marine Eyes","See You Someday",4:20,,,,,2024,,"Bandcamp listening party for the new album at 10am PDT on Wednesday, July 10 - RSVP and learn more: https://pitp.bandcamp.com/album/see-you-someday","Past Inside The Present",
"Jul 9, 2024","10:30:00 PM",2024-07-09T22:30:00-0700,"07.09.2024 - Jim Causey",Music,120,173567,"Jim Causey","Jul 10, 2024","12:02:49 AM",2024-07-10T00:02:49-0700,"Dreamstate Logic","What We Left Behind","Latent Images and Distant Dreams",8:03,,QZTB42378438,,L,2023,,,"Dreamstate Logic",0853515412383
"Jul 9, 2024","10:30:00 PM",2024-07-09T22:30:00-0700,"07.09.2024 - Jim Causey",Music,120,173567,"Jim Causey","Jul 9, 2024","11:56:30 PM",2024-07-09T23:56:30-0700,"Playback Head","Chico's Dance","Body of Water",4:24,,,,L,2024,,,"Hotham Sound Recordings",
"Jul 9, 2024","10:30:00 PM",2024-07-09T22:30:00-0700,"07.09.2024 - Jim Causey",Music,120,173567,"Jim Causey","Jul 9, 2024","11:54:23 PM",2024-07-09T23:54:23-0700,"Playback Head",Passarinho,"Body of Water",2:03,,,,L,2024,,,"Hotham Sound Recordings",
"Jul 9, 2024","10:30:00 PM",2024-07-09T22:30:00-0700,"07.09.2024 - Jim Causey",Music,120,173567,"Jim Causey","Jul 9, 2024","11:50:38 PM",2024-07-09T23:50:38-0700,"A Lily","Sirna l-Qamar","Saru l-Qamar",4:22,,UK9AV2302457,,,2024,,,"Phantom Limb",5053760109464
"Jul 9, 2024","10:30:00 PM",2024-07-09T22:30:00-0700,"07.09.2024 - Jim Causey",Music,120,173567,"Jim Causey","Jul 9, 2024","11:45:39 PM",2024-07-09T23:45:39-0700,Vangelis,"Memories Of Green","See You Later",5:44,,NLF058090001,,,1980,,"From the 1980 album ""See You Later"" - featured as well in Vangelis' score to ""Blade Runner""","Universal Music Group International",
"Jul 9, 2024","10:30:00 PM",2024-07-09T22:30:00-0700,"07.09.2024 - Jim Causey",Music,120,173567,"Jim Causey","Jul 9, 2024","11:40:15 PM",2024-07-09T23:40:15-0700,"Volker Rapp","Lullaby for Electric Sheeps","Blade Runner 2099",5:01,,,,,2024,,,"Cyclical Dreams",
"Jul 9, 2024","10:30:00 PM",2024-07-09T22:30:00-0700,"07.09.2024 - Jim Causey",Music,120,173567,"Jim Causey","Jul 9, 2024","11:32:13 PM",2024-07-09T23:32:13-0700,"Field Works & Visible Cloaks",Flow,"Initial Sounds",8:04,,USY6C1831803,,L,2018,,,"Temporary Residence Ltd.",656605331867
"Jul 9, 2024","10:30:00 PM",2024-07-09T22:30:00-0700,"07.09.2024 - Jim Causey",Music,120,173567,"Jim Causey","Jul 9, 2024","11:28:20 PM",2024-07-09T23:28:20-0700,Theda,"Waking Dream","Waking Dream",4:02,,usl4r2346166,,,2014,,,Theda,
"Jul 9, 2024","10:30:00 PM",2024-07-09T22:30:00-0700,"07.09.2024 - Jim Causey",Music,120,173567,"Jim Causey","Jul 9, 2024","11:26:04 PM",2024-07-09T23:26:04-0700,"Brass Clouds",Eugiena,"Low West Hum",3:32,,,,L,2024,,,"Sun Cru",
"Jul 9, 2024","10:30:00 PM",2024-07-09T22:30:00-0700,"07.09.2024 - Jim Causey",Music,120,173567,"Jim Causey","Jul 9, 2024","11:23:44 PM",2024-07-09T23:23:44-0700,"Brass Clouds","Low West Hum","Low West Hum",2:24,,,,L,2024,,,"Sun Cru",
"Jul 9, 2024","10:30:00 PM",2024-07-09T22:30:00-0700,"07.09.2024 - Jim Causey",Music,120,173567,"Jim Causey","Jul 9, 2024","11:16:01 PM",2024-07-09T23:16:01-0700,"The The","Sweet Bird of Truth",Infected,5:22,,GBBBM0102161,,,1986,,"Performing live in Seattle at the Paramount Theatre on Friday November 1 and Saturday November 2",Epic,074644047127
"Jul 9, 2024","10:30:00 PM",2024-07-09T22:30:00-0700,"07.09.2024 - Jim Causey",Music,120,173567,"Jim Causey","Jul 9, 2024","11:11:35 PM",2024-07-09T23:11:35-0700,"Holy Ghost!",Anxious,Anxious,4:45,,QMRSZ1801610,,,2019,,,"West End Records",4050538442403
"Jul 9, 2024","10:30:00 PM",2024-07-09T22:30:00-0700,"07.09.2024 - Jim Causey",Music,120,173567,"Jim Causey","Jul 9, 2024","11:06:46 PM",2024-07-09T23:06:46-0700,Brothertiger,"Everybody Wants to Rule the World","Brothertiger Plays: Tears for Fears' Songs from the Big Chair",4:21,,QM4TX1760780,,,2017,,"Performing at The High Dive in Seattle with Lane Lines on Saturday, September 24 - the show is 21+","Reimagine Music",0191018747817
"Jul 9, 2024","10:30:00 PM",2024-07-09T22:30:00-0700,"07.09.2024 - Jim Causey",Music,120,173567,"Jim Causey","Jul 9, 2024","11:03:06 PM",2024-07-09T23:03:06-0700,"Lane Lines","Time & Space","Time & Space",3:38,,QZK6F2371941,,L,2023,,"Performing at The High Dive in Seattle with BROTHERTIGER on Saturday, September 24 - the show is 21+",DISTROKID,
"Jul 9, 2024","10:30:00 PM",2024-07-09T22:30:00-0700,"07.09.2024 - Jim Causey",Music,120,173567,"Jim Causey","Jul 9, 2024","10:57:44 PM",2024-07-09T22:57:44-0700,"Tame Impala",Borderline,"The Slow Rush",3:58,,AUUM71900956,,,2020,,,"Universal Music Australia Pty. Ltd.",00602508571718
"Jul 9, 2024","10:30:00 PM",2024-07-09T22:30:00-0700,"07.09.2024 - Jim Causey",Music,120,173567,"Jim Causey","Jul 9, 2024","10:54:38 PM",2024-07-09T22:54:38-0700,"Pure Bathing Culture",Devotion,"Night Pass",3:15,,QZDZU1800002,,L,2019,,"Performing at Bumbershoot on Labor Day Weekend 2024!","Infinite Companion",0192641261909
"Jul 9, 2024","10:30:00 PM",2024-07-09T22:30:00-0700,"07.09.2024 - Jim Causey",Music,120,173567,"Jim Causey","Jul 9, 2024","10:48:15 PM",2024-07-09T22:48:15-0700,"Charlotte Gainsbourg","Deadly Valentine",Rest,6:05,,FR6P11701900,,,2017,,,"Because Music",5060525431784
"Jul 9, 2024","10:30:00 PM",2024-07-09T22:30:00-0700,"07.09.2024 - Jim Causey",Music,120,173567,"Jim Causey","Jul 9, 2024","10:41:47 PM",2024-07-09T22:41:47-0700,"New Order","Everything's Gone Green",Substance,5:31,,GBCRL0800456,,,1987,,,Rhino,190295211592
"Jul 9, 2024","10:30:00 PM",2024-07-09T22:30:00-0700,"07.09.2024 - Jim Causey",Music,120,173567,"Jim Causey","Jul 9, 2024","10:35:58 PM",2024-07-09T22:35:58-0700,"Frankie Rose","A Forest","Seventeen Seconds",5:58,,US4TA1900025,,,2019,,,"Slumberland Records",749846902689
"Jul 9, 2024","10:30:00 PM",2024-07-09T22:30:00-0700,"07.09.2024 - Jim Causey",Music,120,173567,"Jim Causey","Jul 9, 2024","10:30:00 PM",2024-07-09T22:30:00-0700,Somesurprises,"Be Reasonable",Perseids,6:30,,USCGH2471448,,L,2024,,,"Doom Trip Records",198500093735
"Jul 2, 2024","10:30:00 PM",2024-07-02T22:30:00-0700,"07.02.2024 - Jim Causey",Music,120,173567,"Jim Causey","Jul 3, 2024","12:29:38 AM",2024-07-03T00:29:38-0700,KMRU,"Tant (Excerpt)",Enough,1:00,,,,,2024,,,,
"Jul 2, 2024","10:30:00 PM",2024-07-02T22:30:00-0700,"07.02.2024 - Jim Causey",Music,120,173567,"Jim Causey","Jul 3, 2024","12:25:40 AM",2024-07-03T00:25:40-0700,"Brian Eno","Deep Blue Day - Remastered 2019","Apollo: Atmospheres And Soundtracks (Extended Edition)",3:58,,GBAAA0500105,,,1983,,,"Parlophone Catalogue",00724356364752
"Jul 2, 2024","10:30:00 PM",2024-07-02T22:30:00-0700,"07.02.2024 - Jim Causey",Music,120,173567,"Jim Causey","Jul 3, 2024","12:20:37 AM",2024-07-03T00:20:37-0700,"Patricia Wolf","Nocturnal Migration","The Secret Lives Of Birds",4:51,,QM6MZ2484444,,L,2024,,,"Nite Hive",0198391883507
"Jul 2, 2024","10:30:00 PM",2024-07-02T22:30:00-0700,"07.02.2024 - Jim Causey",Music,120,173567,"Jim Causey","Jul 3, 2024","12:15:42 AM",2024-07-03T00:15:42-0700,Amulets,"WAVES OF WAVES","Amulets / Drowse Split",4:23,,QM6P42349282,,L,2023,,,"Whited Sepulchre Records",0197188907631
"Jul 2, 2024","10:30:00 PM",2024-07-02T22:30:00-0700,"07.02.2024 - Jim Causey",Music,120,173567,"Jim Causey","Jul 3, 2024","12:06:29 AM",2024-07-03T00:06:29-0700,"William Basinski",4(E+D)4(ER=EPR),4(E+D)4(ER=EPR),9:43,,USY6C1931102,,,2019,,"Returning to the Pacific Northwest for his Arcadia Archive tour - premiering a new work with immersive light + sound: https://ageofreflections.com/Calendar","Temporary Residence Ltd.",0656605341347
"Jul 2, 2024","10:30:00 PM",2024-07-02T22:30:00-0700,"07.02.2024 - Jim Causey",Music,120,173567,"Jim Causey","Jul 3, 2024","12:03:10 AM",2024-07-03T00:03:10-0700,"Tom Eaton","Harriet and the Hurricane (feat. Jill Haley)","Harriet and the Hurricane (feat. Jill Haley) - Single",3:10,,QMANG2223410,,,2023,,,"Riverwide Records",1963621734886
"Jul 2, 2024","10:30:00 PM",2024-07-02T22:30:00-0700,"07.02.2024 - Jim Causey",Music,120,173567,"Jim Causey","Jul 2, 2024","11:59:53 PM",2024-07-02T23:59:53-0700,"Suzanne Ciani","Sargasso Gaza",ENOUGH!,3:32,,USHM90599074,,,2024,,,"Dreaming Live",00600753801529
"Jul 2, 2024","10:30:00 PM",2024-07-02T22:30:00-0700,"07.02.2024 - Jim Causey",Music,120,173567,"Jim Causey","Jul 2, 2024","11:53:48 PM",2024-07-02T23:53:48-0700,"Purple Decades","Interlude Crash","Interlude Crash",5:10,,USHM82414200,,L,2024,,,"Beacon Sound",0198500902273
"Jul 2, 2024","10:30:00 PM",2024-07-02T22:30:00-0700,"07.02.2024 - Jim Causey",Music,120,173567,"Jim Causey","Jul 2, 2024","11:32:00 PM",2024-07-02T23:32:00-0700,"Steve Roach","Destination Beyond (Excerpt)","Destination Beyond",71:39,,USHK90923501,,,2009,,,Projekt,617026023526
"Jul 2, 2024","10:30:00 PM",2024-07-02T22:30:00-0700,"07.02.2024 - Jim Causey",Music,120,173567,"Jim Causey","Jul 2, 2024","11:24:29 PM",2024-07-02T23:24:29-0700,"Lars Leonhard","Ethereal Disruption","Wave Interference",7:17,,USHM82440914,,,2024,,,Synphaera,0198595078600
"Jul 2, 2024","10:30:00 PM",2024-07-02T22:30:00-0700,"07.02.2024 - Jim Causey",Music,120,173567,"Jim Causey","Jul 2, 2024","11:18:55 PM",2024-07-02T23:18:55-0700,"Pabellón Sintético & Lucas Tripaldi","Lighted Candle","Last Call",6:12,,GX38U2446043,,,2024,,,"Cyclical Dreams",5063535128576
"Jul 2, 2024","10:30:00 PM",2024-07-02T22:30:00-0700,"07.02.2024 - Jim Causey",Music,120,173567,"Jim Causey","Jul 2, 2024","11:16:07 PM",2024-07-02T23:16:07-0700,"Patricia Wolf","The Secret Lives of Birds","The Secret Lives Of Birds",3:12,,QM6MZ2484436,,L,2024,,,"Nite Hive",0198391883507
"Jul 2, 2024","10:30:00 PM",2024-07-02T22:30:00-0700,"07.02.2024 - Jim Causey",Music,120,173567,"Jim Causey","Jul 2, 2024","11:10:33 PM",2024-07-02T23:10:33-0700,"Ann Annie","Drift Creek","Drift Creek",4:39,,CAN112400370,,L,2024,,,"Nettwerk Music Group",0067003152952
"Jul 2, 2024","10:30:00 PM",2024-07-02T22:30:00-0700,"07.02.2024 - Jim Causey",Music,120,173567,"Jim Causey","Jul 2, 2024","11:05:45 PM",2024-07-02T23:05:45-0700,"Little H Collective (Stephen Harrison)",Bells,Projection,5:06,,QZDA71909332,,L,2019,,,"Little H Collective",0193829501435
"Jul 2, 2024","10:30:00 PM",2024-07-02T22:30:00-0700,"07.02.2024 - Jim Causey",Music,120,173567,"Jim Causey","Jul 2, 2024","11:00:14 PM",2024-07-02T23:00:14-0700,Suss,Restless,"Birds & Beasts",5:51,,USWEX2400021,,,2024,,,"Northern Spy",0634457167391
"Jul 2, 2024","10:30:00 PM",2024-07-02T22:30:00-0700,"07.02.2024 - Jim Causey",Music,120,173567,"Jim Causey","Jul 2, 2024","10:53:17 PM",2024-07-02T22:53:17-0700,"Bruce Mitchell","Another World","Dancing On The Edge",5:26,,USNA18910602,,,1989,,,Narada,00094635218558
"Jul 2, 2024","10:30:00 PM",2024-07-02T22:30:00-0700,"07.02.2024 - Jim Causey",Music,120,173567,"Jim Causey","Jul 2, 2024","10:49:28 PM",2024-07-02T22:49:28-0700,"Mannheim Steamroller","Rhinos and Elephants (Africa)","Saving the Wildlife",4:08,,USAG21120801,,,1986,,,"American Gramaphone",0886443739482
"Jul 2, 2024","10:30:00 PM",2024-07-02T22:30:00-0700,"07.02.2024 - Jim Causey",Music,120,173567,"Jim Causey","Jul 2, 2024","10:46:14 PM",2024-07-02T22:46:14-0700,"Richard Souther","The Long Riders","Cross Currents",3:33,,USNA18911364,,,1989,,,Narada,00094635217957
"Jul 2, 2024","10:30:00 PM",2024-07-02T22:30:00-0700,"07.02.2024 - Jim Causey",Music,120,173567,"Jim Causey","Jul 2, 2024","10:40:02 PM",2024-07-02T22:40:02-0700,"Sverre Knut Johansen","Rhinoceros On Large Salt Pan","Still Time",6:46,,USSP52430053,,,2024,,,"Spotted Peccary",0600028300726
"Jul 2, 2024","10:30:00 PM",2024-07-02T22:30:00-0700,"07.02.2024 - Jim Causey",Music,120,173567,"Jim Causey","Jul 2, 2024","10:34:11 PM",2024-07-02T22:34:11-0700,"FM Attack",Invisible,Cosmic,5:58,,CA1HD1000053,,,2018,,,"Starfield Music",5054283661903
"Jul 2, 2024","10:30:00 PM",2024-07-02T22:30:00-0700,"07.02.2024 - Jim Causey",Music,120,173567,"Jim Causey","Jul 2, 2024","10:31:00 PM",2024-07-02T22:31:00-0700,"Hello Meteor","Multi Trop (Explore Mode)","The Oahu GP2: Hyper Tropic",3:14,,,,L,2024,,,,
"Jun 25, 2024","10:30:00 PM",2024-06-25T22:30:00-0700,"06.25.2024 - Jim Causey",Music,120,173567,"Jim Causey","Jun 26, 2024","12:19:13 AM",2024-06-26T00:19:13-0700,"Suso Saiz","Un Hombre Oscuro",Odisea,4:24,,NLD7H1600001,,,2016,,,"Music From Memory",0670579630375
"Jun 25, 2024","10:30:00 PM",2024-06-25T22:30:00-0700,"06.25.2024 - Jim Causey",Music,120,173567,"Jim Causey","Jun 26, 2024","12:07:36 AM",2024-06-26T00:07:36-0700,"Arushi Jain","I Feel Incomplete Without Sound","With & Without",11:38,,QZHN31917404,,,2019,,,DISTROKID,0194694542547
"Jun 25, 2024","10:30:00 PM",2024-06-25T22:30:00-0700,"06.25.2024 - Jim Causey",Music,120,173567,"Jim Causey","Jun 26, 2024","12:02:23 AM",2024-06-26T00:02:23-0700,"Peter Gabriel","A Different Drum","Passion (Music For The Last Temptation Of Christ / Remastered)",4:40,,GBCPB0900702,,,2003,,,"Caroline International (S&D)",00884108007198
"Jun 25, 2024","10:30:00 PM",2024-06-25T22:30:00-0700,"06.25.2024 - Jim Causey",Music,120,173567,"Jim Causey","Jun 25, 2024","11:54:27 PM",2024-06-25T23:54:27-0700,"Terminus Void",Discovery,"Origins Unknown",6:25,,QZTDY2200001,,,2022,,,"Terminus Void",
"Jun 25, 2024","10:30:00 PM",2024-06-25T22:30:00-0700,"06.25.2024 - Jim Causey",Music,120,173567,"Jim Causey","Jun 25, 2024","11:49:45 PM",2024-06-25T23:49:45-0700,"Ryuichi Sakamoto","Merry Christmas Mr. Lawrence - Electric Youth Remodel","Merry Christmas Mr. Lawrence - Electric Youth Remodel",5:09,,USA6D2200012,,,2022,,,Milan,0196589203465
"Jun 25, 2024","10:30:00 PM",2024-06-25T22:30:00-0700,"06.25.2024 - Jim Causey",Music,120,173567,"Jim Causey","Jun 25, 2024","11:46:05 PM",2024-06-25T23:46:05-0700,cazyy,Paranoid,"BROKEN HEARTS",2:25,,SE6XY2151460,,,2021,,,cazyy,7316213459881
"Jun 25, 2024","10:30:00 PM",2024-06-25T22:30:00-0700,"06.25.2024 - Jim Causey",Music,120,173567,"Jim Causey","Jun 25, 2024","11:30:53 PM",2024-06-25T23:30:53-0700,"Craig Padilla","Onwards and Upwards","Weathering the Storm",8:59,,USSP52391007,,,2023,,,"Spotted Peccary",0600028910420
"Jun 25, 2024","10:30:00 PM",2024-06-25T22:30:00-0700,"06.25.2024 - Jim Causey",Music,120,173567,"Jim Causey","Jun 25, 2024","11:21:34 PM",2024-06-25T23:21:34-0700,"Ryuichi Sakamoto",fullmoon,async,5:13,,JPB601700378,,,2017,,,"Milan Records",0190296966361
"Jun 25, 2024","10:30:00 PM",2024-06-25T22:30:00-0700,"06.25.2024 - Jim Causey",Music,120,173567,"Jim Causey","Jun 25, 2024","11:16:26 PM",2024-06-25T23:16:26-0700,"Pure Bathing Culture","Black Starling","Night Pass",3:48,,QZDZU1800004,,,2019,,,"Infinite Companion",0192641263392
"Jun 25, 2024","10:30:00 PM",2024-06-25T22:30:00-0700,"06.25.2024 - Jim Causey",Music,120,173567,"Jim Causey","Jun 25, 2024","11:13:18 PM",2024-06-25T23:13:18-0700,Georgia,"Running Up That Hill","Seeking Thrills (The Ultimate Thrills Edition)",3:08,,GBCEL2000517,,,2020,,,"Domino Recording Co",0887835051168
"Jun 25, 2024","10:30:00 PM",2024-06-25T22:30:00-0700,"06.25.2024 - Jim Causey",Music,120,173567,"Jim Causey","Jun 25, 2024","11:08:27 PM",2024-06-25T23:08:27-0700,"Future Islands","Born in a War","Born in a War",4:13,,GBAFL2000213,,,2020,,,4AD,5059638064453
"Jun 25, 2024","10:30:00 PM",2024-06-25T22:30:00-0700,"06.25.2024 - Jim Causey",Music,120,173567,"Jim Causey","Jun 25, 2024","11:03:17 PM",2024-06-25T23:03:17-0700,"Small Black",Tampa,"Cheap Dreams",5:15,,QZK6H2096834,,,2021,,,"100% Electronica",0720665588292
"Jun 25, 2024","10:30:00 PM",2024-06-25T22:30:00-0700,"06.25.2024 - Jim Causey",Music,120,173567,"Jim Causey","Jun 25, 2024","10:51:38 PM",2024-06-25T22:51:38-0700,"David Bowie",Lazarus,Blackstar,6:22,,USRF31500003,,,2016,,,Columbia,0886446310527
"Jun 25, 2024","10:30:00 PM",2024-06-25T22:30:00-0700,"06.25.2024 - Jim Causey",Music,120,173567,"Jim Causey","Jun 25, 2024","10:40:29 PM",2024-06-25T22:40:29-0700,"Dennis Russell Davies;Stuttgart State Opera Orchestra & Chorus","Act I - Year 1 of Akhnaten's Reign - Thebes - Prelude: Refrain, Verse 1, Verse 2 - Voice","Glass: Akhnaten",10:44,,USSM18700186,,,1987,,,"Sony Classical",0886443373549
"Jun 25, 2024","10:30:00 PM",2024-06-25T22:30:00-0700,"06.25.2024 - Jim Causey",Music,120,173567,"Jim Causey","Jun 25, 2024","10:31:41 PM",2024-06-25T22:31:41-0700,"Dreamstate Logic","Andromeda Terminal",Starbound,8:27,,QZES62374550,,,2023,,,"Dreamstate Logic",0197630270443
"Jun 18, 2024","10:30:00 PM",2024-06-18T22:30:00-0700,"06.18.2024 - Jim Causey",Music,120,173567,"Jim Causey","Jun 19, 2024","12:26:34 AM",2024-06-19T00:26:34-0700,"Domenica Diavoleria","Think of Me and Burn","the night is my world",5:10,,,,L,2021,,,,
"Jun 18, 2024","10:30:00 PM",2024-06-18T22:30:00-0700,"06.18.2024 - Jim Causey",Music,120,173567,"Jim Causey","Jun 19, 2024","12:20:30 AM",2024-06-19T00:20:30-0700,Sandcastles,"Immaterial Decay",XTOPIA,6:04,,,,L,2024,,,,
"Jun 18, 2024","10:30:00 PM",2024-06-18T22:30:00-0700,"06.18.2024 - Jim Causey",Music,120,173567,"Jim Causey","Jun 19, 2024","12:15:20 AM",2024-06-19T00:15:20-0700,"Purple Decades","Interlude Crash","Interlude Crash",5:10,,USHM82414200,,,2024,,,"Beacon Sound",0198500902273
"Jun 18, 2024","10:30:00 PM",2024-06-18T22:30:00-0700,"06.18.2024 - Jim Causey",Music,120,173567,"Jim Causey","Jun 19, 2024","12:06:48 AM",2024-06-19T00:06:48-0700,"Steve Roach","The Sky Opens - Live 2019","The Sky Opens (Live 2019)",11:54,,USHK92037004,,,2020,,,Projekt,0617026037028
"Jun 18, 2024","10:30:00 PM",2024-06-18T22:30:00-0700,"06.18.2024 - Jim Causey",Music,120,173567,"Jim Causey","Jun 19, 2024","12:01:42 AM",2024-06-19T00:01:42-0700,zakè,"Bewrayeth, No. 2","Bewrayeth, No. 2",5:54,,QZHNA2417764,,,2024,,,,
"Jun 18, 2024","10:30:00 PM",2024-06-18T22:30:00-0700,"06.18.2024 - Jim Causey",Music,120,173567,"Jim Causey","Jun 18, 2024","11:52:40 PM",2024-06-18T23:52:40-0700,"Sverre Knut Johansen","Massive Extinction","Still Time",9:18,,,,,2024,,,"Spotted Peccary",600028300726
"Jun 18, 2024","10:30:00 PM",2024-06-18T22:30:00-0700,"06.18.2024 - Jim Causey",Music,120,173567,"Jim Causey","Jun 18, 2024","11:47:07 PM",2024-06-18T23:47:07-0700,"Caroline Polachek","Butterfly Net (feat. Weyes Blood)","Butterfly Net (feat. Weyes Blood)",5:33,,QM4TW2467782,,,2024,,,"Perpetual Novice",0198391067648
"Jun 18, 2024","10:30:00 PM",2024-06-18T22:30:00-0700,"06.18.2024 - Jim Causey",Music,120,173567,"Jim Causey","Jun 18, 2024","11:43:08 PM",2024-06-18T23:43:08-0700,"Robert Almblade & Carolyn Cruso","Fahren Nach Freiburg","The Fifth Element",3:35,,,,L,1991,,,,
"Jun 18, 2024","10:30:00 PM",2024-06-18T22:30:00-0700,"06.18.2024 - Jim Causey",Music,120,173567,"Jim Causey","Jun 18, 2024","11:37:30 PM",2024-06-18T23:37:30-0700,"Ricky Kej",Solitude,"Epic Trailer Music",5:38,,ZAC581400383,,,2014,,,"Next Music",0888831379218
"Jun 18, 2024","10:30:00 PM",2024-06-18T22:30:00-0700,"06.18.2024 - Jim Causey",Music,120,173567,"Jim Causey","Jun 18, 2024","11:32:45 PM",2024-06-18T23:32:45-0700,"Dark Sky Alliance",Linear,Interdwell,5:06,,USSP52448011,,,2024,,,"Spotted Peccary",0600028480121
"Jun 18, 2024","10:30:00 PM",2024-06-18T22:30:00-0700,"06.18.2024 - Jim Causey",Music,120,173567,"Jim Causey","Jun 18, 2024","11:23:03 PM",2024-06-18T23:23:03-0700,"S1gns Of L1fe","Alchemy of the Infinite","Portal to Transcendence",10:04,,ushm22472836,,,2024,,,,
"Jun 18, 2024","10:30:00 PM",2024-06-18T22:30:00-0700,"06.18.2024 - Jim Causey",Music,120,173567,"Jim Causey","Jun 18, 2024","11:16:42 PM",2024-06-18T23:16:42-0700,"Erik Wøllo",Equator,"Crossing the Equator",7:08,,USHK92431202,,,2024,,,,
"Jun 18, 2024","10:30:00 PM",2024-06-18T22:30:00-0700,"06.18.2024 - Jim Causey",Music,120,173567,"Jim Causey","Jun 18, 2024","11:02:48 PM",2024-06-18T23:02:48-0700,"Mt Fog","Slowly Morphing","Slowly Morphing",3:29,,QZK6J2436836,,,2024,,,"Save the Forest for the Trees",0198476844201
"Jun 18, 2024","10:30:00 PM",2024-06-18T22:30:00-0700,"06.18.2024 - Jim Causey",Music,120,173567,"Jim Causey","Jun 18, 2024","10:58:18 PM",2024-06-18T22:58:18-0700,"Cowboy Junkies","The Summer Of Discontent","Miles From Our Home",4:35,,USGF19820108,,,1998,,,Geffen,00720642522929
"Jun 18, 2024","10:30:00 PM",2024-06-18T22:30:00-0700,"06.18.2024 - Jim Causey",Music,120,173567,"Jim Causey","Jun 18, 2024","10:54:29 PM",2024-06-18T22:54:29-0700,"Tame Impala","No Choice","No Choice",3:42,,AUUM72100334,,,2021,,,"Universal Music Australia Pty. Ltd.",00602445255122
"Jun 18, 2024","10:30:00 PM",2024-06-18T22:30:00-0700,"06.18.2024 - Jim Causey",Music,120,173567,"Jim Causey","Jun 18, 2024","10:50:54 PM",2024-06-18T22:50:54-0700,"Natalie Prass","Short Court Style","Short Court Style",3:43,,USATO1800040,,,2018,,,"ATO Records / Fontana North",0880882326159
"Jun 18, 2024","10:30:00 PM",2024-06-18T22:30:00-0700,"06.18.2024 - Jim Causey",Music,120,173567,"Jim Causey","Jun 18, 2024","10:47:14 PM",2024-06-18T22:47:14-0700,"Pure Bathing Culture","Black Starling","Night Pass",3:48,,QZDZU1800004,,,2019,,,"Infinite Companion",0192641263392
"Jun 18, 2024","10:30:00 PM",2024-06-18T22:30:00-0700,"06.18.2024 - Jim Causey",Music,120,173567,"Jim Causey","Jun 18, 2024","10:42:52 PM",2024-06-18T22:42:52-0700,"Tara Clerkin Trio","The Turning Ground","The Turning Ground",4:25,,QMBZ92367750,,,2023,,,"World of Echo",0197189579387
"Jun 18, 2024","10:30:00 PM",2024-06-18T22:30:00-0700,"06.18.2024 - Jim Causey",Music,120,173567,"Jim Causey","Jun 18, 2024","10:36:58 PM",2024-06-18T22:36:58-0700,"Jorja Smith","Rose Rouge","Rose Rouge",5:58,,GBUM71906390,,,2020,,,"Decca (UMO)",00602507198787
"Jun 18, 2024","10:30:00 PM",2024-06-18T22:30:00-0700,"06.18.2024 - Jim Causey",Music,120,173567,"Jim Causey","Jun 18, 2024","10:33:05 PM",2024-06-18T22:33:05-0700,NAVVI,IV,V,4:10,,GBHLW2300289,,,2023,,,"Hush Hush",5056321686466
"Jun 18, 2024","10:30:00 PM",2024-06-18T22:30:00-0700,"06.18.2024 - Jim Causey",Music,120,173567,"Jim Causey","Jun 18, 2024","10:32:39 PM",2024-06-18T22:32:39-0700,Lone.Wolf,"Save Me","Mount Nami",1:49,,QZNWW2193604,,,2021,,,lone.wolf,0196513624892
"Jun 18, 2024","10:30:00 PM",2024-06-18T22:30:00-0700,"06.18.2024 - Jim Causey",Music,120,173567,"Jim Causey","Jun 18, 2024","10:30:42 PM",2024-06-18T22:30:42-0700,"David Arkenstone","The Dragon's Breath","The Celtic Book Of Days",3:29,,USWH19800323,,,1998,,,"Sony Music Media",0886443740150
"Jun 11, 2024","10:30:00 PM",2024-06-11T22:30:00-0700,"06.11.2024 - Jim Causey",Music,120,173567,"Jim Causey","Jun 12, 2024","12:27:39 AM",2024-06-12T00:27:39-0700,"Aphex Twin",#1,"Selected Ambient Works, Vol. II",7:28,,USWB10102690,,,1994,,,"Warner Bros.",0093624548263
"Jun 11, 2024","10:30:00 PM",2024-06-11T22:30:00-0700,"06.11.2024 - Jim Causey",Music,120,173567,"Jim Causey","Jun 12, 2024","12:18:46 AM",2024-06-12T00:18:46-0700,latome2,"The Left Hand of Darkness","II n'y aura jamais",11:17,,GX5MY2319442,,,2024,,,"Cyclical Dreams",5063440638276
"Jun 11, 2024","10:30:00 PM",2024-06-11T22:30:00-0700,"06.11.2024 - Jim Causey",Music,120,173567,"Jim Causey","Jun 12, 2024","12:15:21 AM",2024-06-12T00:15:21-0700,"John Scott Shepherd","Gental Thoughts","Corridors of the Mind",4:30,,,,,2024,,,"Cyclical Dreams",
"Jun 11, 2024","10:30:00 PM",2024-06-11T22:30:00-0700,"06.11.2024 - Jim Causey",Music,120,173567,"Jim Causey","Jun 12, 2024","12:09:42 AM",2024-06-12T00:09:42-0700,Etelin,"The Chemistry of Dirt","Patio User Manual",6:02,,,,,2024,,,"Beacon Sound",
"Jun 11, 2024","10:30:00 PM",2024-06-11T22:30:00-0700,"06.11.2024 - Jim Causey",Music,120,173567,"Jim Causey","Jun 12, 2024","12:05:03 AM",2024-06-12T00:05:03-0700,"Color of Time","When Will We Learn?","Color of Time II",4:38,,,,,2024,,,"Past Inside the Present",
"Jun 11, 2024","10:30:00 PM",2024-06-11T22:30:00-0700,"06.11.2024 - Jim Causey",Music,120,173567,"Jim Causey","Jun 11, 2024","11:59:18 PM",2024-06-11T23:59:18-0700,Shadowfax,"New Electric India",Shadowdance,5:15,,USA2P1912942,,,1983,,"The second New Age album released in the early years of Windham Hill Records","Windham Hill Records",192641268342
"Jun 11, 2024","10:30:00 PM",2024-06-11T22:30:00-0700,"06.11.2024 - Jim Causey",Music,120,173567,"Jim Causey","Jun 11, 2024","11:52:42 PM",2024-06-11T23:52:42-0700,"Cool Maritime","Temporal Dryft","Temporal Dryft",6:46,,US78L2224003,,L,2022,,,"Western Vinyl",0617308025644
"Jun 11, 2024","10:30:00 PM",2024-06-11T22:30:00-0700,"06.11.2024 - Jim Causey",Music,120,173567,"Jim Causey","Jun 11, 2024","11:47:56 PM",2024-06-11T23:47:56-0700,Kitaro,Reincarnation,"Silk Road Vol 2",4:24,,,,,1983,,,"Sound Design Music",4538182883341
"Jun 11, 2024","10:30:00 PM",2024-06-11T22:30:00-0700,"06.11.2024 - Jim Causey",Music,120,173567,"Jim Causey","Jun 11, 2024","11:41:39 PM",2024-06-11T23:41:39-0700,"Paul Ellis","Waves for Durga","Moth in Flames",6:17,,USSP51529008,,L,2015,,"Vancouver, WA-based artist","Spotted Peccary",0600028290126
"Jun 11, 2024","10:30:00 PM",2024-06-11T22:30:00-0700,"06.11.2024 - Jim Causey",Music,120,173567,"Jim Causey","Jun 11, 2024","11:38:10 PM",2024-06-11T23:38:10-0700,"Jesse Beaman","Track 6","Archives Vol 1",3:27,,,,,2024,,,,
"Jun 11, 2024","10:30:00 PM",2024-06-11T22:30:00-0700,"06.11.2024 - Jim Causey",Music,120,173567,"Jim Causey","Jun 11, 2024","11:32:37 PM",2024-06-11T23:32:37-0700,"Meridian Arc",Assimilation,"Out of Stasis",5:33,,,,L,2015,,,"SFI Recordings",
"Jun 11, 2024","10:30:00 PM",2024-06-11T22:30:00-0700,"06.11.2024 - Jim Causey",Music,120,173567,"Jim Causey","Jun 11, 2024","11:28:29 PM",2024-06-11T23:28:29-0700,"Robert ÆOLUS Myers","No Where to Run","A Retrospective",4:08,,USFN60600006,,L,2006,,,"Aloha Got Soul",0840095353359
"Jun 11, 2024","10:30:00 PM",2024-06-11T22:30:00-0700,"06.11.2024 - Jim Causey",Music,120,173567,"Jim Causey","Jun 11, 2024","11:18:49 PM",2024-06-11T23:18:49-0700,"S1gns Of L1fe","Alchemy of the Infinite","Portal to Transcendence",10:04,,ushm22472836,,,2024,,,Synphaera,
"Jun 11, 2024","10:30:00 PM",2024-06-11T22:30:00-0700,"06.11.2024 - Jim Causey",Music,120,173567,"Jim Causey","Jun 11, 2024","11:12:28 PM",2024-06-11T23:12:28-0700,"Erik Wøllo",Equator,"Crossing the Equator",7:08,,USHK92431202,,,2024,,,"Projekt Records",
"Jun 11, 2024","10:30:00 PM",2024-06-11T22:30:00-0700,"06.11.2024 - Jim Causey",Music,120,173567,"Jim Causey","Jun 11, 2024","11:08:32 PM",2024-06-11T23:08:32-0700,"Faten Kanaan",Votive,Afterpoem,3:41,,GBCKK2267708,,,2023,,,"Fire Records",809236167705
"Jun 11, 2024","10:30:00 PM",2024-06-11T22:30:00-0700,"06.11.2024 - Jim Causey",Music,120,173567,"Jim Causey","Jun 11, 2024","11:02:04 PM",2024-06-11T23:02:04-0700,"Shannon Hayden","After All","After All - Single",6:28,,,,,2024,,,,
"Jun 11, 2024","10:30:00 PM",2024-06-11T22:30:00-0700,"06.11.2024 - Jim Causey",Music,120,173567,"Jim Causey","Jun 11, 2024","10:58:35 PM",2024-06-11T22:58:35-0700,"Mt Fog","Slowly Morphing","Slowly Morphing",3:29,,QZK6J2436836,,L,2024,,"New album “Ultraviolet Heart Machines” drops later this year!","Save the Forest for the Trees",0198476844201
"Jun 11, 2024","10:30:00 PM",2024-06-11T22:30:00-0700,"06.11.2024 - Jim Causey",Music,120,173567,"Jim Causey","Jun 11, 2024","10:54:04 PM",2024-06-11T22:54:04-0700,"Cowboy Junkies","The Summer Of Discontent","Miles From Our Home",4:35,,USGF19820108,,,1998,,,Geffen,00720642522929
"Jun 11, 2024","10:30:00 PM",2024-06-11T22:30:00-0700,"06.11.2024 - Jim Causey",Music,120,173567,"Jim Causey","Jun 11, 2024","10:50:16 PM",2024-06-11T22:50:16-0700,"Tame Impala","No Choice","No Choice",3:42,,AUUM72100334,,,2021,,,"Universal Music Australia Pty. Ltd.",00602445255122
"Jun 11, 2024","10:30:00 PM",2024-06-11T22:30:00-0700,"06.11.2024 - Jim Causey",Music,120,173567,"Jim Causey","Jun 11, 2024","10:46:40 PM",2024-06-11T22:46:40-0700,"Natalie Prass","Short Court Style","Short Court Style",3:43,,USATO1800040,,,2018,,,"ATO Records / Fontana North",0880882326159
"Jun 11, 2024","10:30:00 PM",2024-06-11T22:30:00-0700,"06.11.2024 - Jim Causey",Music,120,173567,"Jim Causey","Jun 11, 2024","10:43:00 PM",2024-06-11T22:43:00-0700,"Pure Bathing Culture","Black Starling","Night Pass",3:48,,QZDZU1800004,,L,2019,,"Pure Bathing Culture will perform at Bumbershoot 2024. Labor Day Weekend","Infinite Companion",0192641263392
"Jun 11, 2024","10:30:00 PM",2024-06-11T22:30:00-0700,"06.11.2024 - Jim Causey",Music,120,173567,"Jim Causey","Jun 11, 2024","10:38:38 PM",2024-06-11T22:38:38-0700,"Tara Clerkin Trio","The Turning Ground","The Turning Ground",4:25,,QMBZ92367750,,,2023,,,"World of Echo",0197189579387
"Jun 11, 2024","10:30:00 PM",2024-06-11T22:30:00-0700,"06.11.2024 - Jim Causey",Music,120,173567,"Jim Causey","Jun 11, 2024","10:32:44 PM",2024-06-11T22:32:44-0700,"Jorja Smith","Rose Rouge","Blue Note Re:imagined",5:58,,GBUM71906390,,,2020,,"Jorja Smith was born on this day in 1997","Decca (UMO)",00602507198626
"Jun 11, 2024","10:30:00 PM",2024-06-11T22:30:00-0700,"06.11.2024 - Jim Causey",Music,120,173567,"Jim Causey","Jun 11, 2024","10:28:46 PM",2024-06-11T22:28:46-0700,NAVVI,IV,V,4:10,,GBHLW2300289,,L,2023,,"One of my favorite local albums of 2023!","Hush Hush",
"Jun 4, 2024","10:30:00 PM",2024-06-04T22:30:00-0700,"06.04.2024 - Jim Causey",Music,120,173567,"Jim Causey","Jun 5, 2024","12:29:54 AM",2024-06-05T00:29:54-0700,"Aphex Twin",#1,"Selected Ambient Works, Vol. II",7:28,,USWB10102690,,,1994,,,"Warner Bros.",0093624548263
"Jun 4, 2024","10:30:00 PM",2024-06-04T22:30:00-0700,"06.04.2024 - Jim Causey",Music,120,173567,"Jim Causey","Jun 5, 2024","12:25:19 AM",2024-06-05T00:25:19-0700,"Tanya Hart","The Music Lives On: Chapter Three","Ray Charles: The Music Lives On",8:56,,USHM21199267,,,2011,,,"HartBeat Records",0885767784925
"Jun 4, 2024","10:30:00 PM",2024-06-04T22:30:00-0700,"06.04.2024 - Jim Causey",Music,120,173567,"Jim Causey","Jun 5, 2024","12:00:51 AM",2024-06-05T00:00:51-0700,"Carl Stone","Noor Mahal","Electronic Music from 1972-2022",12:17,,USVML2306104,,,2023,,,"Unseen Worlds",0769256796869
"Jun 4, 2024","10:30:00 PM",2024-06-04T22:30:00-0700,"06.04.2024 - Jim Causey",Music,120,173567,"Jim Causey","Jun 4, 2024","11:56:52 PM",2024-06-04T23:56:52-0700,dal:um,Dot,Dot,3:58,,DETP62200211,,,2023,,,tak:til,4030433688472
"Jun 4, 2024","10:30:00 PM",2024-06-04T22:30:00-0700,"06.04.2024 - Jim Causey",Music,120,173567,"Jim Causey","Jun 4, 2024","11:48:52 PM",2024-06-04T23:48:52-0700,Lusine,Faceless,"Long Light",3:16,,US2J72302703,,,2023,,,"Ghostly International",0804297842707
"Jun 4, 2024","10:30:00 PM",2024-06-04T22:30:00-0700,"06.04.2024 - Jim Causey",Music,120,173567,"Jim Causey","Jun 4, 2024","11:43:36 PM",2024-06-04T23:43:36-0700,"Tangerine Dream","Along The Canal",Raum,5:29,,GBCQV2101092,,,2022,,,Kscope,0802644831367
"Jun 4, 2024","10:30:00 PM",2024-06-04T22:30:00-0700,"06.04.2024 - Jim Causey",Music,120,173567,"Jim Causey","Jun 4, 2024","11:36:52 PM",2024-06-04T23:36:52-0700,"Lau Nau",Nukahtamislaulu,Nukahtamislaulu,6:44,,FISSP2300014,,,2023,,,Fonal,6417138696915
"Jun 4, 2024","10:30:00 PM",2024-06-04T22:30:00-0700,"06.04.2024 - Jim Causey",Music,120,173567,"Jim Causey","Jun 4, 2024","11:30:46 PM",2024-06-04T23:30:46-0700,"N Chambers","Miniature Odyssey",Facets,6:10,,USDHM2027450,,,2020,,,"Love All Day",0638865185749
"Jun 4, 2024","10:30:00 PM",2024-06-04T22:30:00-0700,"06.04.2024 - Jim Causey",Music,120,173567,"Jim Causey","Jun 4, 2024","11:03:01 PM",2024-06-04T23:03:01-0700,"Noah Doyle","Changing Wing","Bare Cool",2:45,,TCAFR2166737,,,2021,,,"Noah Doyle",0859749333784
"Jun 4, 2024","10:30:00 PM",2024-06-04T22:30:00-0700,"06.04.2024 - Jim Causey",Music,120,173567,"Jim Causey","Jun 4, 2024","10:56:39 PM",2024-06-04T22:56:39-0700,"David Arkenstone","Beyond the Horizon","The Delicate Balance",5:07,,USANG2049622,,,2020,,,"Primary Wave Music",0792755850251
"Jun 4, 2024","10:30:00 PM",2024-06-04T22:30:00-0700,"06.04.2024 - Jim Causey",Music,120,173567,"Jim Causey","Jun 4, 2024","10:52:08 PM",2024-06-04T22:52:08-0700,"Suzanne Ciani","Coral Reef","Coral Reef - Single",4:46,,QM6P42360650,,,2023,,,"Obliques / Atmospheric",0197189689505
"Jun 4, 2024","10:30:00 PM",2024-06-04T22:30:00-0700,"06.04.2024 - Jim Causey",Music,120,173567,"Jim Causey","Jun 4, 2024","10:46:02 PM",2024-06-04T22:46:02-0700,"Chronotope Project","Unwinding the Dream",Chronology,6:12,,USSP52328036,,,2023,,,"Brain Laughter, Inc.",0600028280820
"Jun 4, 2024","10:30:00 PM",2024-06-04T22:30:00-0700,"06.04.2024 - Jim Causey",Music,120,173567,"Jim Causey","Jun 4, 2024","10:37:45 PM",2024-06-04T22:37:45-0700,"Claudio Giordano",Dreamland,Dreamland,7:27,,ITSU52122718,,,2022,,,"Moon Of Great Extent",
"Jun 4, 2024","10:30:00 PM",2024-06-04T22:30:00-0700,"06.04.2024 - Jim Causey",Music,120,173567,"Jim Causey","Jun 4, 2024","10:35:22 PM",2024-06-04T22:35:22-0700,"Tangerine Dream","(Sounds Kind Of) Fruity","The Music of Grand Theft Auto V, Vol. 2: The Score",4:45,,TCABQ1373005,,,2013,,,"Rockstar Games",0859711297342
"Jun 4, 2024","10:30:00 PM",2024-06-04T22:30:00-0700,"06.04.2024 - Jim Causey",Music,120,173567,"Jim Causey","Jun 4, 2024","10:31:01 PM",2024-06-04T22:31:01-0700,Lusine,"Long Light feat. Benoît Pioulard","Long Light",5:17,,US2J72302707,,,2023,,,"Ghostly International",0804297842707
"May 28, 2024","10:30:00 PM",2024-05-28T22:30:00-0700,"05.28.2024 - Jim Causey",Music,120,173567,"Jim Causey","May 29, 2024","12:17:03 AM",2024-05-29T00:17:03-0700,"André 3000","I swear, I Really Wanted To Make A ""Rap"" Album But This Is Literally The Way The Wind Blew Me This Time","New Blue Sun",12:20,,USSM12305448,,,2023,,,Epic,0196589963802
"May 28, 2024","10:30:00 PM",2024-05-28T22:30:00-0700,"05.28.2024 - Jim Causey",Music,120,173567,"Jim Causey","May 29, 2024","12:13:10 AM",2024-05-29T00:13:10-0700,"Domenica Diavoleria",Tress,"Orange Clearing",3:47,,QZMER2447576,,L,2024,,"Performing live on Saturday, June 8 at The Rabbit Box in Seattle at 8pm  - opening for Soft Release","Eiderdown Records",0198677776127
"May 28, 2024","10:30:00 PM",2024-05-28T22:30:00-0700,"05.28.2024 - Jim Causey",Music,120,173567,"Jim Causey","May 29, 2024","12:04:45 AM",2024-05-29T00:04:45-0700,"Serena Gabriel","Gentle Landing","The Saffron Sky",8:44,,USHK92342603,,,2024,,,"Soundquest Music",0617026342627
"May 28, 2024","10:30:00 PM",2024-05-28T22:30:00-0700,"05.28.2024 - Jim Causey",Music,120,173567,"Jim Causey","May 28, 2024","11:42:57 PM",2024-05-28T23:42:57-0700,"Paul Ellis","Three Trajectories 01","Three Trajectories",21:25,,,,L,2024,,,"Cyclical Dreams",
"May 28, 2024","10:30:00 PM",2024-05-28T22:30:00-0700,"05.28.2024 - Jim Causey",Music,120,173567,"Jim Causey","May 28, 2024","11:37:53 PM",2024-05-28T23:37:53-0700,"Michael Gettel",Wellspring,Skywatching,5:04,,USNA19314687,,L,1993,,,Narada,00083616302553
"May 28, 2024","10:30:00 PM",2024-05-28T22:30:00-0700,"05.28.2024 - Jim Causey",Music,120,173567,"Jim Causey","May 28, 2024","11:32:51 PM",2024-05-28T23:32:51-0700,"Michael Whalen","Golden Hour","Watercolor Sky",4:32,,QZTZF2110097,,,2024,,,"Michael Whalen Music",0196922897788
"May 28, 2024","10:30:00 PM",2024-05-28T22:30:00-0700,"05.28.2024 - Jim Causey",Music,120,173567,"Jim Causey","May 28, 2024","11:27:00 PM",2024-05-28T23:27:00-0700,"Peter Buffett","Empire Builder","The Waiting",4:43,,USNA18714162,,,1987,,,Narada,00076742620257
"May 28, 2024","10:30:00 PM",2024-05-28T22:30:00-0700,"05.28.2024 - Jim Causey",Music,120,173567,"Jim Causey","May 28, 2024","11:20:58 PM",2024-05-28T23:20:58-0700,"Dark Sky Alliance","The Desert Mind (feat. Robert Rich)",Interdwell,5:43,,,,L,2024,,,"Spotted Peccary",600028480121
"May 28, 2024","10:30:00 PM",2024-05-28T22:30:00-0700,"05.28.2024 - Jim Causey",Music,120,173567,"Jim Causey","May 28, 2024","11:17:16 PM",2024-05-28T23:17:16-0700,"Hello Meteor","Contour Interval","Shadow Boundaries",3:42,,QZMEQ2415606,,L,2024,,,DISTROKID,0198657797289
"May 28, 2024","10:30:00 PM",2024-05-28T22:30:00-0700,"05.28.2024 - Jim Causey",Music,120,173567,"Jim Causey","May 28, 2024","11:12:48 PM",2024-05-28T23:12:48-0700,"Fleetwood Mac","Seven Wonders (Remastered)","Tango In the Night (Remastered)",3:42,,USRH11603545,,,1987,,,"Rhino/Warner Records",603497870066
"May 28, 2024","10:30:00 PM",2024-05-28T22:30:00-0700,"05.28.2024 - Jim Causey",Music,120,173567,"Jim Causey","May 28, 2024","11:07:36 PM",2024-05-28T23:07:36-0700,Classixx,"Hanging Gardens","Hanging Gardens",5:24,,USD8D1313001,,,2013,,,"Innovative Leisure",0810874020123
"May 28, 2024","10:30:00 PM",2024-05-28T22:30:00-0700,"05.28.2024 - Jim Causey",Music,120,173567,"Jim Causey","May 28, 2024","11:03:11 PM",2024-05-28T23:03:11-0700,"Dan Deacon","Fell Into the Ocean","Mystic Familiar",3:59,,GBCEL1900420,,,2020,,,"Domino Recording Co",0887828041992
"May 28, 2024","10:30:00 PM",2024-05-28T22:30:00-0700,"05.28.2024 - Jim Causey",Music,120,173567,"Jim Causey","May 28, 2024","10:58:15 PM",2024-05-28T22:58:15-0700,"Soft Release","Broken Number 13","Broken Number 13 - Single",4:07,,QZTB22354483,,L,2023,,"Performing live on Saturday, June 8 at The Rabbit Box in Seattle at 8pm ","Strange Sparks",872132797895
"May 28, 2024","10:30:00 PM",2024-05-28T22:30:00-0700,"05.28.2024 - Jim Causey",Music,120,173567,"Jim Causey","May 28, 2024","10:53:35 PM",2024-05-28T22:53:35-0700,"One Dove","White Love - Radio Mix","Morning Dove White",4:40,,GBAAP9300689,,,1993,,,"London Records",0685738325665
"May 28, 2024","10:30:00 PM",2024-05-28T22:30:00-0700,"05.28.2024 - Jim Causey",Music,120,173567,"Jim Causey","May 28, 2024","10:49:41 PM",2024-05-28T22:49:41-0700,"Midnight High",True,"Swimming Lessons",3:57,,QZMER2366617,,L,2023,,,DISTROKID,0197902328278
"May 28, 2024","10:30:00 PM",2024-05-28T22:30:00-0700,"05.28.2024 - Jim Causey",Music,120,173567,"Jim Causey","May 28, 2024","10:45:35 PM",2024-05-28T22:45:35-0700,Bluhm,"Midnight Hill","Midnight Hill",3:55,,QZMEM2475287,,,2024,,,"Bluhm Music",0198478488083
"May 28, 2024","10:30:00 PM",2024-05-28T22:30:00-0700,"05.28.2024 - Jim Causey",Music,120,173567,"Jim Causey","May 28, 2024","10:41:15 PM",2024-05-28T22:41:15-0700,"Electric Youth","A Real Hero",Innerworld,4:28,,FR6V80039200,,,2010,,,Valerie,3661585247869
"May 28, 2024","10:30:00 PM",2024-05-28T22:30:00-0700,"05.28.2024 - Jim Causey",Music,120,173567,"Jim Causey","May 28, 2024","10:35:45 PM",2024-05-28T22:35:45-0700,"Roxy Music","The Space Between",Avalon,4:30,,GBAAA9900093,,,1982,,,"EG Records",0724384746056
"May 28, 2024","10:30:00 PM",2024-05-28T22:30:00-0700,"05.28.2024 - Jim Causey",Music,120,173567,"Jim Causey","May 28, 2024","10:30:00 PM",2024-05-28T22:30:00-0700,"FCS North","Police Laughter","FCS North",5:44,,,,L,2000,,"Featuring Andy Sells (Soft Release, Afrocop, Mt. Fog, Select Level...) on drums",,
"May 21, 2024","10:30:00 PM",2024-05-21T22:30:00-0700,"05.21.2024 - Jim Causey",Music,120,173567,"Jim Causey","May 22, 2024","12:27:00 AM",2024-05-22T00:27:00-0700,Nosnar,"Black Shadow in a Clear Light (excerpt)","Beyond The Clouds",4:56,,,,,2024,,,Neotantra,
"May 21, 2024","10:30:00 PM",2024-05-21T22:30:00-0700,"05.21.2024 - Jim Causey",Music,120,173567,"Jim Causey","May 22, 2024","12:22:39 AM",2024-05-22T00:22:39-0700,Mattesque,"This City Softly Cries Blood","This Ambient Kills Fascists",4:24,,QZPJ32294361,,,2023,,,Mattesque,0198009354184
"May 21, 2024","10:30:00 PM",2024-05-21T22:30:00-0700,"05.21.2024 - Jim Causey",Music,120,173567,"Jim Causey","May 22, 2024","12:17:08 AM",2024-05-22T00:17:08-0700,"Julianna Barwick",Nebula,Will,5:34,,USJ5G1611002,,,2016,,,"Dead Oceans",
"May 21, 2024","10:30:00 PM",2024-05-21T22:30:00-0700,"05.21.2024 - Jim Causey",Music,120,173567,"Jim Causey","May 22, 2024","12:10:45 AM",2024-05-22T00:10:45-0700,Perge,Ascent,"Mutually Assured Destruction",6:33,,,,,2022,,,,
"May 21, 2024","10:30:00 PM",2024-05-21T22:30:00-0700,"05.21.2024 - Jim Causey",Music,120,173567,"Jim Causey","May 22, 2024","12:03:45 AM",2024-05-22T00:03:45-0700,"Liam J Boyle",Arrival,"Interdimensional Mind Traveller",7:00,,GX8LD2446019,,,2024,,,"Cyclical Dreams",5063440906733
"May 21, 2024","10:30:00 PM",2024-05-21T22:30:00-0700,"05.21.2024 - Jim Causey",Music,120,173567,"Jim Causey","May 22, 2024","12:00:18 AM",2024-05-22T00:00:18-0700,"A Covenant of Thorns","Alone In A Crowd","If The Heavens Should Fall",3:30,,USCGH0670786,,,0,,,"A Handful of Nothing",0777215107151
"May 21, 2024","10:30:00 PM",2024-05-21T22:30:00-0700,"05.21.2024 - Jim Causey",Music,120,173567,"Jim Causey","May 21, 2024","11:54:43 PM",2024-05-21T23:54:43-0700,"Kay Gardner","Fountain Of Light: Transpersonal Chakra","A Rainbow Path",5:49,,USCGH0786334,,,1984,,,"Ladyslipper Records",0023234010324
"May 21, 2024","10:30:00 PM",2024-05-21T22:30:00-0700,"05.21.2024 - Jim Causey",Music,120,173567,"Jim Causey","May 21, 2024","11:50:15 PM",2024-05-21T23:50:15-0700,"J. McFarlane's Reality Guest",Sensory,Whoopee,4:58,,GBCK42308903,,,2024,,,"Felt Sense Recordings",5063413578486
"May 21, 2024","10:30:00 PM",2024-05-21T22:30:00-0700,"05.21.2024 - Jim Causey",Music,120,173567,"Jim Causey","May 21, 2024","11:43:35 PM",2024-05-21T23:43:35-0700,"Pat Metheny / Steve Reich","Electric Counterpoint - Fast (movement 1)","Different Trains / Electric Counterpoint",6:51,,USNO18917604,,,1990,,,Nonesuch,0075597917628
"May 21, 2024","10:30:00 PM",2024-05-21T22:30:00-0700,"05.21.2024 - Jim Causey",Music,120,173567,"Jim Causey","May 21, 2024","11:37:55 PM",2024-05-21T23:37:55-0700,"Richard N. Ahlstrom","RIDE THE NIGHT SKY","RIDE THE NIGHT SKY",5:30,,QM42K1989146,,,2020,,,"Richard N. Ahlstrom",0053000643722
"May 21, 2024","10:30:00 PM",2024-05-21T22:30:00-0700,"05.21.2024 - Jim Causey",Music,120,173567,"Jim Causey","May 21, 2024","11:34:03 PM",2024-05-21T23:34:03-0700,"David Arkenstone",Firestix,"Citizen of Time",4:01,,USNA19013844,,,1990,,,Narada,00724347337352
"May 21, 2024","10:30:00 PM",2024-05-21T22:30:00-0700,"05.21.2024 - Jim Causey",Music,120,173567,"Jim Causey","May 21, 2024","11:30:23 PM",2024-05-21T23:30:23-0700,"Robert ÆOLUS Myers","All Souls","A Retrospective",3:44,,USFN60600008,,,2006,,,"Robert ÆOLUS Myers",0783707346106
"May 21, 2024","10:30:00 PM",2024-05-21T22:30:00-0700,"05.21.2024 - Jim Causey",Music,120,173567,"Jim Causey","May 21, 2024","11:27:49 PM",2024-05-21T23:27:49-0700,"Dead Can Dance","Ariadne (Remastered)","Into the Labyrinth (Remastered)",1:54,,GBAFL0700040,,,1993,,,4AD,652637271164
"May 21, 2024","10:30:00 PM",2024-05-21T22:30:00-0700,"05.21.2024 - Jim Causey",Music,120,173567,"Jim Causey","May 21, 2024","11:23:33 PM",2024-05-21T23:23:33-0700,"Beth Gibbons",Rewind,"Lives Outgrown",4:47,,GBCEL2100655,,,2024,,,"Domino Recording Co",
"May 21, 2024","10:30:00 PM",2024-05-21T22:30:00-0700,"05.21.2024 - Jim Causey",Music,120,173567,"Jim Causey","May 21, 2024","11:19:34 PM",2024-05-21T23:19:34-0700,Afrocop,"Elegantly Deceitful Simulation","Elegantly Deceitful Simulation",3:40,,GBMJG2411945,,,2024,,,"Wax Thematique",0709388062562
"May 21, 2024","10:30:00 PM",2024-05-21T22:30:00-0700,"05.21.2024 - Jim Causey",Music,120,173567,"Jim Causey","May 21, 2024","11:15:29 PM",2024-05-21T23:15:29-0700,"Peter Gabriel","This Is The Picture (Excellent Birds)",So,4:22,,GBCPB1200870,,,1986,,,Non-Wea/Other,0825646557103
"May 21, 2024","10:30:00 PM",2024-05-21T22:30:00-0700,"05.21.2024 - Jim Causey",Music,120,173567,"Jim Causey","May 21, 2024","11:08:39 PM",2024-05-21T23:08:39-0700,"New Order","Temptation '87 (2023 Digital Master)","Substance (2023 Expanded Reissue)",6:59,,GBCRL2300176,,,2023,,,Rhino,5054197790454
"May 21, 2024","10:30:00 PM",2024-05-21T22:30:00-0700,"05.21.2024 - Jim Causey",Music,120,173567,"Jim Causey","May 21, 2024","11:04:10 PM",2024-05-21T23:04:10-0700,"Cold Cave","Night Light","Night Light",4:29,,US25X2100887,,,2021,,,"Heartworm Press",0669158554423
"May 21, 2024","10:30:00 PM",2024-05-21T22:30:00-0700,"05.21.2024 - Jim Causey",Music,120,173567,"Jim Causey","May 21, 2024","11:00:31 PM",2024-05-21T23:00:31-0700,ACTORS,"In Real Life","In Real Life",3:13,,QM4TX2437688,,,2024,,,"Artoffact Records",0198391418259
"May 21, 2024","10:30:00 PM",2024-05-21T22:30:00-0700,"05.21.2024 - Jim Causey",Music,120,173567,"Jim Causey","May 21, 2024","10:56:15 PM",2024-05-21T22:56:15-0700,"Dark Chisme","Beautiful Obsession Killer","Beautiful Obsession Killer",4:27,,QZHN82458431,,L,2024,,,"Chismosa Records",
"May 21, 2024","10:30:00 PM",2024-05-21T22:30:00-0700,"05.21.2024 - Jim Causey",Music,120,173567,"Jim Causey","May 21, 2024","10:51:14 PM",2024-05-21T22:51:14-0700,"School Of Seven Bells","Heart Is Strange","Disconnect from Desire",5:01,,USVR91059702,,,2010,,,"Vagrant Records",0859381025313
"May 21, 2024","10:30:00 PM",2024-05-21T22:30:00-0700,"05.21.2024 - Jim Causey",Music,120,173567,"Jim Causey","May 21, 2024","10:46:41 PM",2024-05-21T22:46:41-0700,"Rue Oberkampf",Glycine,Christophe-Philippe,4:41,,TCAEL1922925,,,2019,,,"Young and cold Records",0859734817589
"May 21, 2024","10:30:00 PM",2024-05-21T22:30:00-0700,"05.21.2024 - Jim Causey",Music,120,173567,"Jim Causey","May 21, 2024","10:40:54 PM",2024-05-21T22:40:54-0700,"Still Corners","The Dream","The Dream",4:50,,QZCWY2300003,,,2024,,,"Wrecking Light Records",3617381774672
"May 21, 2024","10:30:00 PM",2024-05-21T22:30:00-0700,"05.21.2024 - Jim Causey",Music,120,173567,"Jim Causey","May 21, 2024","10:38:21 PM",2024-05-21T22:38:21-0700,"The Handsome Family","Far From Any Road","Singing Bones",2:48,,GBJCP0300005,,,2003,,,"Sony Music CG",0886444802093
"May 21, 2024","10:30:00 PM",2024-05-21T22:30:00-0700,"05.21.2024 - Jim Causey",Music,120,173567,"Jim Causey","May 21, 2024","10:34:02 PM",2024-05-21T22:34:02-0700,"Echo of the Low Light",Disco,"Disco - Single",4:16,,QZWFF2341396,,L,2023,,,Independent,840080910581
"May 21, 2024","10:30:00 PM",2024-05-21T22:30:00-0700,"05.21.2024 - Jim Causey",Music,120,173567,"Jim Causey","May 21, 2024","10:30:00 PM",2024-05-21T22:30:00-0700,"MIDI Janitor","Far Speak","Holy to Dogs",4:02,,,,L,2024,,"New from Vancouver BC artist (and label)","Hotham Sound Recordings",
"May 14, 2024","10:30:00 PM",2024-05-14T22:30:00-0700,"05.14.2024 - Jim Causey",Music,120,173567,"Jim Causey","May 15, 2024","12:24:25 AM",2024-05-15T00:24:25-0700,"Tanya Hart","The Music Lives On: Chapter Three","Ray Charles: The Music Lives On",8:56,,USHM21199267,,,2011,,,"HartBeat Records",0885767784925
"May 14, 2024","10:30:00 PM",2024-05-14T22:30:00-0700,"05.14.2024 - Jim Causey",Music,120,173567,"Jim Causey","May 15, 2024","12:01:09 AM",2024-05-15T00:01:09-0700,Node,"Shinkansen North - Live","Node Live",14:16,,GBJJM1800001,,,2018,,,DiN,5028423180555
"May 14, 2024","10:30:00 PM",2024-05-14T22:30:00-0700,"05.14.2024 - Jim Causey",Music,120,173567,"Jim Causey","May 14, 2024","11:50:28 PM",2024-05-14T23:50:28-0700,"Rudy Adrian","Three Views of a Japanese Garden, part 2 - live",MoonWater,10:39,,US4HD0600008,,,2006,,,lotuspike,0783707347806
"May 14, 2024","10:30:00 PM",2024-05-14T22:30:00-0700,"05.14.2024 - Jim Causey",Music,120,173567,"Jim Causey","May 14, 2024","11:46:16 PM",2024-05-14T23:46:16-0700,"Suzanne Ciani","Heartbeats - Live","Improvisation on Four Sequences Live at Festival Antigel",4:21,,USFH62077061,,,2020,,,Atmospheric,0195398398614
"May 14, 2024","10:30:00 PM",2024-05-14T22:30:00-0700,"05.14.2024 - Jim Causey",Music,120,173567,"Jim Causey","May 14, 2024","11:29:53 PM",2024-05-14T23:29:53-0700,"Tangerine Dream","Cherokee Lane","Cherokee Lane",16:24,,GBUM71807177,,,2019,,,EMI,
"May 14, 2024","10:30:00 PM",2024-05-14T22:30:00-0700,"05.14.2024 - Jim Causey",Music,120,173567,"Jim Causey","May 14, 2024","11:14:17 PM",2024-05-14T23:14:17-0700,Redshift,Pyro-Gen,Faultline,14:58,,GBKPL1026560,,,2004,,,"Distant Sun",5028423666660
"May 14, 2024","10:30:00 PM",2024-05-14T22:30:00-0700,"05.14.2024 - Jim Causey",Music,120,173567,"Jim Causey","May 14, 2024","11:08:26 PM",2024-05-14T23:08:26-0700,Kitaro,Caravansary,"Live In America",5:50,,USDO19900377,,,1991,,,"Domo Records",0724384827922
"May 14, 2024","10:30:00 PM",2024-05-14T22:30:00-0700,"05.14.2024 - Jim Causey",Music,120,173567,"Jim Causey","May 14, 2024","11:02:19 PM",2024-05-14T23:02:19-0700,"Loreena McKennitt","Night Ride Across the Caucasus - Live","Live in Paris and Toronto",6:22,,CAQ119800122,,,2014,,,"Quinlan Road Limited",00774213801081
"May 14, 2024","10:30:00 PM",2024-05-14T22:30:00-0700,"05.14.2024 - Jim Causey",Music,120,173567,"Jim Causey","May 14, 2024","10:51:10 PM",2024-05-14T22:51:10-0700,"Peter Gabriel","In Your Eyes - Live","Secret World Live",11:34,,GBCPB1100841,,,1994,,,"Real World Productions Ltd.",00884108007686
"May 14, 2024","10:30:00 PM",2024-05-14T22:30:00-0700,"05.14.2024 - Jim Causey",Music,120,173567,"Jim Causey","May 14, 2024","10:34:10 PM",2024-05-14T22:34:10-0700,"Cocteau Twins","Fifty - Fifty Clown - Robert Elms BBC Session","Treasure Hiding: The Fontana Years",3:15,,GBCAD1800124,,,2018,,,"UMC (Universal Music Catalogue)",00602567511922
"May 14, 2024","10:30:00 PM",2024-05-14T22:30:00-0700,"05.14.2024 - Jim Causey",Music,120,173567,"Jim Causey","May 14, 2024","10:30:15 PM",2024-05-14T22:30:15-0700,"Fleet Foxes","Can I Believe You - Solstice Version","A Very Lonely Solstice",3:59,,USEP42107015,,,2021,,,Anti/Epitaph,0045778790265
"May 7, 2024","10:30:00 PM",2024-05-07T22:30:00-0700,"05.07.2024 - Jim Causey",Music,120,173567,"Jim Causey","May 8, 2024","12:26:55 AM",2024-05-08T00:26:55-0700,"Faten Kanaan",Votive,Afterpoem,3:40,,GBCKK2267708,,,2023,,,"Fire Records",0809236167705
"May 7, 2024","10:30:00 PM",2024-05-07T22:30:00-0700,"05.07.2024 - Jim Causey",Music,120,173567,"Jim Causey","May 8, 2024","12:23:45 AM",2024-05-08T00:23:45-0700,"Tanya Hart","The Music Lives On: Chapter Three","Ray Charles: The Music Lives On",8:56,,USHM21199267,,,2011,,,"HartBeat Records",0885767784925
"May 7, 2024","10:30:00 PM",2024-05-07T22:30:00-0700,"05.07.2024 - Jim Causey",Music,120,173567,"Jim Causey","May 8, 2024","12:19:59 AM",2024-05-08T00:19:59-0700,"Steve Gunn, David Moore",Basin,"Let The Moon Be A Planet",6:50,,US6PQ2300071,,,2023,,,"RVNG Intl.",
"May 7, 2024","10:30:00 PM",2024-05-07T22:30:00-0700,"05.07.2024 - Jim Causey",Music,120,173567,"Jim Causey","May 8, 2024","12:03:08 AM",2024-05-08T00:03:08-0700,"Tangerine Dream","Ricochet - Live On European Tour / 1975 / Pt. 1 / Steven Wilson 2018 Stereo Mix","Ricochet (Live / Deluxe Version)",17:06,,GBUM71807172,,,1975,,,"UMC (Universal Music Catalogue)",00602577478956
"May 7, 2024","10:30:00 PM",2024-05-07T22:30:00-0700,"05.07.2024 - Jim Causey",Music,120,173567,"Jim Causey","May 7, 2024","11:56:18 PM",2024-05-07T23:56:18-0700,Solaris,"Witchfyre Glyph","Temporal Flux",6:59,,USDY42462744,,,2024,,"“The Mist Gazers arrived and without delay have cast their stones. They've managed, through means not much more sophisticated than Theseus used in his fabled labyrinth, to penetrate the directionless lack surrounding us and connect the SLZ to a handful of fascinating points of interest.

It is these points of interest I outline in the following journal as we await any possible Minotaur to emerge from the dark…”

—From Temporal Flux: A Journey Through Un-Time by Fletcher Oberlin-Ford, Astropath 3rd Degree 

https://exospheremusic.bandcamp.com/album/temporal-flux",Exosphere,0198500635850
"May 7, 2024","10:30:00 PM",2024-05-07T22:30:00-0700,"05.07.2024 - Jim Causey",Music,120,173567,"Jim Causey","May 7, 2024","11:48:08 PM",2024-05-07T23:48:08-0700,Redshift,"Bombers in the Desert","Ether (Remastered)",8:23,,GBKPL1026613,,,1998,,"James Goddard, Rob Jenkins, Julian Shreeve and the late Mark Shreeve","Distant Sun",5033168000112
"May 7, 2024","10:30:00 PM",2024-05-07T22:30:00-0700,"05.07.2024 - Jim Causey",Music,120,173567,"Jim Causey","May 7, 2024","11:39:06 PM",2024-05-07T23:39:06-0700,['ramp],"havoc (album teaser)",havoc,9:01,,,,L,2024,,"brand new music from stephen parsick - commemorating 35 years as an artist, triggered by his grief over the loss of the legendary Mark Shreeves in 2022

https://ramp1.bandcamp.com/album/havoc",,
"May 7, 2024","10:30:00 PM",2024-05-07T22:30:00-0700,"05.07.2024 - Jim Causey",Music,120,173567,"Jim Causey","May 7, 2024","11:28:29 PM",2024-05-07T23:28:29-0700,"Erez Yaary","Never Again","Everything Will Dissolve",10:41,,GX8LD2484877,,,2024,,"""Once peaceful neighborhoods, where the laughter of children once echoed, now stand as little more than charred remnants of homes and playgrounds. The vibrant places where people once danced and celebrated life have been reduced to ashes and desolation.
“Everything Will Dissolve” invites the listener to an emotive journey through once serene landscapes now transformed into battlegrounds of tragedy, providing an opportunity for self reflection and retrospect."" - https://erezyaary.bandcamp.com/album/everything-will-dissolve","Cyclical Dreams",5063473345349
"May 7, 2024","10:30:00 PM",2024-05-07T22:30:00-0700,"05.07.2024 - Jim Causey",Music,120,173567,"Jim Causey","May 7, 2024","11:20:17 PM",2024-05-07T23:20:17-0700,Afrocop,"At My Spirit's Urging",Moondust,7:36,,,,L,2020,,"Seattle's Afrocop will drop a new LP in July 2024 - preorder it now: https://afrocop.bandcamp.com/album/afrocop",,
"May 7, 2024","10:30:00 PM",2024-05-07T22:30:00-0700,"05.07.2024 - Jim Causey",Music,120,173567,"Jim Causey","May 7, 2024","11:12:12 PM",2024-05-07T23:12:12-0700,Somesurprises,Perseids,Perseids,8:09,,uscgh2471456,,L,2024,,,"Doom Trip Records",0198500141252
"May 7, 2024","10:30:00 PM",2024-05-07T22:30:00-0700,"05.07.2024 - Jim Causey",Music,120,173567,"Jim Causey","May 7, 2024","11:06:00 PM",2024-05-07T23:06:00-0700,"Massive Attack","Safe from Harm - 2012 Mix/Master","Blue Lines",5:19,,GBAAA1200644,,,1991,,,"Virgin Catalogue",05099923203853
"May 7, 2024","10:30:00 PM",2024-05-07T22:30:00-0700,"05.07.2024 - Jim Causey",Music,120,173567,"Jim Causey","May 7, 2024","11:02:10 PM",2024-05-07T23:02:10-0700,Aili,Oyasumi,Nandakke?,4:11,,BEN582300785,,,2024,,,TOKA,0197190477269
"May 7, 2024","10:30:00 PM",2024-05-07T22:30:00-0700,"05.07.2024 - Jim Causey",Music,120,173567,"Jim Causey","May 7, 2024","10:58:36 PM",2024-05-07T22:58:36-0700,"Japanese Breakfast","Be Sweet (feat. So!YoON!) [Korean Version]","Be Sweet (Korean Version) - Single",3:15,,USJ5G2222501,,L,2022,,"“We thought it would be fun to put out a special Korean version of ‘Be Sweet’ preceding our upcoming performance in Seoul. Im very grateful Yaeji helped me with the translation over a year ago,” says Zauner. “So!YoON! is one of my favorite indie artists in Seoul right now and I’m so happy we got to collab.”","Dead Oceans",617308034912
"May 7, 2024","10:30:00 PM",2024-05-07T22:30:00-0700,"05.07.2024 - Jim Causey",Music,120,173567,"Jim Causey","May 7, 2024","10:54:45 PM",2024-05-07T22:54:45-0700,"Michael Weber",Omakase,Omakase,3:57,,QZTBD2318714,,L,2023,,,"681590 Records DK",198092565481
"May 7, 2024","10:30:00 PM",2024-05-07T22:30:00-0700,"05.07.2024 - Jim Causey",Music,120,173567,"Jim Causey","May 7, 2024","10:46:09 PM",2024-05-07T22:46:09-0700,"Four Tet","Three Drums",Three,8:16,,GBXNG2323001,,,2024,,,"Text Records",3663729296894
"May 7, 2024","10:30:00 PM",2024-05-07T22:30:00-0700,"05.07.2024 - Jim Causey",Music,120,173567,"Jim Causey","May 7, 2024","10:43:52 PM",2024-05-07T22:43:52-0700,"Chrome Waves","Beats You Can Trust","Beats You Can Trust, Pt. 1",3:09,,QZTB72220305,,,2023,,"hip-hop/vaporwave project of Zak Vortex - https://chromewave.bandcamp.com/album/beats-you-can-trust","Vortex Vamp Records",197630515360
"May 7, 2024","10:30:00 PM",2024-05-07T22:30:00-0700,"05.07.2024 - Jim Causey",Music,120,173567,"Jim Causey","May 7, 2024","10:41:22 PM",2024-05-07T22:41:22-0700,"Hello Meteor","Welcome To New Cascade","Welcome To New Cascade",2:58,,QZNWT2285545,,L,2022,,,"Evergreen Prefecture",197147196786
"May 7, 2024","10:30:00 PM",2024-05-07T22:30:00-0700,"05.07.2024 - Jim Causey",Music,120,173567,"Jim Causey","May 7, 2024","10:38:04 PM",2024-05-07T22:38:04-0700,"Hello Meteor","Talking Skies","Said Ghosts",2:59,,QZDA42487972,,L,2024,,,"Evergreen Prefecture",198086532116
"May 7, 2024","10:30:00 PM",2024-05-07T22:30:00-0700,"05.07.2024 - Jim Causey",Music,120,173567,"Jim Causey","May 7, 2024","10:29:00 PM",2024-05-07T22:29:00-0700,"Steve Moore","Timewave Zero","Positronic Neural Pathways",8:19,,TCAER2040201,,,2013,,"2022 re-release on Seattle's SFI Recordings!","VCO Recordings",859737525559
"Apr 30, 2024","10:30:00 PM",2024-04-30T22:30:00-0700,"04.30.2024 - Jim Causey",Music,120,173567,"Jim Causey","May 1, 2024","12:26:09 AM",2024-05-01T00:26:09-0700,Vangelis,"Tears in Rain","Blade Runner (Music From The Original Soundtrack)",2:54,,GBAHS1300265,,,1994,,,"East West Records UK Ltd",5053105842629
"Apr 30, 2024","10:30:00 PM",2024-04-30T22:30:00-0700,"04.30.2024 - Jim Causey",Music,120,173567,"Jim Causey","May 1, 2024","12:00:26 AM",2024-05-01T00:00:26-0700,"Caterina Barbieri","Closest Approach to Your Orbit","Ecstatic Computation",6:30,,ATE691925903,,,2019,,,"Editions Mego",5050580711310
"Apr 30, 2024","10:30:00 PM",2024-04-30T22:30:00-0700,"04.30.2024 - Jim Causey",Music,120,173567,"Jim Causey","Apr 30, 2024","11:52:54 PM",2024-04-30T23:52:54-0700,Transponder,"Running Binary Nightside","Starmaps, Vol. 1",7:39,,USHM92257675,,,2022,,,Synphaera,0198004719841
"Apr 30, 2024","10:30:00 PM",2024-04-30T22:30:00-0700,"04.30.2024 - Jim Causey",Music,120,173567,"Jim Causey","Apr 30, 2024","11:47:18 PM",2024-04-30T23:47:18-0700,Vangelis,"Blush Response","Blade Runner (Music From The Original Soundtrack)",5:47,,GBAHS0104433,,,1994,,,"East West Records UK Ltd",0745099657420
"Apr 30, 2024","10:30:00 PM",2024-04-30T22:30:00-0700,"04.30.2024 - Jim Causey",Music,120,173567,"Jim Causey","Apr 30, 2024","11:40:32 PM",2024-04-30T23:40:32-0700,"Remote Vision","The Temporal Sequence","The Architecture of Time",6:51,,USL4Q2267828,,,2022,,,Synphaera,0198015041436
"Apr 30, 2024","10:30:00 PM",2024-04-30T22:30:00-0700,"04.30.2024 - Jim Causey",Music,120,173567,"Jim Causey","Apr 30, 2024","11:36:16 PM",2024-04-30T23:36:16-0700,"Public Service Broadcasting",Go!,"The Race For Space",4:12,,GBSZF1400173,,,2014,,,"Test Card Recordings",3614592697257
"Apr 30, 2024","10:30:00 PM",2024-04-30T22:30:00-0700,"04.30.2024 - Jim Causey",Music,120,173567,"Jim Causey","Apr 30, 2024","11:30:06 PM",2024-04-30T23:30:06-0700,"Public Service Broadcasting","The Other Side","The Race for Space",6:20,,GBSZF1400171,,,2011,,,"Test Card Recordings",3610159662676
"Apr 30, 2024","10:30:00 PM",2024-04-30T22:30:00-0700,"04.30.2024 - Jim Causey",Music,120,173567,"Jim Causey","Apr 30, 2024","11:22:36 PM",2024-04-30T23:22:36-0700,"Dreamstate Logic","First Contact",Starbound,6:51,,QZES62374545,,,2023,,,"Dreamstate Logic",0197630270443
"Apr 30, 2024","10:30:00 PM",2024-04-30T22:30:00-0700,"04.30.2024 - Jim Causey",Music,120,173567,"Jim Causey","Apr 30, 2024","11:10:50 PM",2024-04-30T23:10:50-0700,"Steve Roach","The Sky Opens - Live 2019","The Sky Opens (Live 2019)",11:53,,USHK92037004,,,2020,,,Projekt,0617026037028
"Apr 30, 2024","10:30:00 PM",2024-04-30T22:30:00-0700,"04.30.2024 - Jim Causey",Music,120,173567,"Jim Causey","Apr 30, 2024","11:04:59 PM",2024-04-30T23:04:59-0700,"Pink Floyd","Set the Controls for the Heart of the Sun","A Saucerful of Secrets",5:28,,GBN9Y1100014,,,1968,,,Columbia/Legacy,886445635881
"Apr 30, 2024","10:30:00 PM",2024-04-30T22:30:00-0700,"04.30.2024 - Jim Causey",Music,120,173567,"Jim Causey","Apr 30, 2024","11:00:46 PM",2024-04-30T23:00:46-0700,Vangelis,"Albedo 0.39","Albedo 0.39",4:30,,GBARL7500014,,,1976,,,"Sony Music UK",0886444333221
"Apr 30, 2024","10:30:00 PM",2024-04-30T22:30:00-0700,"04.30.2024 - Jim Causey",Music,120,173567,"Jim Causey","Apr 30, 2024","10:51:20 PM",2024-04-30T22:51:20-0700,"Terminus Void",Inception,"Origins Unknown",9:40,,QZTDY2200002,,,2022,,,"Terminus Void",0692531513014
"Apr 30, 2024","10:30:00 PM",2024-04-30T22:30:00-0700,"04.30.2024 - Jim Causey",Music,120,173567,"Jim Causey","Apr 30, 2024","10:49:30 PM",2024-04-30T22:49:30-0700,Vangelis,"Apo 22","Juno to Jupiter",1:53,,GBUM72003679,,,2021,,,"Decca (UMO) (Classics)",
"Apr 30, 2024","10:30:00 PM",2024-04-30T22:30:00-0700,"04.30.2024 - Jim Causey",Music,120,173567,"Jim Causey","Apr 30, 2024","10:45:51 PM",2024-04-30T22:45:51-0700,Vangelis,"Atlas’ push","Juno to Jupiter",3:40,,GBUM72003662,,,2020,,,"Decca (UMO) (Classics)",00028948550319
"Apr 30, 2024","10:30:00 PM",2024-04-30T22:30:00-0700,"04.30.2024 - Jim Causey",Music,120,173567,"Jim Causey","Apr 30, 2024","10:38:49 PM",2024-04-30T22:38:49-0700,"Public Service Broadcasting",Sputnik,"The Race For Space",7:09,,GBSZF1400167,,,2014,,,"Test Card Recordings",3614592697257
"Apr 30, 2024","10:30:00 PM",2024-04-30T22:30:00-0700,"04.30.2024 - Jim Causey",Music,120,173567,"Jim Causey","Apr 30, 2024","10:34:25 PM",2024-04-30T22:34:25-0700,"Jong-Sung Kim","함께가자 우리 이길을","사랑을 위하여 3(459인의 교사가 선정한 명시)",4:24,,KRRAR1602257,,,1991,,,RIAK,8809500130598
"Apr 30, 2024","10:30:00 PM",2024-04-30T22:30:00-0700,"04.30.2024 - Jim Causey",Music,120,173567,"Jim Causey","Apr 30, 2024","10:34:11 PM",2024-04-30T22:34:11-0700,Vangelis,"Cosmos Theme","Earth Day",3:45,,FR2X42076980,,,2020,,,"A&R Music",3616405345775
"Apr 30, 2024","10:30:00 PM",2024-04-30T22:30:00-0700,"04.30.2024 - Jim Causey",Music,120,173567,"Jim Causey","Apr 30, 2024","10:30:22 PM",2024-04-30T22:30:22-0700,"Hello Meteor","Reitoru Skyport","Earth Journos",4:20,,QZDA52329446,,,2023,,,DISTROKID,0197631733084
"Apr 23, 2024","10:30:00 PM",2024-04-23T22:30:00-0700,"04.23.2024 - Jim Causey",Music,120,173567,"Jim Causey","Apr 24, 2024","12:25:32 AM",2024-04-24T00:25:32-0700,"Thom Brennan","Elysian Fields, Pt. 1","Elysian Fields",7:00,,USHM21977124,,L,2019,,,"Thom Brennan",885007773818
"Apr 23, 2024","10:30:00 PM",2024-04-23T22:30:00-0700,"04.23.2024 - Jim Causey",Music,120,173567,"Jim Causey","Apr 24, 2024","12:21:13 AM",2024-04-24T00:21:13-0700,"Soothsayer (aka Omni Gardens)",V,"Keynes Utopia",2:42,,,,L,2012,,"Originally released in 2012 on the no kings cassette label as Soothsaye","no kings",
"Apr 23, 2024","10:30:00 PM",2024-04-23T22:30:00-0700,"04.23.2024 - Jim Causey",Music,120,173567,"Jim Causey","Apr 24, 2024","12:20:27 AM",2024-04-24T00:20:27-0700,darungara,"Leaving Home","Leaving Home",2:08,,AUKDT2300885,,,2024,,,"MERLIN - Valley View Records",5063181746483
"Apr 23, 2024","10:30:00 PM",2024-04-23T22:30:00-0700,"04.23.2024 - Jim Causey",Music,120,173567,"Jim Causey","Apr 24, 2024","12:15:18 AM",2024-04-24T00:15:18-0700,"Daryl Groetsch","Above the Shore (Radio Edit)","Above the Shore",5:14,,uscgj2445362,,L,2024,,"New music from the prolific Portland musician, also known as Pulse Emitter","Daryl Groetsch",0712179450301
"Apr 23, 2024","10:30:00 PM",2024-04-23T22:30:00-0700,"04.23.2024 - Jim Causey",Music,120,173567,"Jim Causey","Apr 24, 2024","12:11:35 AM",2024-04-24T00:11:35-0700,"Loscil, Lawrence English",Sienna,Chroma,4:03,,,,L,2024,,,,
"Apr 23, 2024","10:30:00 PM",2024-04-23T22:30:00-0700,"04.23.2024 - Jim Causey",Music,120,173567,"Jim Causey","Apr 24, 2024","12:07:08 AM",2024-04-24T00:07:08-0700,"Marine Eyes","night palms sway","night palms sway",4:14,,QZES52457778,,,2024,,"Cynthia Bernard (aka marine eyes) - you can find her excellent women of ambient playlist and more at: https://linktr.ee/marineeyes","Past Inside the Present",0198080277471
"Apr 23, 2024","10:30:00 PM",2024-04-23T22:30:00-0700,"04.23.2024 - Jim Causey",Music,120,173567,"Jim Causey","Apr 24, 2024","12:02:01 AM",2024-04-24T00:02:01-0700,"Antonio Zepeda",Brisa,"Triángulos De Luz Y Espacios De Sombra",5:10,,NLM971900625,,,2024,,"""From the mid-80s through the 90s, a network of Mexican musicians embarked on a journey to craft a musical expression distinct from the mainstream musical culture that dominated the airwaves and record industry. Based around practices of collaboration, ethnomusicology, electronic experimentation and home-recording, these artists traversed territories at the very edges of genre and musical form."" - https://seance-centre.bandcamp.com/album/tri-ngulos-de-luz-y-espacios-de-sombra","Smiling C",8718723247993
"Apr 23, 2024","10:30:00 PM",2024-04-23T22:30:00-0700,"04.23.2024 - Jim Causey",Music,120,173567,"Jim Causey","Apr 23, 2024","11:57:45 PM",2024-04-23T23:57:45-0700,"Domenica Diavoleria",Tress,"Orange Clearing",3:47,,,,L,2024,,"Dave Segal writing for The Stranger: """"Tress"" creeps eerily into zones that Brian Eno laid down with albums such as On Land and Apollo. So desolate, so minutely beautiful.""

https://www.thestranger.com/music/2024/03/22/79436220/omnis-catchy-unpredictable-post-punk-and-domenica-diavolerias-chilling-ambient","Eiderdown Records",
"Apr 23, 2024","10:30:00 PM",2024-04-23T22:30:00-0700,"04.23.2024 - Jim Causey",Music,120,173567,"Jim Causey","Apr 23, 2024","11:52:22 PM",2024-04-23T23:52:22-0700,"Sigur Rós",Gold,ÁTTA,5:13,,GBKEE2300478,,,2023,,,"BMG Rights Management (UK) Limited",4050538920420
"Apr 23, 2024","10:30:00 PM",2024-04-23T22:30:00-0700,"04.23.2024 - Jim Causey",Music,120,173567,"Jim Causey","Apr 23, 2024","11:48:00 PM",2024-04-23T23:48:00-0700,WMD,"Jenny Llewellyn","Jenny Llewellyn (2024 Remaster)",4:53,,QZDA42410274,,L,2024,,"Bellingham sadwave - originally released in 2014, this is a new 2024 remastered edition",WMD,198083615447
"Apr 23, 2024","10:30:00 PM",2024-04-23T22:30:00-0700,"04.23.2024 - Jim Causey",Music,120,173567,"Jim Causey","Apr 23, 2024","11:42:01 PM",2024-04-23T23:42:01-0700,"New Frontiers","Emergent Evolution","(Of) Inner Dimensions",5:36,,QZNWV2021505,,L,2021,,"Seattle artists performing entirely on classic and modern hardware synthesizers - they describe their music as ""(( Post-Energetic Music for the Positive Nihilism Movement)) ""","SFI Recordings",0195915430940
"Apr 23, 2024","10:30:00 PM",2024-04-23T22:30:00-0700,"04.23.2024 - Jim Causey",Music,120,173567,"Jim Causey","Apr 23, 2024","11:38:04 PM",2024-04-23T23:38:04-0700,"Norm Chambers","Viper Street","Sensory Margin",4:01,,QZB4J1868131,,L,2018,,"Also featured on the recent compilation ""SIGNALS: Transmissions From SFI Recordings""","VCO Recordings",193036579050
"Apr 23, 2024","10:30:00 PM",2024-04-23T22:30:00-0700,"04.23.2024 - Jim Causey",Music,120,173567,"Jim Causey","Apr 23, 2024","11:30:04 PM",2024-04-23T23:30:04-0700,Ascendant,"Astral Nexus",Starfall,8:02,,USCGJ2460147,,,2024,,,Synphaera,0198500324372
"Apr 23, 2024","10:30:00 PM",2024-04-23T22:30:00-0700,"04.23.2024 - Jim Causey",Music,120,173567,"Jim Causey","Apr 23, 2024","11:19:55 PM",2024-04-23T23:19:55-0700,"Cartas de Japón",Camet,"Santa Clara",9:55,,GXBDT2328055,,,2024,,,"Cyclical Dreams",5063440551629
"Apr 23, 2024","10:30:00 PM",2024-04-23T22:30:00-0700,"04.23.2024 - Jim Causey",Music,120,173567,"Jim Causey","Apr 23, 2024","11:15:13 PM",2024-04-23T23:15:13-0700,"Hello Meteor","Nightly Review","SAID GHOSTS",3:52,,QZDA42487974,,L,2024,,"Latest album from Hello Meteor and the Evergreen Prefecture",DISTROKID,0198086532116
"Apr 23, 2024","10:30:00 PM",2024-04-23T22:30:00-0700,"04.23.2024 - Jim Causey",Music,120,173567,"Jim Causey","Apr 23, 2024","11:12:26 PM",2024-04-23T23:12:26-0700,"FM Skyline",Fresnel,Fresnel,3:03,,QZTLA2428265,,,2024,,,"VYDIA - 100% Electronica",0617513973143
"Apr 23, 2024","10:30:00 PM",2024-04-23T22:30:00-0700,"04.23.2024 - Jim Causey",Music,120,173567,"Jim Causey","Apr 23, 2024","11:09:03 PM",2024-04-23T23:09:03-0700,"Pastel Beach","Point Cambria","New Twilight Music Vol. 1 Contributions - Single",3:29,,QZDA82443648,,,2024,,"Vaporwave from Georgia","2821675 Records DK",198086319212
"Apr 23, 2024","10:30:00 PM",2024-04-23T22:30:00-0700,"04.23.2024 - Jim Causey",Music,120,173567,"Jim Causey","Apr 23, 2024","11:01:05 PM",2024-04-23T23:01:05-0700,"Sisters Of Mercy","Dominion / Mother Russia [Medley] (Remastered)","Floodland (Remastered & Expanded; Deluxe Version)",7:00,,GBAHS0600498,,,1985,,"Released on 13 November 1987",Rhino,0085364470867
"Apr 23, 2024","10:30:00 PM",2024-04-23T22:30:00-0700,"04.23.2024 - Jim Causey",Music,120,173567,"Jim Causey","Apr 23, 2024","10:56:01 PM",2024-04-23T22:56:01-0700,"Dark Chisme","Beautiful Obsession Killer","Beautiful Obsession Killer",4:27,,QZHN82458431,,L,2024,,"Brand new dark wave from Seattle","Chismosa Records",0198469513107
"Apr 23, 2024","10:30:00 PM",2024-04-23T22:30:00-0700,"04.23.2024 - Jim Causey",Music,120,173567,"Jim Causey","Apr 23, 2024","10:50:12 PM",2024-04-23T22:50:12-0700,CHVRCHES,"How Not To Drown (feat. Robert Smith)","How Not to Drown",5:31,,GBZN82100005,,,2021,,,"MERLIN - Glassnote Entertainment Group LLC",5056167164081
"Apr 23, 2024","10:30:00 PM",2024-04-23T22:30:00-0700,"04.23.2024 - Jim Causey",Music,120,173567,"Jim Causey","Apr 23, 2024","10:45:21 PM",2024-04-23T22:45:21-0700,"The Cure","A Forest","Seventeen Seconds",5:55,,USEE10500788,,,1980,,"The Cure's Robert Smith turned 65 this week (April 21)",Rhino/Elektra,603497978380
"Apr 23, 2024","10:30:00 PM",2024-04-23T22:30:00-0700,"04.23.2024 - Jim Causey",Music,120,173567,"Jim Causey","Apr 23, 2024","10:41:46 PM",2024-04-23T22:41:46-0700,"Frankie Rose","Play for Today","Seventeen Seconds",3:40,,US4TA1900020,,,2019,,,"MERLIN - Slumberland Records",0749846902689
"Apr 23, 2024","10:30:00 PM",2024-04-23T22:30:00-0700,"04.23.2024 - Jim Causey",Music,120,173567,"Jim Causey","Apr 23, 2024","10:39:41 PM",2024-04-23T22:39:41-0700,"Frankie Rose","A Reflection","Seventeen Seconds",2:04,,US4TA1900019,,,2019,,"Track-by-track tribute to The Cure's 1980 album ""Seventeen Seconds""","MERLIN - Slumberland Records",0749846902689
"Apr 23, 2024","10:30:00 PM",2024-04-23T22:30:00-0700,"04.23.2024 - Jim Causey",Music,120,173567,"Jim Causey","Apr 23, 2024","10:36:41 PM",2024-04-23T22:36:41-0700,ACTORS,"L'appel Du Vide","It Will Come to You",3:34,,QMBZ91722688,,L,2018,,"From Vancouver BC - playing the Verboden Festival there on May 9 2024","Artoffact Records",628070633425
"Apr 23, 2024","10:30:00 PM",2024-04-23T22:30:00-0700,"04.23.2024 - Jim Causey",Music,120,173567,"Jim Causey","Apr 23, 2024","10:30:00 PM",2024-04-23T22:30:00-0700,Somesurprises,"Be Reasonable","Be Reasonable - Single",6:30,,USCGH2471389,,L,2024,,"Brand new Seattle shoegaze","Doom Trip Records",198500093575
"Apr 16, 2024","10:30:00 PM",2024-04-16T22:30:00-0700,"04.16.2024 - Jim Causey",Music,120,173567,"Jim Causey","Apr 17, 2024","12:16:55 AM",2024-04-17T00:16:55-0700,"Lisa Bella Donna","Dawn Of a New Age: I. The Calling / II. April's Occultism / III. Total Eclipse / IV. Gongs","Total Eclipse",17:23,,,,,2024,,"Special limited release for the 2024 total solar eclipse - downloads were only available for the few days around the eclipse",,
"Apr 16, 2024","10:30:00 PM",2024-04-16T22:30:00-0700,"04.16.2024 - Jim Causey",Music,120,173567,"Jim Causey","Apr 17, 2024","12:11:58 AM",2024-04-17T00:11:58-0700,"Rudy Adrian","Reflections on a Moonlit Lake","Reflections On A Moonlit Lake",4:51,,USSP52426064,,,2024,,,"Spotted Peccary",0600028260624
"Apr 16, 2024","10:30:00 PM",2024-04-16T22:30:00-0700,"04.16.2024 - Jim Causey",Music,120,173567,"Jim Causey","Apr 17, 2024","12:00:51 AM",2024-04-17T00:00:51-0700,"Nova Pon & Turning Point Ensemble","Symphonies of Mother and Child - V. Eternity's Sun Rise","Nova Pon: Symphonies of Mother and Child",11:18,,CAM9H2401006,,L,2024,,"British Columbia-based composer with Vancouver's Turning Point Ensemble","Redshift Records",628308830282
"Apr 16, 2024","10:30:00 PM",2024-04-16T22:30:00-0700,"04.16.2024 - Jim Causey",Music,120,173567,"Jim Causey","Apr 16, 2024","11:57:24 PM",2024-04-16T23:57:24-0700,"Arbol Perenne (Gabo)","Era Venus","Triángulos De Luz Y Espacios De Sombra",2:42,,NLM971900629,,,2024,,"Retrospective of influential Mexican electronic music from the 1980s and 1990s","Smiling C",8718723247993
"Apr 16, 2024","10:30:00 PM",2024-04-16T22:30:00-0700,"04.16.2024 - Jim Causey",Music,120,173567,"Jim Causey","Apr 16, 2024","11:54:40 PM",2024-04-16T23:54:40-0700,"Turn On The Sunlight","Miles and Miles of Ocean (feat. Laraaji)","Canoga to Ha​ʻ​ikū",3:08,,USA2P2415379,,,2024,,,"Moon Glyph",196922891946
"Apr 16, 2024","10:30:00 PM",2024-04-16T22:30:00-0700,"04.16.2024 - Jim Causey",Music,120,173567,"Jim Causey","Apr 16, 2024","11:49:56 PM",2024-04-16T23:49:56-0700,"Small Black",Tampa,"Cheap Dreams",5:15,,QZK6H2096834,,,2021,,,"100% Electronica",720665588148
"Apr 16, 2024","10:30:00 PM",2024-04-16T22:30:00-0700,"04.16.2024 - Jim Causey",Music,120,173567,"Jim Causey","Apr 16, 2024","11:44:27 PM",2024-04-16T23:44:27-0700,"Drab Majesty","Dot in the Sky","The Demonstration",5:27,,QMBZ91673224,,,2017,,,"Dais Records",191018390570
"Apr 16, 2024","10:30:00 PM",2024-04-16T22:30:00-0700,"04.16.2024 - Jim Causey",Music,120,173567,"Jim Causey","Apr 16, 2024","11:42:03 PM",2024-04-16T23:42:03-0700,"Drab Majesty",Induction,"The Demonstration",0:59,,QMBZ91673223,,,2017,,,"Dais Records",191018390570
"Apr 16, 2024","10:30:00 PM",2024-04-16T22:30:00-0700,"04.16.2024 - Jim Causey",Music,120,173567,"Jim Causey","Apr 16, 2024","11:37:05 PM",2024-04-16T23:37:05-0700,Lycia,"A Failure","In Flickers",4:57,,QM6MZ1830383,,L,2018,,,"Lycium Music",192562722633
"Apr 16, 2024","10:30:00 PM",2024-04-16T22:30:00-0700,"04.16.2024 - Jim Causey",Music,120,173567,"Jim Causey","Apr 16, 2024","11:31:12 PM",2024-04-16T23:31:12-0700,"Dead Can Dance","Rakim (Live) [Remastered]","Toward the Within (Remastered)",6:25,,GBAFL0700047,,,1994,,"Recorded live at the Mayfair Theatre in Santa Monica, California in November 1993 - this piece features prominently in their live sets since that date",4AD,652637271249
"Apr 16, 2024","10:30:00 PM",2024-04-16T22:30:00-0700,"04.16.2024 - Jim Causey",Music,120,173567,"Jim Causey","Apr 16, 2024","11:26:20 PM",2024-04-16T23:26:20-0700,"Avi C. Engel","The Oven Bird's Song","Too Many Souls",4:36,,CAIW02400005,,,2024,,,"Avi C. Engel",5063440047726
"Apr 16, 2024","10:30:00 PM",2024-04-16T22:30:00-0700,"04.16.2024 - Jim Causey",Music,120,173567,"Jim Causey","Apr 16, 2024","11:17:00 PM",2024-04-16T23:17:00-0700,"Pat Metheny Group","Phase Dance","Pat Metheny Group",8:21,,DEB337811402,,,1978,,,"ECM Records",00602507285234
"Apr 16, 2024","10:30:00 PM",2024-04-16T22:30:00-0700,"04.16.2024 - Jim Causey",Music,120,173567,"Jim Causey","Apr 16, 2024","11:12:20 PM",2024-04-16T23:12:20-0700,"Doug Cameron","The Journey","Mil Amores",4:56,,USNA19014227,,,1990,,,"UMG - Narada",00076742631055
"Apr 16, 2024","10:30:00 PM",2024-04-16T22:30:00-0700,"04.16.2024 - Jim Causey",Music,120,173567,"Jim Causey","Apr 16, 2024","11:05:39 PM",2024-04-16T23:05:39-0700,"Michael Whalen","Watercolor Sky","Watercolor Sky",4:47,,,,,2024,,"Convergence Zone premiere! Michael Whalen's new album ""Watercolor Sky"" features contributions from Mark Isham, Michael Manning, Will Ackerman &amp; Charlie Bisharat, and Seattle legend Nancy Rumbel - the album drops May 24, 2024",,
"Apr 16, 2024","10:30:00 PM",2024-04-16T22:30:00-0700,"04.16.2024 - Jim Causey",Music,120,173567,"Jim Causey","Apr 16, 2024","11:02:13 PM",2024-04-16T23:02:13-0700,"Suzanne Ciani",Eclipse,"Silver Ship",3:52,,USHM90599070,,,2005,,,"Seventh Wave",0799547701029
"Apr 16, 2024","10:30:00 PM",2024-04-16T22:30:00-0700,"04.16.2024 - Jim Causey",Music,120,173567,"Jim Causey","Apr 16, 2024","11:00:36 PM",2024-04-16T23:00:36-0700,"Suzanne Ciani",Eclipse,"Logo Presentation Reel 1985 (Instrumentals)/Octabred",0:55,,GBRNP0701170,,,2013,,,"Finders Keepers Records",5060099504990
"Apr 16, 2024","10:30:00 PM",2024-04-16T22:30:00-0700,"04.16.2024 - Jim Causey",Music,120,173567,"Jim Causey","Apr 16, 2024","10:58:39 PM",2024-04-16T22:58:39-0700,"Arbol Perenne (Gabo)","Preludio S:N","Triángulos De Luz Y Espacios De Sombra",2:40,,NLM971900622,,,2024,,,"Smiling C",8718723247993
"Apr 16, 2024","10:30:00 PM",2024-04-16T22:30:00-0700,"04.16.2024 - Jim Causey",Music,120,173567,"Jim Causey","Apr 16, 2024","10:52:50 PM",2024-04-16T22:52:50-0700,SUSS,Flight,"Birds & Beasts",5:42,,,,,2024,,"Brand new single from New York ambient country group - their new album ""Birds &amp; Beasts"" is due out on June 28, 2024",,
"Apr 16, 2024","10:30:00 PM",2024-04-16T22:30:00-0700,"04.16.2024 - Jim Causey",Music,120,173567,"Jim Causey","Apr 16, 2024","10:48:52 PM",2024-04-16T22:48:52-0700,"Hello Meteor","The Northern Rim Archipelago","Welcome To New Cascade",3:33,,QZNWT2285548,,L,2022,,,"DISTROKID - Evergreen Prefecture",0197147196786
"Apr 16, 2024","10:30:00 PM",2024-04-16T22:30:00-0700,"04.16.2024 - Jim Causey",Music,120,173567,"Jim Causey","Apr 16, 2024","10:42:50 PM",2024-04-16T22:42:50-0700,Transponder,"Prelude to Prophecy","Empire of the Eclipse",6:34,,USDY42439791,,,2024,,,Exosphere,198500543681
"Apr 16, 2024","10:30:00 PM",2024-04-16T22:30:00-0700,"04.16.2024 - Jim Causey",Music,120,173567,"Jim Causey","Apr 16, 2024","10:38:24 PM",2024-04-16T22:38:24-0700,"Bart Hawkins","Bell Curve Blips (excerpt)","21 Pulse Eclipse",6:40,,USSP51943006,,L,2019,,,"Spotted Peccary",0600028430126
"Apr 16, 2024","10:30:00 PM",2024-04-16T22:30:00-0700,"04.16.2024 - Jim Causey",Music,120,173567,"Jim Causey","Apr 16, 2024","10:30:00 PM",2024-04-16T22:30:00-0700,"Dreamstate Logic","Andromeda Terminal",Starbound,8:27,,QZES62374550,,L,2023,,,"Dreamstate Logic",197630270443
"Apr 9, 2024","10:30:00 PM",2024-04-09T22:30:00-0700,"04.09.2024 - Jim Causey",Music,120,173567,"Jim Causey","Apr 9, 2024","11:00:58 PM",2024-04-09T23:00:58-0700,Actors,"In Real Life","In Real Life",3:13,,QM4TX2437688,,L,2024,,,"Artoffact Records",0198391418259
"Apr 9, 2024","10:30:00 PM",2024-04-09T22:30:00-0700,"04.09.2024 - Jim Causey",Music,120,173567,"Jim Causey","Apr 9, 2024","10:55:00 PM",2024-04-09T22:55:00-0700,Chromatics,"Ceremony (feat. Glass Candy)","Cherry (Deluxe)",5:13,,QM24S1705257,,L,2017,,,"Italians Do It Better",843357102955
"Apr 9, 2024","10:30:00 PM",2024-04-09T22:30:00-0700,"04.09.2024 - Jim Causey",Music,120,173567,"Jim Causey","Apr 9, 2024","10:52:16 PM",2024-04-09T22:52:16-0700,"Death Cab for Cutie","Northern Lights","Thank You for Today",3:55,,USAT21802834,,,2018,,"Features Lauren Mayberry from CHVRCHES on guest vocals","Atlantic Records",0075679869951
"Apr 9, 2024","10:30:00 PM",2024-04-09T22:30:00-0700,"04.09.2024 - Jim Causey",Music,120,173567,"Jim Causey","Apr 9, 2024","10:48:24 PM",2024-04-09T22:48:24-0700,"Midnight High","Do It To Me","Swimming Lessons",4:02,,QZMER2366618,,L,2023,,"Performing Friday, May 10, 2024 at the Tractor Tavern, and on Saturday, July 27 at Timber! in Carnation, WA",DISTROKID,0197902328278
"Apr 9, 2024","10:30:00 PM",2024-04-09T22:30:00-0700,"04.09.2024 - Jim Causey",Music,120,173567,"Jim Causey","Apr 9, 2024","10:42:27 PM",2024-04-09T22:42:27-0700,Deafheaven,"Great Mass of Color","Great Mass of Color",6:00,,USA2P2041596,,,2021,,,"Sargent House",0192641736810
"Apr 9, 2024","10:30:00 PM",2024-04-09T22:30:00-0700,"04.09.2024 - Jim Causey",Music,120,173567,"Jim Causey","Apr 9, 2024","10:37:01 PM",2024-04-09T22:37:01-0700,Tune-Yards,hypnotized,sketchy.,4:30,,GBAFL2000265,,,2021,,,"MERLIN - 4AD",5059638064941
"Apr 9, 2024","10:30:00 PM",2024-04-09T22:30:00-0700,"04.09.2024 - Jim Causey",Music,120,173567,"Jim Causey","Apr 9, 2024","10:33:11 PM",2024-04-09T22:33:11-0700,"Mt Fog",Drifting,Drifting,3:52,,QZES72416386,,L,2024,,,"Save the Forest for the Trees",0198081134230
"Apr 9, 2024","10:30:00 PM",2024-04-09T22:30:00-0700,"04.09.2024 - Jim Causey",Music,120,173567,"Jim Causey","Apr 9, 2024","10:30:00 PM",2024-04-09T22:30:00-0700,"Camp Of Wolves","The Beckoning Hand Was In Reality, Flame","The Lost Island",3:10,,,,L,2021,,"Vancouver BC","Woodford Haise",
"Apr 2, 2024","10:30:00 PM",2024-04-02T22:30:00-0700,"04.02.2024 - Jim Causey",Music,120,173567,"Jim Causey","Apr 3, 2024","12:17:41 PM",2024-04-03T12:17:41-0700,Larkin,"Two Souls Dance","I Am the Center: Private Issue New Age Music in America, 1950-1990",13:19,,USDEA1310717,,L,2013,,,"Light in the Attic",826853010719
"Apr 2, 2024","10:30:00 PM",2024-04-02T22:30:00-0700,"04.02.2024 - Jim Causey",Music,120,173567,"Jim Causey","Apr 3, 2024","12:07:40 AM",2024-04-03T00:07:40-0700,"Pauline Oliveros",Suiren,"Deep Listening",10:01,,US87H8910497,,,1989,,,"ORCHARD - New Albion Records",0022551002227
"Apr 2, 2024","10:30:00 PM",2024-04-02T22:30:00-0700,"04.02.2024 - Jim Causey",Music,120,173567,"Jim Causey","Apr 3, 2024","12:01:44 AM",2024-04-03T00:01:44-0700,"Damien Jurado",Montesano,"And Now That I'm In Your Shadow",3:58,,US38W0614513,,L,2006,,,"Secretly Canadian",0656605014562
"Apr 2, 2024","10:30:00 PM",2024-04-02T22:30:00-0700,"04.02.2024 - Jim Causey",Music,120,173567,"Jim Causey","Apr 2, 2024","11:58:45 PM",2024-04-02T23:58:45-0700,"Gary Stroutsos","Sea of Serenity: Calming Music for Yoga","Flute Meditations for Yoga & Massage: Calming Spa Music for Relaxation & Sleep",3:04,,USWS41515901,,,2015,,,"White Swan Records",0717147015926
"Apr 2, 2024","10:30:00 PM",2024-04-02T22:30:00-0700,"04.02.2024 - Jim Causey",Music,120,173567,"Jim Causey","Apr 2, 2024","11:52:53 PM",2024-04-02T23:52:53-0700,"Marc Barreca",Saturation,"The Empty Bridge",6:03,,USA2Z2001699,,L,2021,,,"ORCHARD - Palace Of Lights",0700261483986
"Apr 2, 2024","10:30:00 PM",2024-04-02T22:30:00-0700,"04.02.2024 - Jim Causey",Music,120,173567,"Jim Causey","Apr 2, 2024","11:47:54 PM",2024-04-02T23:47:54-0700,"Steve Roach","Snow Canon",Traveler,4:21,,USHK91005404,,,1983,,,"MERLIN - Projekt:Archive",0617026205427
"Apr 2, 2024","10:30:00 PM",2024-04-02T22:30:00-0700,"04.02.2024 - Jim Causey",Music,120,173567,"Jim Causey","Apr 2, 2024","11:44:04 PM",2024-04-02T23:44:04-0700,"David Arkenstone","Far Far Away","Another Star In The Sky",4:09,,USNA19413803,,,1994,,,"UMG - Narada",00083616201450
"Apr 2, 2024","10:30:00 PM",2024-04-02T22:30:00-0700,"04.02.2024 - Jim Causey",Music,120,173567,"Jim Causey","Apr 2, 2024","11:40:43 PM",2024-04-02T23:40:43-0700,"Bike Monday",Sweepers,"The Giant Trees EP",3:26,,QZK6K2387919,,L,2023,,,"Ursa Major",0197851778896
"Apr 2, 2024","10:30:00 PM",2024-04-02T22:30:00-0700,"04.02.2024 - Jim Causey",Music,120,173567,"Jim Causey","Apr 2, 2024","11:35:34 PM",2024-04-02T23:35:34-0700,"André 3000","Ninety Three 'Til Infinity And Beyoncé","New Blue Sun",3:49,,USSM12305452,,,2023,,,"SME - Epic",0196589963802
"Apr 2, 2024","10:30:00 PM",2024-04-02T22:30:00-0700,"04.02.2024 - Jim Causey",Music,120,173567,"Jim Causey","Apr 2, 2024","11:33:23 PM",2024-04-02T23:33:23-0700,"John Foxx","Enter the Angel II","In Mysterious ways...Plus",2:16,,GBAFR8510065,,,2008,,,"MERLIN - Metamatic Records",5055667603151
"Apr 2, 2024","10:30:00 PM",2024-04-02T22:30:00-0700,"04.02.2024 - Jim Causey",Music,120,173567,"Jim Causey","Apr 2, 2024","11:27:37 PM",2024-04-02T23:27:37-0700,Moev,"Cracked Mirror","The Early Years 1981-1982",5:57,,US9HX1000028,,L,1982,,,"ORCHARD - CD Presents",0844185064712
"Apr 2, 2024","10:30:00 PM",2024-04-02T22:30:00-0700,"04.02.2024 - Jim Causey",Music,120,173567,"Jim Causey","Apr 2, 2024","11:21:12 PM",2024-04-02T23:21:12-0700,Harp,"A Fountain","A Fountain",4:10,,GBBRP2300963,,,2023,,,"Bella Union",5400863136567
"Apr 2, 2024","10:30:00 PM",2024-04-02T22:30:00-0700,"04.02.2024 - Jim Causey",Music,120,173567,"Jim Causey","Apr 2, 2024","11:16:03 PM",2024-04-02T23:16:03-0700,"Wisteria Lodge",Mercy,"Mercy - Single",5:21,,QZNWT2106328,,L,2021,,,"A Black Dot",196511441750
"Apr 2, 2024","10:30:00 PM",2024-04-02T22:30:00-0700,"04.02.2024 - Jim Causey",Music,120,173567,"Jim Causey","Apr 2, 2024","11:11:37 PM",2024-04-02T23:11:37-0700,"Mike Oldfield","The Top Of The Morning","Tubular Bells III",4:26,,GBAHT9802919,,,1998,,,"WMG - Warner Music UK",0639842434928
"Apr 2, 2024","10:30:00 PM",2024-04-02T22:30:00-0700,"04.02.2024 - Jim Causey",Music,120,173567,"Jim Causey","Apr 2, 2024","11:05:26 PM",2024-04-02T23:05:26-0700,"The Decemberists","Once In My Life","Once In My Life",5:09,,USUM71713806,,,2018,,,"MERLIN - Rough Trade",5059638329255
"Apr 2, 2024","10:30:00 PM",2024-04-02T22:30:00-0700,"04.02.2024 - Jim Causey",Music,120,173567,"Jim Causey","Apr 2, 2024","11:00:26 PM",2024-04-02T23:00:26-0700,"Kaitlyn Aurelia Smith","Mt Baker","@0 EP1",5:12,,GBCFB2100576,,L,2021,,,"MERLIN - Ahead Of Our Time",5054429153606
"Apr 2, 2024","10:30:00 PM",2024-04-02T22:30:00-0700,"04.02.2024 - Jim Causey",Music,120,173567,"Jim Causey","Apr 2, 2024","10:56:19 PM",2024-04-02T22:56:19-0700,"Michael Rother","Katzenmusik 7",Katzenmusik,3:35,,DED267900180,,,2019,,,Grönland,3615938773840
"Apr 2, 2024","10:30:00 PM",2024-04-02T22:30:00-0700,"04.02.2024 - Jim Causey",Music,120,173567,"Jim Causey","Apr 2, 2024","10:54:58 PM",2024-04-02T22:54:58-0700,"Theodore Shapiro","Main Titles","Severance: Season 1 (Apple TV+ Original Series Soundtrack)",1:21,,USLS52217801,,,2022,,,"Endeavor Content",0780163617825
"Apr 2, 2024","10:30:00 PM",2024-04-02T22:30:00-0700,"04.02.2024 - Jim Causey",Music,120,173567,"Jim Causey","Apr 2, 2024","10:50:54 PM",2024-04-02T22:50:54-0700,"Sky Cries Mary",Shipwrecked,"This Timeless Turning",4:05,,USHM80524197,,L,1994,,,"sky Cries Mary",0751937256229
"Apr 2, 2024","10:30:00 PM",2024-04-02T22:30:00-0700,"04.02.2024 - Jim Causey",Music,120,173567,"Jim Causey","Apr 2, 2024","10:46:40 PM",2024-04-02T22:46:40-0700,IQU,"Under the Cherry Blossom","Under the Cherry Blossom",6:47,,USK112228601,,L,2004,,,"MERLIN - K Records",0789856128631
"Apr 2, 2024","10:30:00 PM",2024-04-02T22:30:00-0700,"04.02.2024 - Jim Causey",Music,120,173567,"Jim Causey","Apr 2, 2024","10:39:38 PM",2024-04-02T22:39:38-0700,"The Postal Service","We Will Become Silhouettes (Matthew Dear Remix)","Give Up (Deluxe 10th Anniversary Edition)",5:05,,USSUB1304521,,L,2013,,,"Sub Pop Records",098787104561
"Apr 2, 2024","10:30:00 PM",2024-04-02T22:30:00-0700,"04.02.2024 - Jim Causey",Music,120,173567,"Jim Causey","Apr 2, 2024","10:36:39 PM",2024-04-02T22:36:39-0700,"The Weeknd","Dawn FM - OPN Remix","Dawn FM (OPN Remix)",3:07,,USUG12205244,,,2022,,,"UMG - Universal Republic Records",00602448271266
"Apr 2, 2024","10:30:00 PM",2024-04-02T22:30:00-0700,"04.02.2024 - Jim Causey",Music,120,173567,"Jim Causey","Apr 2, 2024","10:30:00 PM",2024-04-02T22:30:00-0700,"New Frontiers","Ghosts of Time","(Of) Inner Dimensions",7:49,,QZNWV2021500,,L,2020,,,"SFI Recordings",195915430940
"Mar 26, 2024","10:30:00 PM",2024-03-26T22:30:00-0700,"03.26.2024 - Jim Causey",Music,120,173567,"Jim Causey","Mar 27, 2024","12:15:05 AM",2024-03-27T00:15:05-0700,"Psychic Temple","Music for Airports 1/1","Plays Music for Airports",16:34,,USJZA1618801,,,2016,,,"Joyful Noise Recordings",714270690037
"Mar 26, 2024","10:30:00 PM",2024-03-26T22:30:00-0700,"03.26.2024 - Jim Causey",Music,120,173567,"Jim Causey","Mar 27, 2024","12:06:13 AM",2024-03-27T00:06:13-0700,"Andy Aquarius",Golla,"Golla Gorroppu",7:44,,GBHLW2302666,,,2024,,"Brand new - followup to ""Chapel"", both on Seattle's Hush Hush Records","Hush Hush",5056688815783
"Mar 26, 2024","10:30:00 PM",2024-03-26T22:30:00-0700,"03.26.2024 - Jim Causey",Music,120,173567,"Jim Causey","Mar 27, 2024","12:00:05 AM",2024-03-27T00:00:05-0700,"Lori Goldston & Stefan Christoff","A view of the Pacific Ocean from a roof at 6am","A Radical Horizon",6:13,,,,L,2024,,"Surprise release for the Spring Equinox!

Lori Goldston performs in Seattle on Sunday, April 14 at Sunset Tavern","Beacon Sound",
"Mar 26, 2024","10:30:00 PM",2024-03-26T22:30:00-0700,"03.26.2024 - Jim Causey",Music,120,173567,"Jim Causey","Mar 26, 2024","11:55:23 PM",2024-03-26T23:55:23-0700,IKSRE,"dawn in a foreign city",abundance,3:46,,USA2P2351710,,,2023,,,"Constellation Tatsu",0196922699764
"Mar 26, 2024","10:30:00 PM",2024-03-26T22:30:00-0700,"03.26.2024 - Jim Causey",Music,120,173567,"Jim Causey","Mar 26, 2024","11:49:01 PM",2024-03-26T23:49:01-0700,"Klaus Schulze","Osiris - Pt. 1","Deus Arrakis",6:24,,DEA452105070,,,2022,,,"SPV Recordings",
"Mar 26, 2024","10:30:00 PM",2024-03-26T22:30:00-0700,"03.26.2024 - Jim Causey",Music,120,173567,"Jim Causey","Mar 26, 2024","11:46:38 PM",2024-03-26T23:46:38-0700,"Colin Chin","The Playbook","Film Music, Vol. 1",2:09,,uscgj2455104,,,2024,,,"Colin Chin",
"Mar 26, 2024","10:30:00 PM",2024-03-26T22:30:00-0700,"03.26.2024 - Jim Causey",Music,120,173567,"Jim Causey","Mar 26, 2024","11:38:53 PM",2024-03-26T23:38:53-0700,Perge,Calybration,"Pleonasms: The Secret Tapes Volume 2",7:58,,,,,2016,,,,
"Mar 26, 2024","10:30:00 PM",2024-03-26T22:30:00-0700,"03.26.2024 - Jim Causey",Music,120,173567,"Jim Causey","Mar 26, 2024","11:35:21 PM",2024-03-26T23:35:21-0700,AeTopus,"Clean Break",Cup,3:40,,USSP52347002,,L,2023,,"Bellingham's own Bryan Hughes - AeTopus performs live at Karate Church in Bellingham on Saturday April 13 and Saturday May 4","ORCHARD - Spotted Peccary",0600028470122
"Mar 26, 2024","10:30:00 PM",2024-03-26T22:30:00-0700,"03.26.2024 - Jim Causey",Music,120,173567,"Jim Causey","Mar 26, 2024","11:28:29 PM",2024-03-26T23:28:29-0700,Ascendant,"Adorations of the Void","Astral Ascendant",7:16,,uscgj2460164,,,2024,,,Synphaera,
"Mar 26, 2024","10:30:00 PM",2024-03-26T22:30:00-0700,"03.26.2024 - Jim Causey",Music,120,173567,"Jim Causey","Mar 26, 2024","11:23:57 PM",2024-03-26T23:23:57-0700,Mildlife,"Future Life",Chorus,4:35,,GBPVV2300348,,,2024,,,"[PIAS] Australia",9332727126918
"Mar 26, 2024","10:30:00 PM",2024-03-26T22:30:00-0700,"03.26.2024 - Jim Causey",Music,120,173567,"Jim Causey","Mar 26, 2024","11:19:33 PM",2024-03-26T23:19:33-0700,"King Gizzard & The Lizard Wizard","The Silver Cord","The Silver Cord",4:20,,AU2ZC2300179,,,2023,,,"KGLW (King Gizzard & the Lizard Wizard)",00842812195990
"Mar 26, 2024","10:30:00 PM",2024-03-26T22:30:00-0700,"03.26.2024 - Jim Causey",Music,120,173567,"Jim Causey","Mar 26, 2024","11:16:13 PM",2024-03-26T23:16:13-0700,"King Gizzard & The Lizard Wizard",Theia,"Theia / The Silver Cord / Set",3:24,,AU2ZC2300178,,,2023,,,"KGLW (King Gizzard & the Lizard Wizard)",00842812196010
"Mar 26, 2024","10:30:00 PM",2024-03-26T22:30:00-0700,"03.26.2024 - Jim Causey",Music,120,173567,"Jim Causey","Mar 26, 2024","11:10:13 PM",2024-03-26T23:10:13-0700,Afrocop,"Mantis Revolver","Live Nectar",6:10,,,,L,2013,,"Recorded live at Nectar Lounge in Seattle on May 21, 2013

Noel Brass Jr. from Afrocop will open for Mt Fog on Saturday, April 6 at the Sunset Tavern",,
"Mar 26, 2024","10:30:00 PM",2024-03-26T22:30:00-0700,"03.26.2024 - Jim Causey",Music,120,173567,"Jim Causey","Mar 26, 2024","11:01:37 PM",2024-03-26T23:01:37-0700,"Mary Halvorson",Amaryllis,Amaryllis,5:55,,USNO12100400,,,2022,,,"WMG - Nonesuch",0075597912753
"Mar 26, 2024","10:30:00 PM",2024-03-26T22:30:00-0700,"03.26.2024 - Jim Causey",Music,120,173567,"Jim Causey","Mar 26, 2024","10:57:12 PM",2024-03-26T22:57:12-0700,"Vijay Iyer Trio",Chorale,"Break Stuff",4:35,,DEB331442002,,,2015,,,"UMG - ECM Records",00602577565328
"Mar 26, 2024","10:30:00 PM",2024-03-26T22:30:00-0700,"03.26.2024 - Jim Causey",Music,120,173567,"Jim Causey","Mar 26, 2024","10:53:16 PM",2024-03-26T22:53:16-0700,EarthtoneSkytone,"Two Sides, One Reflection","Two Sides, One Reflection",4:02,,TCAHD2353104,,L,2023,,"Kelsey Mines and Carlos Snaider perform as EarthtoneSkytone - they're opening for Mt. Fog on Saturday, April 6 at the Sunset Tavern in Seattle",EarthtoneSkytone,0859774390424
"Mar 26, 2024","10:30:00 PM",2024-03-26T22:30:00-0700,"03.26.2024 - Jim Causey",Music,120,173567,"Jim Causey","Mar 26, 2024","10:45:25 PM",2024-03-26T22:45:25-0700,"David Bowie",Lazarus,Blackstar,6:24,,USRF31500003,,,2016,,"Released two days before David Bowie's death from liver cancer - undisclosed to the public before his death",Rhino,5054197573972
"Mar 26, 2024","10:30:00 PM",2024-03-26T22:30:00-0700,"03.26.2024 - Jim Causey",Music,120,173567,"Jim Causey","Mar 26, 2024","10:44:50 PM",2024-03-26T22:44:50-0700,"Dennis Russell Davies;Stuttgart State Opera Orchestra & Chorus","Act I - Year 1 of Akhnaten's Reign - Thebes - Prelude: Verse 3","Philip Glass: Akhnaten (Recorded at Karlshohe Church & Tonstudio Bauer, Ludwigsburg, Germany)",0:40,,,,,1987,,,"CBS Masterworks",
"Mar 26, 2024","10:30:00 PM",2024-03-26T22:30:00-0700,"03.26.2024 - Jim Causey",Music,120,173567,"Jim Causey","Mar 26, 2024","10:34:05 PM",2024-03-26T22:34:05-0700,"Dennis Russell Davies;Stuttgart State Opera Orchestra & Chorus","Act I - Year 1 of Akhnaten's Reign - Thebes - Prelude: Refrain, Verse 1, Verse 2 - Voice","Philip Glass: Akhnaten (Recorded at Karlshohe Church & Tonstudio Bauer, Ludwigsburg, Germany)",10:00,,,,,1987,,,"CBS Masterworks",
"Mar 26, 2024","10:30:00 PM",2024-03-26T22:30:00-0700,"03.26.2024 - Jim Causey",Music,120,173567,"Jim Causey","Mar 26, 2024","10:29:00 PM",2024-03-26T22:29:00-0700,Panabrite,Dune,"Wasteland Cycle",4:16,,,,L,2014,,"Project of Seattle's Norm Chambers - 2014 cassette release",None,
"Mar 19, 2024","10:30:00 PM",2024-03-19T22:30:00-0700,"03.19.2024 - Jim Causey",Music,120,173567,"Jim Causey","Mar 20, 2024","12:21:20 AM",2024-03-20T00:21:20-0700,"Steve Roach","This is Why (excerpt)","Reflections in Repose",10:00,,,,,2024,,"Brand new - recorded over two nights on a single instrument - the Oberheim OB-X8 - modern equivalent of the iconic Oberheim OB-8 which Steve Roach used 40 years ago in the making of ""Structures from Silence""",Projekt,
"Mar 19, 2024","10:30:00 PM",2024-03-19T22:30:00-0700,"03.19.2024 - Jim Causey",Music,120,173567,"Jim Causey","Mar 20, 2024","12:16:40 AM",2024-03-20T00:16:40-0700,"Terminus Void","Waiting on Infinity",APEIRON,4:36,,,,L,2023,,,"Groove Unlimited",
"Mar 19, 2024","10:30:00 PM",2024-03-19T22:30:00-0700,"03.19.2024 - Jim Causey",Music,120,173567,"Jim Causey","Mar 20, 2024","12:10:11 AM",2024-03-20T00:10:11-0700,"Mount Maxwell","Lozenge with Two Lines and Blue, 1926","The Mondrians",3:16,,,,L,2018,,"Collaborative album based on the work of Dutch artist and theoretician Piet Mondrian","Hotham Sound",
"Mar 19, 2024","10:30:00 PM",2024-03-19T22:30:00-0700,"03.19.2024 - Jim Causey",Music,120,173567,"Jim Causey","Mar 20, 2024","12:06:00 AM",2024-03-20T00:06:00-0700,"T. R. Jordan","On Air","Dwell Time II",4:58,,,,,2024,,"Brand new - releases today, March 20, 2024! ","Past Inside The Present",
"Mar 19, 2024","10:30:00 PM",2024-03-19T22:30:00-0700,"03.19.2024 - Jim Causey",Music,120,173567,"Jim Causey","Mar 19, 2024","11:58:50 PM",2024-03-19T23:58:50-0700,"Rudy Adrian","The Belt of Orion","Reflections On A Moonlit Lake",6:11,,,,,2024,,"Due out March 22!","Spotted Peccary",600028260624
"Mar 19, 2024","10:30:00 PM",2024-03-19T22:30:00-0700,"03.19.2024 - Jim Causey",Music,120,173567,"Jim Causey","Mar 19, 2024","11:53:07 PM",2024-03-19T23:53:07-0700,"David Helpling","A Treasured World","A Treasured World",5:50,,USSP52490011,,,2024,,"Brand new single from the California duo","Spotted Peccary",0600028907529
"Mar 19, 2024","10:30:00 PM",2024-03-19T22:30:00-0700,"03.19.2024 - Jim Causey",Music,120,173567,"Jim Causey","Mar 19, 2024","11:41:24 PM",2024-03-19T23:41:24-0700,"Lori Goldston & Stefan Christoff","Solar in duet","A Radical Horizon",9:45,,,,L,2024,,"Brand new - Spring Equinox release drops tomorrow on Beacon Sound records","Beacon Sound",
"Mar 19, 2024","10:30:00 PM",2024-03-19T22:30:00-0700,"03.19.2024 - Jim Causey",Music,120,173567,"Jim Causey","Mar 19, 2024","11:38:14 PM",2024-03-19T23:38:14-0700,"Lori Goldston & Stefan Christoff","Around points of convergence","A Radical Horizon",3:43,,,,L,2024,,"Worldwide radio premiere - new Spring Equinox surprise release drops tomorrow! Seattle's legendary cellist Lori Goldston and Canadian pianist Stefan Christoff -- inspired by the writings of Ursula Le Guin","Beacon Sound",
"Mar 19, 2024","10:30:00 PM",2024-03-19T22:30:00-0700,"03.19.2024 - Jim Causey",Music,120,173567,"Jim Causey","Mar 19, 2024","11:30:24 PM",2024-03-19T23:30:24-0700,AeTopus,Memento,Cup,4:56,,USSP52347012,,L,2023,,"Bellingham's AeTopus - Bryan Hughes - one of my top albums of 2023; exclusive interview coming soon!","ORCHARD - Spotted Peccary",0600028470122
"Mar 19, 2024","10:30:00 PM",2024-03-19T22:30:00-0700,"03.19.2024 - Jim Causey",Music,120,173567,"Jim Causey","Mar 19, 2024","11:21:29 PM",2024-03-19T23:21:29-0700,"Cartas de Japón",Ostende,"Santa Clara",10:38,,GXBDT2323188,,,2024,,,"Cyclical Dreams",5063440551629
"Mar 19, 2024","10:30:00 PM",2024-03-19T22:30:00-0700,"03.19.2024 - Jim Causey",Music,120,173567,"Jim Causey","Mar 19, 2024","11:16:40 PM",2024-03-19T23:16:40-0700,LIGHTSPEAR,Traffic,Motor,4:56,,,,L,2023,,,LIGHTSPEAR,859742998034
"Mar 19, 2024","10:30:00 PM",2024-03-19T22:30:00-0700,"03.19.2024 - Jim Causey",Music,120,173567,"Jim Causey","Mar 19, 2024","11:13:21 PM",2024-03-19T23:13:21-0700,"Depeche Mode",Sibeling,"Enjoy The Silence",3:20,,GBAJH0400049,,,1990,,,"SME - Venusnote Ltd.",0886446905587
"Mar 19, 2024","10:30:00 PM",2024-03-19T22:30:00-0700,"03.19.2024 - Jim Causey",Music,120,173567,"Jim Causey","Mar 19, 2024","11:08:56 PM",2024-03-19T23:08:56-0700,"Depeche Mode","Enjoy The Silence - 2006 Digital Remaster",Violator,6:13,,GBAJH0600292,,,1990,,,"(C) 2006 Depeche Mode under exclusive licence to Mute Records LtdThis label copy information is the ",0094636010359
"Mar 19, 2024","10:30:00 PM",2024-03-19T22:30:00-0700,"03.19.2024 - Jim Causey",Music,120,173567,"Jim Causey","Mar 19, 2024","11:05:46 PM",2024-03-19T23:05:46-0700,"Hello Meteor","The Move After Organization (Shining Tiger)","SAID GHOSTS",3:21,,QZDA42487982,,L,2024,,,DISTROKID,0198086532116
"Mar 19, 2024","10:30:00 PM",2024-03-19T22:30:00-0700,"03.19.2024 - Jim Causey",Music,120,173567,"Jim Causey","Mar 19, 2024","11:00:17 PM",2024-03-19T23:00:17-0700,"Caroline Polachek","Butterfly Net (feat. Weyes Blood)","Butterfly Net (feat. Weyes Blood)",5:33,,QM4TW2467782,,,2024,,,"Perpetual Novice",0198391067648
"Mar 19, 2024","10:30:00 PM",2024-03-19T22:30:00-0700,"03.19.2024 - Jim Causey",Music,120,173567,"Jim Causey","Mar 19, 2024","10:55:23 PM",2024-03-19T22:55:23-0700,"Midnight High","Perfect Sun","Perfect Sun",4:03,,QZK6P2306255,,L,2023,,"Upcoming live shows - Friday April 5 at Belltown Yacht Club;  Friday May 10 at Tractor Tavern; Saturday July 27 at Timber! Fest in Carnation",DISTROKID,0197902328278
"Mar 19, 2024","10:30:00 PM",2024-03-19T22:30:00-0700,"03.19.2024 - Jim Causey",Music,120,173567,"Jim Causey","Mar 19, 2024","10:50:13 PM",2024-03-19T22:50:13-0700,"Soft Release","Find You Later","Find You Later - Single",4:02,,QZNWZ2386762,,L,2023,,"Carolyn B (Mt Fog) and Andy S (Mt Fog, Select Level) - performing live in Everett at Fisherman's Village Music Festival - Thursday, May 16!","Mossy Rock",197982084101
"Mar 19, 2024","10:30:00 PM",2024-03-19T22:30:00-0700,"03.19.2024 - Jim Causey",Music,120,173567,"Jim Causey","Mar 19, 2024","10:42:37 PM",2024-03-19T22:42:37-0700,"The Cure","Pictures Of You - Remastered","Disintegration (Remastered)",7:28,,USEE10901453,,,1989,,,Rhino/Elektra,0603497949526
"Mar 19, 2024","10:30:00 PM",2024-03-19T22:30:00-0700,"03.19.2024 - Jim Causey",Music,120,173567,"Jim Causey","Mar 19, 2024","10:35:49 PM",2024-03-19T22:35:49-0700,Slowdive,shanty,"everything is alive",5:48,,USJ5G2323201,,,2023,,,"MERLIN - Dead Oceans",0656605153261
"Mar 19, 2024","10:30:00 PM",2024-03-19T22:30:00-0700,"03.19.2024 - Jim Causey",Music,120,173567,"Jim Causey","Mar 19, 2024","10:32:51 PM",2024-03-19T22:32:51-0700,"Pure Bathing Culture","Devotion - Acoustic","Equinox (Acoustic)",3:09,,QZDZU1900006,,L,2019,,,"Infinite Companion",0192641383380
"Mar 19, 2024","10:30:00 PM",2024-03-19T22:30:00-0700,"03.19.2024 - Jim Causey",Music,120,173567,"Jim Causey","Mar 19, 2024","10:30:00 PM",2024-03-19T22:30:00-0700,"Select Level","The Race","Select Level",3:25,,USLZJ1920471,,L,2019,,,"Select Level",193872355740
"Mar 12, 2024","10:30:00 PM",2024-03-12T22:30:00-0700,"03.12.2024 - Jim Causey",Music,120,173567,"Jim Causey","Mar 13, 2024","12:19:55 AM",2024-03-13T00:19:55-0700,Raica,Entridam,Dose,6:19,,DEPL91498988,,L,2012,,"Seattle's Chloe Harris","Further Records",0827170481589
"Mar 12, 2024","10:30:00 PM",2024-03-12T22:30:00-0700,"03.12.2024 - Jim Causey",Music,120,173567,"Jim Causey","Mar 13, 2024","12:03:38 AM",2024-03-13T00:03:38-0700,"Suzanne Ciani & Kaitlyn Aurelia Smith",Retrograde,"FRKWYS, Vol. 13 - Sunergy (Expanded)",18:20,,US6PQ1600011,,L,2016,,,"RVNG Intl.",747742385599
"Mar 12, 2024","10:30:00 PM",2024-03-12T22:30:00-0700,"03.12.2024 - Jim Causey",Music,120,173567,"Jim Causey","Mar 12, 2024","11:56:27 PM",2024-03-12T23:56:27-0700,Saloli,Nighthawk,Canyon,7:14,,USNCB2323807,,L,2023,,"On my Top Albums of 2023 list! https://convergencezone.fm/2024/01/top-music-of-2023/","ORCHARD - kranky",0796441823826
"Mar 12, 2024","10:30:00 PM",2024-03-12T22:30:00-0700,"03.12.2024 - Jim Causey",Music,120,173567,"Jim Causey","Mar 12, 2024","11:53:11 PM",2024-03-12T23:53:11-0700,Grouper,Driving,"Grid of Points",3:48,,USNCB1821703,,L,2018,,"Astoria, OR",kranky,796441821723
"Mar 12, 2024","10:30:00 PM",2024-03-12T22:30:00-0700,"03.12.2024 - Jim Causey",Music,120,173567,"Jim Causey","Mar 12, 2024","11:49:01 PM",2024-03-12T23:49:01-0700,"Domenica Diavoleria","Book of Postcards","Forever Your Salesgirl",4:10,,,,L,2023,,"From Olympia, WA",,
"Mar 12, 2024","10:30:00 PM",2024-03-12T22:30:00-0700,"03.12.2024 - Jim Causey",Music,120,173567,"Jim Causey","Mar 12, 2024","11:45:14 PM",2024-03-12T23:45:14-0700,"Julianna Barwick & Mary Lattimore","Canyon Lights","Canyon Lights by Julianna Barwick and Mary Lattimore",3:47,,,,,2024,,"Originally created for the Adult Swim compilation 'Digitalis' in 2021, showcasing the diversity of contemporary electronic music",,
"Mar 12, 2024","10:30:00 PM",2024-03-12T22:30:00-0700,"03.12.2024 - Jim Causey",Music,120,173567,"Jim Causey","Mar 12, 2024","11:34:22 PM",2024-03-12T23:34:22-0700,"Lisa Bella Donna",Cosmotopia,"Electronic Voyages",10:52,,,,,2023,,,,
"Mar 12, 2024","10:30:00 PM",2024-03-12T22:30:00-0700,"03.12.2024 - Jim Causey",Music,120,173567,"Jim Causey","Mar 12, 2024","11:30:42 PM",2024-03-12T23:30:42-0700,"Ann Annie",Upstream,"Atmospheres, Vol. 2",3:40,,DEQ121856043,,L,2018,,Portland,Modularfield,4018939340926
"Mar 12, 2024","10:30:00 PM",2024-03-12T22:30:00-0700,"03.12.2024 - Jim Causey",Music,120,173567,"Jim Causey","Mar 12, 2024","11:27:21 PM",2024-03-12T23:27:21-0700,"Siren and the Sea","Probably Hawai'i","Gravity Wave",3:34,,USDY42320919,,,2023,,"On my Top Albums of 2023 list! https://convergencezone.fm/2024/01/top-music-of-2023/","Bathysphere Records",0198015967583
"Mar 12, 2024","10:30:00 PM",2024-03-12T22:30:00-0700,"03.12.2024 - Jim Causey",Music,120,173567,"Jim Causey","Mar 12, 2024","11:21:33 PM",2024-03-12T23:21:33-0700,"Patricia Wolf","The Culmination Of","Calliope - benefit for NARAL North America",5:46,,QZTAT2113552,,L,2022,,Portland,"Hotham Sound",0196623148721
"Mar 12, 2024","10:30:00 PM",2024-03-12T22:30:00-0700,"03.12.2024 - Jim Causey",Music,120,173567,"Jim Causey","Mar 12, 2024","11:17:07 PM",2024-03-12T23:17:07-0700,Enya,"Orinoco Flow",Watermark,4:26,,GBAHT0200057,,,2005,,,"Rhino/Warner Records",081227779863
"Mar 12, 2024","10:30:00 PM",2024-03-12T22:30:00-0700,"03.12.2024 - Jim Causey",Music,120,173567,"Jim Causey","Mar 12, 2024","11:13:37 PM",2024-03-12T23:13:37-0700,"Wendy Carlos","I.C. (Intergalactic Communications)","Digital Moonscapes",3:43,,,,,1984,,,"East Side Digital",
"Mar 12, 2024","10:30:00 PM",2024-03-12T22:30:00-0700,"03.12.2024 - Jim Causey",Music,120,173567,"Jim Causey","Mar 12, 2024","11:06:10 PM",2024-03-12T23:06:10-0700,"Pauline Anna Strom","Alpine Flight","Alpine Flight",7:31,,US6PQ2300205,,,2023,,,"MERLIN - RVNG Intl.",0747742386084
"Mar 12, 2024","10:30:00 PM",2024-03-12T22:30:00-0700,"03.12.2024 - Jim Causey",Music,120,173567,"Jim Causey","Mar 12, 2024","11:02:28 PM",2024-03-12T23:02:28-0700,"Doris Norton","Norton Apple Software","Personal Computer",6:25,,ITI431000321,,,1984,,,"ORCHARD - Musik Research",0887845619761
"Mar 12, 2024","10:30:00 PM",2024-03-12T22:30:00-0700,"03.12.2024 - Jim Causey",Music,120,173567,"Jim Causey","Mar 12, 2024","11:00:45 PM",2024-03-12T23:00:45-0700,"Suzanne Ciani","Hot Streak","Logo Presentation Reel 1985 (Instrumentals)/Octabred",1:07,,GBRNP0701158,,,2013,,,"Finders Keepers Records",5060099504990
"Mar 12, 2024","10:30:00 PM",2024-03-12T22:30:00-0700,"03.12.2024 - Jim Causey",Music,120,173567,"Jim Causey","Mar 12, 2024","10:57:52 PM",2024-03-12T22:57:52-0700,"Suzanne Ciani","Clean Room","Logo Presentation Reel 1985 (Instrumentals)/Octabred",2:53,,GBRNP0701163,,,2013,,,"Finders Keepers Records",5060099504990
"Mar 12, 2024","10:30:00 PM",2024-03-12T22:30:00-0700,"03.12.2024 - Jim Causey",Music,120,173567,"Jim Causey","Mar 12, 2024","10:57:00 PM",2024-03-12T22:57:00-0700,"Suzanne Ciani","AT&T Logo","Logo Presentation Reel 1985 (Instrumentals)/Octabred",0:08,,GBRNP0701156,,,2013,,,"Finders Keepers Records",5060099504990
"Mar 12, 2024","10:30:00 PM",2024-03-12T22:30:00-0700,"03.12.2024 - Jim Causey",Music,120,173567,"Jim Causey","Mar 12, 2024","10:52:55 PM",2024-03-12T22:52:55-0700,"Stephanie Sante","Jade Resonance","Clear Light",4:14,,QMAAK1879233,,,2018,,,"Sante Music",0888295794145
"Mar 12, 2024","10:30:00 PM",2024-03-12T22:30:00-0700,"03.12.2024 - Jim Causey",Music,120,173567,"Jim Causey","Mar 12, 2024","10:47:29 PM",2024-03-12T22:47:29-0700,"Sign Libra","Petrichor - Bonus Track","Closer to the Equator",5:41,,FR10S1840242,,,2018,,,Antinote,3615930279357
"Mar 12, 2024","10:30:00 PM",2024-03-12T22:30:00-0700,"03.12.2024 - Jim Causey",Music,120,173567,"Jim Causey","Mar 12, 2024","10:41:47 PM",2024-03-12T22:41:47-0700,"Carol Nethen","Island Moon","A View From The Bridge",5:19,,USNA18912462,,,1989,,,"UMG - Narada",00094635218251
"Mar 12, 2024","10:30:00 PM",2024-03-12T22:30:00-0700,"03.12.2024 - Jim Causey",Music,120,173567,"Jim Causey","Mar 12, 2024","10:37:14 PM",2024-03-12T22:37:14-0700,"Constance Demby","Waltz of Joy","Set Free",4:45,,USAKS0601224,,,1989,,,"Sound Currents",25041101622
"Mar 12, 2024","10:30:00 PM",2024-03-12T22:30:00-0700,"03.12.2024 - Jim Causey",Music,120,173567,"Jim Causey","Mar 12, 2024","10:32:33 PM",2024-03-12T22:32:33-0700,"Faten Kanaan",Trenchcoat,Afterpoem,2:13,,GBCKK2267702,,,2023,,,"Fire Records",809236167705
"Mar 12, 2024","10:30:00 PM",2024-03-12T22:30:00-0700,"03.12.2024 - Jim Causey",Music,120,173567,"Jim Causey","Mar 12, 2024","10:30:00 PM",2024-03-12T22:30:00-0700,"Nancy Rumbel","Tree of Life","Notes from the Tree of Life",2:08,,USNA19511242,,L,1995,,Seattle,Narada,00083616105055
"Mar 5, 2024","10:30:00 PM",2024-03-05T22:30:00-0800,"03.05.2024 - Jim Causey",Music,120,173567,"Jim Causey","Mar 6, 2024","12:25:31 AM",2024-03-06T00:25:31-0800,"Noel Brass Jr.","Threaded from a Distance","Threaded from a Distance",5:42,,,,,2023,,,,
"Mar 5, 2024","10:30:00 PM",2024-03-05T22:30:00-0800,"03.05.2024 - Jim Causey",Music,120,173567,"Jim Causey","Mar 6, 2024","12:16:03 AM",2024-03-06T00:16:03-0800,"Secret Pyramid","Part VII","Distant Works II",8:41,,QZ5FN1885821,,L,2016,,,Proposition,0192650347236
"Mar 5, 2024","10:30:00 PM",2024-03-05T22:30:00-0800,"03.05.2024 - Jim Causey",Music,120,173567,"Jim Causey","Mar 6, 2024","12:05:08 AM",2024-03-06T00:05:08-0800,"Domenica Diavoleria","Fun Forest","Orange Clearing",6:18,,,,L,2024,,"""Imagining a Seattle where the old growth Fun Forest has taken over the city...""

Releases on April 5, 2024","Eiderdown Records",
"Mar 5, 2024","10:30:00 PM",2024-03-05T22:30:00-0800,"03.05.2024 - Jim Causey",Music,120,173567,"Jim Causey","Mar 6, 2024","12:00:19 AM",2024-03-06T00:00:19-0800,"Steve Roach","Structures From Silence - Live 2019","The Sky Opens (Live 2019)",10:11,,USHK92037001,,,2020,,"From a live performance held in Pasadena, CA on 2019

Steve Roach returns to Seattle on Friday, March 15 and Portland on Saturday, March 16 - celebrating the 40th anniversary of ""Structures From Silence""",Projekt,0617026037028
"Mar 5, 2024","10:30:00 PM",2024-03-05T22:30:00-0800,"03.05.2024 - Jim Causey",Music,120,173567,"Jim Causey","Mar 5, 2024","11:47:32 PM",2024-03-05T23:47:32-0800,"Thom Brennan","Wavemaker Pt 2 (excerpt)",Wavemaker,15:00,,USL4R2355334,,L,2023,,,"Thom Brennan",198026365644
"Mar 5, 2024","10:30:00 PM",2024-03-05T22:30:00-0800,"03.05.2024 - Jim Causey",Music,120,173567,"Jim Causey","Mar 5, 2024","11:41:50 PM",2024-03-05T23:41:50-0800,Signer,338,"Selected Dreams 2020-2022",5:52,,,,L,2024,,,"Hotham Sound",
"Mar 5, 2024","10:30:00 PM",2024-03-05T22:30:00-0800,"03.05.2024 - Jim Causey",Music,120,173567,"Jim Causey","Mar 5, 2024","11:38:03 PM",2024-03-05T23:38:03-0800,EarthtoneSkytone,Chickachick,Chickachick,3:49,,TCAHH2345166,,L,2023,,,EarthtoneSkytone,0859776305846
"Mar 5, 2024","10:30:00 PM",2024-03-05T22:30:00-0800,"03.05.2024 - Jim Causey",Music,120,173567,"Jim Causey","Mar 5, 2024","11:33:13 PM",2024-03-05T23:33:13-0800,"Style King of the Week","Mt. Hope Reservoir","Style King of the Week",3:27,,USCGJ2395612,,L,2023,,,"Style King of the Week",0198015870531
"Mar 5, 2024","10:30:00 PM",2024-03-05T22:30:00-0800,"03.05.2024 - Jim Causey",Music,120,173567,"Jim Causey","Mar 5, 2024","11:29:12 PM",2024-03-05T23:29:12-0800,"Alex Johnston","Back And Forth","Daylight Fooldream",3:48,,QZNWT2351990,,L,2023,,"Live THIS SATURDAY March 9 at Black Lab Gallery in Everett, performing with Lane Lines and Mt. Fog","Foggy Oakes Music",0197930501094
"Mar 5, 2024","10:30:00 PM",2024-03-05T22:30:00-0800,"03.05.2024 - Jim Causey",Music,120,173567,"Jim Causey","Mar 5, 2024","11:24:49 PM",2024-03-05T23:24:49-0800,LIGHTSPEAR,System,Metro,5:10,,TCAEF1934401,,L,2019,,"Pure synthwave from Seattle ///",LIGHTSPEAR,859732226512
"Mar 5, 2024","10:30:00 PM",2024-03-05T22:30:00-0800,"03.05.2024 - Jim Causey",Music,120,173567,"Jim Causey","Mar 5, 2024","11:20:49 PM",2024-03-05T23:20:49-0800,"Lane Lines","Time & Space","Time & Space",3:38,,QZK6F2371941,,L,2023,,"Touring with Mt. Fog! Friday March 8 in Bellingham, THIS SATURDAY at Black Lab Gallery in Everett!",DISTROKID,0197876722683
"Mar 5, 2024","10:30:00 PM",2024-03-05T22:30:00-0800,"03.05.2024 - Jim Causey",Music,120,173567,"Jim Causey","Mar 5, 2024","11:14:51 PM",2024-03-05T23:14:51-0800,WMD,Ambrose,"Entelecheia (2024 Remaster)",5:21,,QZDA42412830,,L,2024,,,WMD,0198081653717
"Mar 5, 2024","10:30:00 PM",2024-03-05T22:30:00-0800,"03.05.2024 - Jim Causey",Music,120,173567,"Jim Causey","Mar 5, 2024","11:08:24 PM",2024-03-05T23:08:24-0800,"LCD Soundsystem","Someone Great","Sound Of Silver",6:30,,US4GE0600017,,,2007,,"Returning to Seattle on May 16, 17, 18, 19 at the Paramount - their first live show here in 17 years.  Hope to see you there!","Parlophone UK",0094638511359
"Mar 5, 2024","10:30:00 PM",2024-03-05T22:30:00-0800,"03.05.2024 - Jim Causey",Music,120,173567,"Jim Causey","Mar 5, 2024","11:02:08 PM",2024-03-05T23:02:08-0800,"Boy Harsher","Give Me a Reason","Give Me a Reason",4:25,,DED622200013,,,2021,,,"Nude Club",0192231623018
"Mar 5, 2024","10:30:00 PM",2024-03-05T22:30:00-0800,"03.05.2024 - Jim Causey",Music,120,173567,"Jim Causey","Mar 5, 2024","10:58:32 PM",2024-03-05T22:58:32-0800,LEATHERS,Crash,Crash,3:25,,QM4TW2429272,,L,2024,,"New music from Shannon Hemmett's solo project - also performs with Vancouver gothic stalwarts ACTORS","Artoffact Records",0197190947021
"Mar 5, 2024","10:30:00 PM",2024-03-05T22:30:00-0800,"03.05.2024 - Jim Causey",Music,120,173567,"Jim Causey","Mar 5, 2024","10:54:07 PM",2024-03-05T22:54:07-0800,"New Order","Ceremony [Alternate 12"" Version]","Movement [Collector's Edition]",4:25,,GBCRL0800453,,,1987,,"Debut single from New Order - released on this day in 1981","WMG - Warner Music UK",0825646936946
"Mar 5, 2024","10:30:00 PM",2024-03-05T22:30:00-0800,"03.05.2024 - Jim Causey",Music,120,173567,"Jim Causey","Mar 5, 2024","10:49:51 PM",2024-03-05T22:49:51-0800,"FM Attack feat. Vandal Moon",Séance,Séance,3:41,,QZFYY2255105,,L,2022,,,"Starfield Music",0196698493023
"Mar 5, 2024","10:30:00 PM",2024-03-05T22:30:00-0800,"03.05.2024 - Jim Causey",Music,120,173567,"Jim Causey","Mar 5, 2024","10:45:29 PM",2024-03-05T22:45:29-0800,"Midnight High",Avenue,Avenue,4:28,,QZDA42363979,,,2023,,"Performing live on Friday, April 5 at Belltown Yacht Club and Friday, May 10 at Tractor Tavern",DISTROKID,0197547345395
"Mar 5, 2024","10:30:00 PM",2024-03-05T22:30:00-0800,"03.05.2024 - Jim Causey",Music,120,173567,"Jim Causey","Mar 5, 2024","10:42:57 PM",2024-03-05T22:42:57-0800,"Hello Meteor","Weird Dreams Last Night (Cryosleep Hangover)","SAID GHOSTS",2:42,,QZDA42487977,,,2024,,,DISTROKID,0198086532116
"Mar 5, 2024","10:30:00 PM",2024-03-05T22:30:00-0800,"03.05.2024 - Jim Causey",Music,120,173567,"Jim Causey","Mar 5, 2024","10:40:13 PM",2024-03-05T22:40:13-0800,"Hello Meteor","Talking Skies","SAID GHOSTS",2:59,,QZDA42487972,,L,2024,,"Brand new from the Evergreen Prefecture",DISTROKID,0198086532116
"Mar 5, 2024","10:30:00 PM",2024-03-05T22:30:00-0800,"03.05.2024 - Jim Causey",Music,120,173567,"Jim Causey","Mar 5, 2024","10:33:45 PM",2024-03-05T22:33:45-0800,"Mt Fog","Ingot in the Dark","Spells of Silence",4:29,,QZNWX2272341,,,2022,,"New album ""Drifting"" due out March 29! Forest Cats tour comes to the Black Lab Gallery in Everett THIS SATURDAY, March 09","Save the Forest for the Trees",197210065629
"Mar 5, 2024","10:30:00 PM",2024-03-05T22:30:00-0800,"03.05.2024 - Jim Causey",Music,120,173567,"Jim Causey","Mar 5, 2024","10:30:00 PM",2024-03-05T22:30:00-0800,"Michael Weber",Omakase,Omakase,3:57,,QZTBD2318714,,L,2023,,,"681590 Records DK",198092565481
"Feb 27, 2024","10:30:00 PM",2024-02-27T22:30:00-0800,"02.27.2024 - Jim Causey",Music,120,173567,"Jim Causey","Feb 28, 2024","12:29:07 AM",2024-02-28T00:29:07-0800,"Talk Talk","The Rainbow (excerpt)","Spirit of Eden",9:09,,GBAYE9701607,,,1997,,,"Parlophone UK",0724385712951
"Feb 27, 2024","10:30:00 PM",2024-02-27T22:30:00-0800,"02.27.2024 - Jim Causey",Music,120,173567,"Jim Causey","Feb 28, 2024","12:26:36 AM",2024-02-28T00:26:36-0800,Laraaji,"Ocean (Glimpse)",Ocean,2:47,,USCW62217903,,,2022,,"Laaraji's ""Segue to Infinity"" tour comes to Portland on Friday May 17 and Seattle","MERLIN - Numero Group",0825764117968
"Feb 27, 2024","10:30:00 PM",2024-02-27T22:30:00-0800,"02.27.2024 - Jim Causey",Music,120,173567,"Jim Causey","Feb 28, 2024","12:18:54 AM",2024-02-28T00:18:54-0800,Intervales,"Balm of Gilead","Balm of Gilead",7:31,,QZMEP2119079,,L,2021,,,"1463123 Records DK",196397375873
"Feb 27, 2024","10:30:00 PM",2024-02-27T22:30:00-0800,"02.27.2024 - Jim Causey",Music,120,173567,"Jim Causey","Feb 28, 2024","12:11:01 AM",2024-02-28T00:11:01-0800,"Steve Roach & Robert Rich","Soma Waves","Waves of Now",8:05,,USHK92442814,,,2024,,"Steve Roach's ""Structures from Silence"" anniversary tour comes to Seattle on Friday, March 15 at the First Baptist Church, followed by another show in Portland on Saturday, March 16","Timeroom Editions",617026342825
"Feb 27, 2024","10:30:00 PM",2024-02-27T22:30:00-0800,"02.27.2024 - Jim Causey",Music,120,173567,"Jim Causey","Feb 28, 2024","12:02:11 AM",2024-02-28T00:02:11-0800,"Cartas de Japón",Chapadmalal,"Santa Clara",8:47,,GXBDT2330131,,,2024,,,"Cyclical Dreams",5063440551629
"Feb 27, 2024","10:30:00 PM",2024-02-27T22:30:00-0800,"02.27.2024 - Jim Causey",Music,120,173567,"Jim Causey","Feb 27, 2024","11:57:05 PM",2024-02-27T23:57:05-0800,"Daryl Groetsch","Above the Shore (Radio Edit)","Above the Shore",5:14,,,,L,2024,,"Brand new ambient from the talented artist behind Pulse Emitter; due out in April",,
"Feb 27, 2024","10:30:00 PM",2024-02-27T22:30:00-0800,"02.27.2024 - Jim Causey",Music,120,173567,"Jim Causey","Feb 27, 2024","11:50:16 PM",2024-02-27T23:50:16-0800,"Talk Talk","Inheritance - 1997 Remaster","Spirit of Eden",5:23,,GBAYE9701610,,,1988,,"Mark Hollis, leader of Talk Talk, passed away on Feb 25, 2019",Parlophone,0724385712920
"Feb 27, 2024","10:30:00 PM",2024-02-27T22:30:00-0800,"02.27.2024 - Jim Causey",Music,120,173567,"Jim Causey","Feb 27, 2024","11:47:02 PM",2024-02-27T23:47:02-0800,"Hello Meteor","Rain at the Marina","The Turn After a Storm",3:49,,QZK6K2058027,,L,2020,,,"Evergreen Prefecture",0195595788256
"Feb 27, 2024","10:30:00 PM",2024-02-27T22:30:00-0800,"02.27.2024 - Jim Causey",Music,120,173567,"Jim Causey","Feb 27, 2024","11:42:27 PM",2024-02-27T23:42:27-0800,"Lane Lines","Hard to Breathe","Cancelled Plans",4:39,,QZMEM2041748,,L,2020,,"Spring PNW tour begins in Bellingham on March 8, then Lane Lines performs in Everett at Black Lab Gallery on Saturday, March 9!","2016026 Records DK2",0195597086459
"Feb 27, 2024","10:30:00 PM",2024-02-27T22:30:00-0800,"02.27.2024 - Jim Causey",Music,120,173567,"Jim Causey","Feb 27, 2024","11:36:15 PM",2024-02-27T23:36:15-0800,Mildlife,Yourself,Yourself,6:22,,GBPVV2300344,,,2024,,,"Heavenly Recordings",5400863156121
"Feb 27, 2024","10:30:00 PM",2024-02-27T22:30:00-0800,"02.27.2024 - Jim Causey",Music,120,173567,"Jim Causey","Feb 27, 2024","11:30:38 PM",2024-02-27T23:30:38-0800,"Pink Floyd","One of These Days",Meddle,5:56,,GBN9Y1100060,,,1971,,,"WMG - Pink Floyd Music Ltd",5099902983851
"Feb 27, 2024","10:30:00 PM",2024-02-27T22:30:00-0800,"02.27.2024 - Jim Causey",Music,120,173567,"Jim Causey","Feb 27, 2024","11:22:38 PM",2024-02-27T23:22:38-0800,"Sky Cries Mary","Deep River","Moon Bathing On Sleeping Leaves",8:07,,USWB19601205,,L,1997,,"Seattle art/psych-rock, album came out on Feb 25 2011","WMG - Warner Records Label",0603497134465
"Feb 27, 2024","10:30:00 PM",2024-02-27T22:30:00-0800,"02.27.2024 - Jim Causey",Music,120,173567,"Jim Causey","Feb 27, 2024","11:18:00 PM",2024-02-27T23:18:00-0800,Brothertiger,"Everybody Wants to Rule the World","Brothertiger Plays: Tears for Fears' Songs from the Big Chair",4:21,,QM4TX1760780,,,2017,,,"Reimagine Music",
"Feb 27, 2024","10:30:00 PM",2024-02-27T22:30:00-0800,"02.27.2024 - Jim Causey",Music,120,173567,"Jim Causey","Feb 27, 2024","11:11:11 PM",2024-02-27T23:11:11-0800,"Tears For Fears","Listen - Clean Intro","Songs From The Big Chair (Super Deluxe Edition)",6:54,,GBF088500608,,,1985,,"Released on Feb 25 1985!","UMG - UMC (Universal Music Catalogue)",00602547037169
"Feb 27, 2024","10:30:00 PM",2024-02-27T22:30:00-0800,"02.27.2024 - Jim Causey",Music,120,173567,"Jim Causey","Feb 27, 2024","11:05:33 PM",2024-02-27T23:05:33-0800,"Lykke Li","I Follow Rivers - The Magician Remix","De Maxx Long Player 24",4:40,,SEVUM1100103,,,2012,,,"(C) 2015 Universal Music TV, a division of Universal Music Operations Ltd.",00600753620540
"Feb 27, 2024","10:30:00 PM",2024-02-27T22:30:00-0800,"02.27.2024 - Jim Causey",Music,120,173567,"Jim Causey","Feb 27, 2024","11:01:26 PM",2024-02-27T23:01:26-0800,"Public Service Broadcasting",Go!,"The Race For Space",4:13,,GBSZF1400173,,,2014,,,"Test Card Recordings",3610159662676
"Feb 27, 2024","10:30:00 PM",2024-02-27T22:30:00-0800,"02.27.2024 - Jim Causey",Music,120,173567,"Jim Causey","Feb 27, 2024","10:59:06 PM",2024-02-27T22:59:06-0800,"Public Service Broadcasting","The Race For Space (instrumental)","The Race For Space (instrumentals)",2:39,,GBSZF1400166,,,2015,,,"Test Card Recordings",9332727107344
"Feb 27, 2024","10:30:00 PM",2024-02-27T22:30:00-0800,"02.27.2024 - Jim Causey",Music,120,173567,"Jim Causey","Feb 27, 2024","10:54:27 PM",2024-02-27T22:54:27-0800,"Talk Talk","It's My Life (Remastered 1997)","It's My Life (Remastered 1997)",3:52,,GBAYE9700491,,,1997,,,"Parlophone UK",0724385679759
"Feb 27, 2024","10:30:00 PM",2024-02-27T22:30:00-0800,"02.27.2024 - Jim Causey",Music,120,173567,"Jim Causey","Feb 27, 2024","10:50:37 PM",2024-02-27T22:50:37-0800,"Christine and the Queens","I disappear in your arms","La vita nuova",3:56,,FR6P11901500,,,2020,,"Came out on this day in 2020","UMG - Because Music",05060686508301
"Feb 27, 2024","10:30:00 PM",2024-02-27T22:30:00-0800,"02.27.2024 - Jim Causey",Music,120,173567,"Jim Causey","Feb 27, 2024","10:46:46 PM",2024-02-27T22:46:46-0800,"Caroline Polachek","Spring Is Coming With A Strawberry In The Mouth","Desire, I Want To Turn Into You: Everasking Edition",3:53,,QM4TW2488735,,,2024,,"Covering the 1986 single from British art/theater/music group Operating Theatre","Perpetual Novice",0198391135453
"Feb 27, 2024","10:30:00 PM",2024-02-27T22:30:00-0800,"02.27.2024 - Jim Causey",Music,120,173567,"Jim Causey","Feb 27, 2024","10:42:30 PM",2024-02-27T22:42:30-0800,"Midnight High",Domino,Domino,4:18,,QZES72350562,,L,2023,,"Performing this Sunday, March 3 at Belltown Yacht Club, followed by shows on April 5 and May 10!",DISTROKID,0197902328278
"Feb 27, 2024","10:30:00 PM",2024-02-27T22:30:00-0800,"02.27.2024 - Jim Causey",Music,120,173567,"Jim Causey","Feb 27, 2024","10:35:58 PM",2024-02-27T22:35:58-0800,"Mt Fog","I am the Sea, You are the Clouds","I am the Sea, You are the Clouds",3:48,,QZMEQ2282559,,L,2022,,"Mt Fog's ""Forest Cats"" tour kicks off next week, and she's coming to Everett's Black Lab Gallery on Saturday, March 9!","Save the Forest for the Trees",0197084711332
"Feb 27, 2024","10:30:00 PM",2024-02-27T22:30:00-0800,"02.27.2024 - Jim Causey",Music,120,173567,"Jim Causey","Feb 27, 2024","10:31:38 PM",2024-02-27T22:31:38-0800,"Altin Gün","Ordunun Dereleri",Yol,4:34,,DETP62000142,,,2021,,,"UMG - ATO Records",00880882451653
"Feb 27, 2024","10:30:00 PM",2024-02-27T22:30:00-0800,"02.27.2024 - Jim Causey",Music,120,173567,"Jim Causey","Feb 27, 2024","10:30:00 PM",2024-02-27T22:30:00-0800,Meltt,"Within You, Within Me","Within You, Within Me",1:19,,CAANN2200002,,L,2022,,,Meltt,
"Feb 20, 2024","10:30:00 PM",2024-02-20T22:30:00-0800,"02.20.2024 - Jim Causey",Music,120,173567,"Jim Causey","Feb 21, 2024","12:29:54 AM",2024-02-21T00:29:54-0800,"Norm Chambers","Music for the Dome (excerpt)","Music for the Dome",,,,,L,2017,,,,
"Feb 20, 2024","10:30:00 PM",2024-02-20T22:30:00-0800,"02.20.2024 - Jim Causey",Music,120,173567,"Jim Causey","Feb 21, 2024","12:27:24 AM",2024-02-21T00:27:24-0800,"Tangerine Dream","Sequent ""C""","Phaedra (Deluxe Version)",,,,,,1974,,,"UMG - UMC (Universal Music Catalogue)",00724384006259
"Feb 20, 2024","10:30:00 PM",2024-02-20T22:30:00-0800,"02.20.2024 - Jim Causey",Music,120,173567,"Jim Causey","Feb 21, 2024","12:21:43 AM",2024-02-21T00:21:43-0800,"Steve Roach",Seeking,"Empetus (Deluxe)",5:35,,USHK90821802,,,1986,,"Steve Roach will perform LIVE in Seattle on Friday, March 15 at the First Baptist Church on First Hill; he performs in Portland at First Congregational United Church of Christ the next night, Saturday March 16","MERLIN - Projekt",0617026021829
"Feb 20, 2024","10:30:00 PM",2024-02-20T22:30:00-0800,"02.20.2024 - Jim Causey",Music,120,173567,"Jim Causey","Feb 21, 2024","12:15:15 AM",2024-02-21T00:15:15-0800,"Lisa Bella Donna","Inner Space","Electronic Voyages",12:31,,,,,2023,,,,
"Feb 20, 2024","10:30:00 PM",2024-02-20T22:30:00-0800,"02.20.2024 - Jim Causey",Music,120,173567,"Jim Causey","Feb 21, 2024","12:00:57 AM",2024-02-21T00:00:57-0800,"Bernhard Wöstheinrich","Pixel (Excerpt)",Elsewhere,15:43,,DEGP31801204,,,2018,,,"Iapetus Media",9003829980189
"Feb 20, 2024","10:30:00 PM",2024-02-20T22:30:00-0800,"02.20.2024 - Jim Causey",Music,120,173567,"Jim Causey","Feb 20, 2024","11:45:15 PM",2024-02-20T23:45:15-0800,Perge,"Anfa (Part 1)","Aural Coefficients Within A Fractal Plane",17:31,,,,,2016,,,,
"Feb 20, 2024","10:30:00 PM",2024-02-20T22:30:00-0800,"02.20.2024 - Jim Causey",Music,120,173567,"Jim Causey","Feb 20, 2024","11:34:55 PM",2024-02-20T23:34:55-0800,Redshift,"Bombers in the Desert","Ether (Remastered)",8:23,,GBKPL1026613,,,1998,,,"MERLIN - Distant Sun",5033168000112
"Feb 20, 2024","10:30:00 PM",2024-02-20T22:30:00-0800,"02.20.2024 - Jim Causey",Music,120,173567,"Jim Causey","Feb 20, 2024","11:27:19 PM",2024-02-20T23:27:19-0800,"Tangerine Dream","Movements Of A Visionary - Remastered 2018","Phaedra (Deluxe Version)",7:57,,QMBZ91390223,,,1974,,,Virgin,0888003905399
"Feb 20, 2024","10:30:00 PM",2024-02-20T22:30:00-0800,"02.20.2024 - Jim Causey",Music,120,173567,"Jim Causey","Feb 20, 2024","11:16:41 PM",2024-02-20T23:16:41-0800,['ramp],"salomon's road","No Sleep Til Wilmersdorf",11:23,,,,,2018,,,,
"Feb 20, 2024","10:30:00 PM",2024-02-20T22:30:00-0800,"02.20.2024 - Jim Causey",Music,120,173567,"Jim Causey","Feb 20, 2024","11:06:30 PM",2024-02-20T23:06:30-0800,"Tangerine Dream","Mysterious Semblance At The Strand Of Nightmares",Phaedra,10:35,,GBAAA9400692,,,1974,,"Tangerine Dream's LP ""Phaedra"" released 50 years ago tonight!","UMG - Virgin Records",
"Feb 20, 2024","10:30:00 PM",2024-02-20T22:30:00-0800,"02.20.2024 - Jim Causey",Music,120,173567,"Jim Causey","Feb 20, 2024","10:55:30 PM",2024-02-20T22:55:30-0800,"Ron Boots","Where Are They Now?","BERLIN: A Tribute Album for Mark Shreeve",9:18,,,,,2021,,,,
"Feb 20, 2024","10:30:00 PM",2024-02-20T22:30:00-0800,"02.20.2024 - Jim Causey",Music,120,173567,"Jim Causey","Feb 20, 2024","10:49:24 PM",2024-02-20T22:49:24-0800,"Hélène Vogelsinger",Incantation,"Tone Science Module No. 5 Integers and Quotients",6:26,,GBJJM2100015,,,2021,,,DiN,5028423210054
"Feb 20, 2024","10:30:00 PM",2024-02-20T22:30:00-0800,"02.20.2024 - Jim Causey",Music,120,173567,"Jim Causey","Feb 20, 2024","10:32:58 PM",2024-02-20T22:32:58-0800,"Tangerine Dream",Phaedra,Phaedra,16:48,,GBUM71807121,,,1974,,"Released on this date in 1974!","Virgin Records",00724384006259
"Feb 20, 2024","10:30:00 PM",2024-02-20T22:30:00-0800,"02.20.2024 - Jim Causey",Music,120,173567,"Jim Causey","Feb 20, 2024","10:29:00 PM",2024-02-20T22:29:00-0800,"Norm Chambers","Music for the Dome (excerpt)","Music for the Dome",,,,,L,2017,,"Seattle's Norm Chambers performed live at the Pacific Science Center Laser Dome on July 16, 2017 - this is his recreation of that piece",,
"Feb 13, 2024","10:30:00 PM",2024-02-13T22:30:00-0800,"02.13.2024 - Jim Causey",Music,120,173567,"Jim Causey","Feb 14, 2024","12:22:52 AM",2024-02-14T00:22:52-0800,"André 3000","Ants To You, Gods To Who ? (excerpt)","New Blue Sun",6:42,,USSM12305454,,,2023,,"Ambient music from rapper, producer, and DJ André 3000 (André 
 Benjamin), best known from the duo Outkast",Epic,196589963802
"Feb 13, 2024","10:30:00 PM",2024-02-13T22:30:00-0800,"02.13.2024 - Jim Causey",Music,120,173567,"Jim Causey","Feb 14, 2024","12:17:15 AM",2024-02-14T00:17:15-0800,Elbow,"Mercy Street","Mercy Street",5:37,,GBCPB1000741,,,2010,,"Originally recorded by Peter Gabriel for his 1986 album ""So"" - inspired by poet Anne Sexton.  This cover comes from the 2010 collection ""Scratch My Back / And I'll Scratch Yours""","UMG - Real World Records Ltd.",00884108006641
"Feb 13, 2024","10:30:00 PM",2024-02-13T22:30:00-0800,"02.13.2024 - Jim Causey",Music,120,173567,"Jim Causey","Feb 14, 2024","12:10:37 AM",2024-02-14T00:10:37-0800,"Steve Roach & Erik Wøllo","Stream of Thought 13","Stream of Thought",6:46,,USHK90922413,,,2008,,,Projekt,0617026022420
"Feb 13, 2024","10:30:00 PM",2024-02-13T22:30:00-0800,"02.13.2024 - Jim Causey",Music,120,173567,"Jim Causey","Feb 14, 2024","12:06:39 AM",2024-02-14T00:06:39-0800,"Leslee Smucker","Fixed Hills","Breathing Landscape",4:06,,QMQQH2310783,,,2024,,"Recorded in an abandoned water tank in remote northwestern Colorado","Beacon Sound",769791985438
"Feb 13, 2024","10:30:00 PM",2024-02-13T22:30:00-0800,"02.13.2024 - Jim Causey",Music,120,173567,"Jim Causey","Feb 14, 2024","12:01:41 AM",2024-02-14T00:01:41-0800,"Jill Haley & Eykamp String Quartet",Athabaskan,"Alaskan Soundscapes: Music for Wrangell-St. Elias and Kenai Fjords National Parks",4:19,,US7KR2300005,,,2023,,,"ORCHARD - CORANGLAIS",0195269265373
"Feb 13, 2024","10:30:00 PM",2024-02-13T22:30:00-0800,"02.13.2024 - Jim Causey",Music,120,173567,"Jim Causey","Feb 14, 2024","12:01:15 AM",2024-02-14T00:01:15-0800,"Deborah Martin & Erik Wøllo","Fort Apache Meadowlarks",Kinishba,5:34,,,,,2024,,"Releases on Friday, February 16, 2024","Spotted Peccary",600028906720
"Feb 13, 2024","10:30:00 PM",2024-02-13T22:30:00-0800,"02.13.2024 - Jim Causey",Music,120,173567,"Jim Causey","Feb 13, 2024","11:51:52 PM",2024-02-13T23:51:52-0800,"The Detroit Escalator Co.","Point Of Entry","Black Buildings",5:11,,GBEWK0100043,,,2002,,,"Peacefrog Records",5060100741406
"Feb 13, 2024","10:30:00 PM",2024-02-13T22:30:00-0800,"02.13.2024 - Jim Causey",Music,120,173567,"Jim Causey","Feb 13, 2024","11:46:58 PM",2024-02-13T23:46:58-0800,"Garden of Magic",Feel,"Feel (Single)",5:05,,,,,2024,,,,
"Feb 13, 2024","10:30:00 PM",2024-02-13T22:30:00-0800,"02.13.2024 - Jim Causey",Music,120,173567,"Jim Causey","Feb 13, 2024","11:40:52 PM",2024-02-13T23:40:52-0800,"Pauline Anna Strom","Morning Splendor","Trans-Millenia Consort",6:06,,US6PQ2300192,,,2023,,"Just re-released as part of the collection ""Echoes, Spaces, Lines"" - originally on her debut, ""Trans-Millenia Consort"" on a limited cassette release in 1982","MERLIN - RVNG Intl.",0747742386046
"Feb 13, 2024","10:30:00 PM",2024-02-13T22:30:00-0800,"02.13.2024 - Jim Causey",Music,120,173567,"Jim Causey","Feb 13, 2024","11:36:57 PM",2024-02-13T23:36:57-0800,"Sumner James, Robert Chamberlain, Volcano Lazerbeam & Saroon,",Attenuation,"Dive 1: Refraction",4:06,,USCGH2440949,,L,2024,,"New collaborative piece including the founders of Bathysphere Records along with multiple label artists, including Portland, OR-based Saroon","Bathysphere Records",0198015301547
"Feb 13, 2024","10:30:00 PM",2024-02-13T22:30:00-0800,"02.13.2024 - Jim Causey",Music,120,173567,"Jim Causey","Feb 13, 2024","11:32:40 PM",2024-02-13T23:32:40-0800,"Paul Speer & David Lanz","Rain Forest","Natural States",4:18,,USNA18513169,,L,1985,,,"Narada Equinox",00076742630157
"Feb 13, 2024","10:30:00 PM",2024-02-13T22:30:00-0800,"02.13.2024 - Jim Causey",Music,120,173567,"Jim Causey","Feb 13, 2024","11:29:40 PM",2024-02-13T23:29:40-0800,"Omni Gardens","Wild Marionberries","Golden Pear",3:19,,USA2P2347762,,L,2023,,"This Portland-based New Age album is one of my Top Albums of 2023 - https://convergencezone.fm/2024/01/top-music-of-2023/","Moon Glyph",196922651212
"Feb 13, 2024","10:30:00 PM",2024-02-13T22:30:00-0800,"02.13.2024 - Jim Causey",Music,120,173567,"Jim Causey","Feb 13, 2024","11:26:19 PM",2024-02-13T23:26:19-0800,Panabrite,"The Air-Conditioned Forest","Paramount Hexagon",3:21,,,,L,2009,,"Norm Chambers' first creative album",,
"Feb 13, 2024","10:30:00 PM",2024-02-13T22:30:00-0800,"02.13.2024 - Jim Causey",Music,120,173567,"Jim Causey","Feb 13, 2024","11:20:02 PM",2024-02-13T23:20:02-0800,"Caroline Polachek","Butterfly Net (feat. Weyes Blood)","Butterfly Net (feat. Weyes Blood)",5:33,,QM4TW2467782,,,2024,,,"Perpetual Novice",0198391067648
"Feb 13, 2024","10:30:00 PM",2024-02-13T22:30:00-0800,"02.13.2024 - Jim Causey",Music,120,173567,"Jim Causey","Feb 13, 2024","11:14:22 PM",2024-02-13T23:14:22-0800,"FM Attack","Mixed Signals",Dreamatic,5:45,,CA1HD0900031,,L,2009,,"Vancouver, BC artist","MERLIN - Starfield Music",5054283661897
"Feb 13, 2024","10:30:00 PM",2024-02-13T22:30:00-0800,"02.13.2024 - Jim Causey",Music,120,173567,"Jim Causey","Feb 13, 2024","11:09:04 PM",2024-02-13T23:09:04-0800,"Soft Release","Broken Number 13","Broken Number 13 - Single",4:07,,QZTB22354483,,L,2023,,"New remix of this song by Britt Hansen releases Valentine's Day 2024 - Mt Fog performing live throughout spring 2024","Strange Sparks",872132797895
"Feb 13, 2024","10:30:00 PM",2024-02-13T22:30:00-0800,"02.13.2024 - Jim Causey",Music,120,173567,"Jim Causey","Feb 13, 2024","11:05:49 PM",2024-02-13T23:05:49-0800,"New Order","Dreams Never End (2019 Remaster)","Movement (Definitive) [2019 Remaster]",3:15,,GBAHT1900225,,,1981,,,Rhino,190295449360
"Feb 13, 2024","10:30:00 PM",2024-02-13T22:30:00-0800,"02.13.2024 - Jim Causey",Music,120,173567,"Jim Causey","Feb 13, 2024","11:01:23 PM",2024-02-13T23:01:23-0800,"Drab Majesty","Dot in the Sky","The Demonstration",5:26,,QMBZ91673224,,,2017,,,"Dais Records",0646263945490
"Feb 13, 2024","10:30:00 PM",2024-02-13T22:30:00-0800,"02.13.2024 - Jim Causey",Music,120,173567,"Jim Causey","Feb 13, 2024","11:00:23 PM",2024-02-13T23:00:23-0800,"Drab Majesty",Induction,"The Demonstration",0:59,,QMBZ91673223,,,2017,,,"Dais Records",191018390570
"Feb 13, 2024","10:30:00 PM",2024-02-13T22:30:00-0800,"02.13.2024 - Jim Causey",Music,120,173567,"Jim Causey","Feb 13, 2024","10:56:38 PM",2024-02-13T22:56:38-0800,LEATHERS,Crash,"Artoffact Records",3:26,,QM4TW2429272,,L,2024,,"Brand new electro-pop from Vancouver, BC - Shannon also performs as a member of ACTORS",,
"Feb 13, 2024","10:30:00 PM",2024-02-13T22:30:00-0800,"02.13.2024 - Jim Causey",Music,120,173567,"Jim Causey","Feb 13, 2024","10:51:53 PM",2024-02-13T22:51:53-0800,"Echo & The Bunnymen","Lips Like Sugar","Echo & the Bunnymen (Bonus Tracks Edition) [2004 Remaster]",4:52,,GBAHT0003955,,,2004,,,"Rhino/Warner Records",00081227893361
"Feb 13, 2024","10:30:00 PM",2024-02-13T22:30:00-0800,"02.13.2024 - Jim Causey",Music,120,173567,"Jim Causey","Feb 13, 2024","10:47:56 PM",2024-02-13T22:47:56-0800,"Talk Talk","Such a Shame (Remastered 1997)","It's My Life (Remastered 1997)",5:36,,GBAYE9700489,,,1997,,"First released in February 1984 - 40 years ago this week!","Parlophone UK",0724385679759
"Feb 13, 2024","10:30:00 PM",2024-02-13T22:30:00-0800,"02.13.2024 - Jim Causey",Music,120,173567,"Jim Causey","Feb 13, 2024","10:42:03 PM",2024-02-13T22:42:03-0800,Slowdive,shanty,"everything is alive",5:47,,USJ5G2323201,,,2023,,,"Dead Oceans",0656605153261
"Feb 13, 2024","10:30:00 PM",2024-02-13T22:30:00-0800,"02.13.2024 - Jim Causey",Music,120,173567,"Jim Causey","Feb 13, 2024","10:37:54 PM",2024-02-13T22:37:54-0800,"Still Corners","Midnight Drive","Strange Pleasures",4:24,,USSUB1203510,,,2013,,"Performing at The Crocodile in Seattle on Sunday, April 21, 2024! ","WMG - Subpop Record Group",0098787103564
"Feb 13, 2024","10:30:00 PM",2024-02-13T22:30:00-0800,"02.13.2024 - Jim Causey",Music,120,173567,"Jim Causey","Feb 13, 2024","10:32:43 PM",2024-02-13T22:32:43-0800,"Echo of the Low Light","Shipwreck - Instrumental","Shipwreck (Instrumental)",4:42,,QZFZ41975964,,L,2019,,,Independent,0194616227439
"Feb 13, 2024","10:30:00 PM",2024-02-13T22:30:00-0800,"02.13.2024 - Jim Causey",Music,120,173567,"Jim Causey","Feb 13, 2024","10:30:00 PM",2024-02-13T22:30:00-0800,"Patricia Wolf","Pacific Coast Highway","See - Through",6:00,,DEG932201019,,L,2022,,,Balmat,4062548044331
"Feb 6, 2024","10:30:00 PM",2024-02-06T22:30:00-0800,"02.06.2024 - Jim Causey",Music,120,173567,"Jim Causey","Feb 7, 2024","12:25:52 AM",2024-02-07T00:25:52-0800,"Eydís Evensen","Dreaming of Light","The Light",4:15,,USSM12211685,,,2023,,"Happy Belated 30th Birthday to Eydís Evensen - she celebrated on Monday Feb 6","SME - XXIM Records",0196589078605
"Feb 6, 2024","10:30:00 PM",2024-02-06T22:30:00-0800,"02.06.2024 - Jim Causey",Music,120,173567,"Jim Causey","Feb 7, 2024","12:19:21 AM",2024-02-07T00:19:21-0800,"Arin Aksberg","Homecoming feat. Sam Rosenthal","Nordic Patterns",7:03,,USHK92430008,,L,2024,,"Brand new release on Portland's PROJECT Records, this track features label founder Sam Rosenthal","MERLIN - Projekt:Archive",0617026230023
"Feb 6, 2024","10:30:00 PM",2024-02-06T22:30:00-0800,"02.06.2024 - Jim Causey",Music,120,173567,"Jim Causey","Feb 7, 2024","12:10:40 AM",2024-02-07T00:10:40-0800,"Colin Chin","The Alluvial Plains","Intruding On a Silence",7:12,,USNA19014270,,,1987,,"Featuring Mark Isham on trumpet",Narada,00094635217858
"Feb 6, 2024","10:30:00 PM",2024-02-06T22:30:00-0800,"02.06.2024 - Jim Causey",Music,120,173567,"Jim Causey","Feb 7, 2024","12:03:42 AM",2024-02-07T00:03:42-0800,"Matthew Halsall","Calder Shapes","Calder Shapes",7:08,,GBVTB2362004,,,2023,,,"MERLIN - Gondwana Records",5050580798137
"Feb 6, 2024","10:30:00 PM",2024-02-06T22:30:00-0800,"02.06.2024 - Jim Causey",Music,120,173567,"Jim Causey","Feb 6, 2024","11:56:31 PM",2024-02-06T23:56:31-0800,"Vijay Iyer",Tempest,Compassion,6:24,,DEB332276006,,,2024,,"The Vijay Iyer Trio was nominated for two 2024 Grammy Awards - for Best Alternative Jazz Album for ""Love in Exile"", and Global Music Performance for ""Shadow Forces""","ECM Records",0602455674999
"Feb 6, 2024","10:30:00 PM",2024-02-06T22:30:00-0800,"02.06.2024 - Jim Causey",Music,120,173567,"Jim Causey","Feb 6, 2024","11:46:23 PM",2024-02-06T23:46:23-0800,"Pat Metheny Group","The First Circle","First Circle",9:10,,DEB338427803,,,1984,,"1985 Grammy Award winner for Best Jazz Fusion Performance","UMG - ECM Records",00044001416323
"Feb 6, 2024","10:30:00 PM",2024-02-06T22:30:00-0800,"02.06.2024 - Jim Causey",Music,120,173567,"Jim Causey","Feb 6, 2024","11:41:42 PM",2024-02-06T23:41:42-0800,"Andreas Vollenweider","Night Fire Dance","Down to the Moon",4:57,,USSJ10500160,,,1986,,"Won Grammy Award for Best New Age Album in 1987","Kin Kou",0795041752826
"Feb 6, 2024","10:30:00 PM",2024-02-06T22:30:00-0800,"02.06.2024 - Jim Causey",Music,120,173567,"Jim Causey","Feb 6, 2024","11:36:45 PM",2024-02-06T23:36:45-0800,"Soft Mirage","Courtyards of Atlantis","Ionian Dream",3:27,,,,L,2012,,"Seattle's Norm Chambers recording with Christian Richer and Nicolas Lê Quang",Kinnta,
"Feb 6, 2024","10:30:00 PM",2024-02-06T22:30:00-0800,"02.06.2024 - Jim Causey",Music,120,173567,"Jim Causey","Feb 6, 2024","11:30:22 PM",2024-02-06T23:30:22-0800,"Little H Collective","Avalanche Pass (radio edit)","Avalanche Pass",7:38,,,,L,2023,,,,
"Feb 6, 2024","10:30:00 PM",2024-02-06T22:30:00-0800,"02.06.2024 - Jim Causey",Music,120,173567,"Jim Causey","Feb 6, 2024","11:26:37 PM",2024-02-06T23:26:37-0800,"Style King of the Week","Eerie Blvd.","Style King of the Week",3:32,,USCGJ2395613,,L,2023,,"Performing Sat March 9 at The Monkey Pub in Seattle &amp; Fri March 29 at Conor Byrne Pub","Style King of the Week",0198015870531
"Feb 6, 2024","10:30:00 PM",2024-02-06T22:30:00-0800,"02.06.2024 - Jim Causey",Music,120,173567,"Jim Causey","Feb 6, 2024","11:22:15 PM",2024-02-06T23:22:15-0800,"Massive Attack","Blue Lines - 2012 Mix/Master","Blue Lines",4:22,,GBAAA1200646,,,1991,,,"UMG - Virgin Catalogue",05099923203853
"Feb 6, 2024","10:30:00 PM",2024-02-06T22:30:00-0800,"02.06.2024 - Jim Causey",Music,120,173567,"Jim Causey","Feb 6, 2024","11:19:10 PM",2024-02-06T23:19:10-0800,"Holy Ghost!","Epton on Broadway (Part II)",Work,1:55,,QMRSZ1900125,,,2019,,,"West End Records",4050538488951
"Feb 6, 2024","10:30:00 PM",2024-02-06T22:30:00-0800,"02.06.2024 - Jim Causey",Music,120,173567,"Jim Causey","Feb 6, 2024","11:14:43 PM",2024-02-06T23:14:43-0800,"Holy Ghost!","Epton on Broadway, Pt. 1","Epton on Broadway",4:26,,QMRSZ1900124,,,2019,,,"WMG - West End Records",4050538477825
"Feb 6, 2024","10:30:00 PM",2024-02-06T22:30:00-0800,"02.06.2024 - Jim Causey",Music,120,173567,"Jim Causey","Feb 6, 2024","11:10:35 PM",2024-02-06T23:10:35-0800,Hibou,Amethyst,"Something Familiar",4:12,,USBS51700010,,L,2018,,"Seattle artist!","MERLIN - Barsuk Records",0655173117026
"Feb 6, 2024","10:30:00 PM",2024-02-06T22:30:00-0800,"02.06.2024 - Jim Causey",Music,120,173567,"Jim Causey","Feb 6, 2024","11:05:34 PM",2024-02-06T23:05:34-0800,Destroyer,"It Just Doesn’t Happen","Have We Met",5:01,,USMRG2070903,,L,2020,,"Vancouver, BC artist - Album came out on 1/31/2020","Merge Records",673855070926
"Feb 6, 2024","10:30:00 PM",2024-02-06T22:30:00-0800,"02.06.2024 - Jim Causey",Music,120,173567,"Jim Causey","Feb 6, 2024","11:01:09 PM",2024-02-06T23:01:09-0800,"Depeche Mode","Enjoy The Silence - 2006 Digital Remaster",Violator,6:13,,GBAJH0600292,,,1990,,"7"" single for this track came out on Feb 6, 1990","(C) 2006 Depeche Mode under exclusive licence to Mute Records LtdThis label copy information is the",0094636010359
"Feb 6, 2024","10:30:00 PM",2024-02-06T22:30:00-0800,"02.06.2024 - Jim Causey",Music,120,173567,"Jim Causey","Feb 6, 2024","10:55:25 PM",2024-02-06T22:55:25-0800,Lemonade,"Ice Water",Diver,4:45,,USMTD1202176,,,2012,,,"MERLIN - True Panther Sounds",5059638290982
"Feb 6, 2024","10:30:00 PM",2024-02-06T22:30:00-0800,"02.06.2024 - Jim Causey",Music,120,173567,"Jim Causey","Feb 6, 2024","10:51:47 PM",2024-02-06T22:51:47-0800,Kraftwerk,"The Model","The Man-Machine (Remastered)",3:41,,USCA20903078,,,2009,,"""The Model"" / ""Computer Love"" hit #1 in the UK on this date in 1981!","Parlophone UK",5099996602256
"Feb 6, 2024","10:30:00 PM",2024-02-06T22:30:00-0800,"02.06.2024 - Jim Causey",Music,120,173567,"Jim Causey","Feb 6, 2024","10:47:23 PM",2024-02-06T22:47:23-0800,Ladytron,Ladybird,"604 (Bonus Version)",4:38,,CAN111000557,,,2001,,"Album released on this date in 2001!","WMG - Nettwerk Records",0067003091251
"Feb 6, 2024","10:30:00 PM",2024-02-06T22:30:00-0800,"02.06.2024 - Jim Causey",Music,120,173567,"Jim Causey","Feb 6, 2024","10:41:57 PM",2024-02-06T22:41:57-0800,"The Cure","Just Like Heaven","Kiss Me Kiss Me Kiss Me",3:32,,GBALB8700003,,,1987,,,"Universal Music",0602498400807
"Feb 6, 2024","10:30:00 PM",2024-02-06T22:30:00-0800,"02.06.2024 - Jim Causey",Music,120,173567,"Jim Causey","Feb 6, 2024","10:38:11 PM",2024-02-06T22:38:11-0800,ACTORS,"L'appel Du Vide","It Will Come to You",3:34,,QMBZ91722688,,L,2018,,"Vancouver BC goth/darkwave artists have new music coming out soon!","ORCHARD - Artoffact Records",0628070633425
"Feb 6, 2024","10:30:00 PM",2024-02-06T22:30:00-0800,"02.06.2024 - Jim Causey",Music,120,173567,"Jim Causey","Feb 6, 2024","10:31:37 PM",2024-02-06T22:31:37-0800,"LCD Soundsystem","Get Innocuous!","Sound of Silver",7:12,,US4GE0600014,,,2007,,"LCD Soundsystem will perform in Seattle May 16-19 at the Paramount Theatre!","Parlophone UK",0094638511359
"Feb 6, 2024","10:30:00 PM",2024-02-06T22:30:00-0800,"02.06.2024 - Jim Causey",Music,120,173567,"Jim Causey","Feb 6, 2024","10:30:00 PM",2024-02-06T22:30:00-0800,Nakhane,"Do You Well (feat. Perfume Genius)","Bastard Jargon",3:33,,FR8Y72100580,,L,2023,,,"BMG Rights Management France SARL",4050538768749
"Jan 30, 2024","10:30:00 PM",2024-01-30T22:30:00-0800,"01.30.2024 - Jim Causey",Music,120,173567,"Jim Causey","Jan 31, 2024","12:19:18 AM",2024-01-31T00:19:18-0800,"Ray Lynch","Drifted In A Deeper Land","No Blue Thing",7:27,,USAUQ0500018,,,1989,,,"Ray Lynch Productions",0735371111924
"Jan 30, 2024","10:30:00 PM",2024-01-30T22:30:00-0800,"01.30.2024 - Jim Causey",Music,120,173567,"Jim Causey","Jan 31, 2024","12:13:17 AM",2024-01-31T00:13:17-0800,"Ketil Bjørnstad & David Darling","The River 7","The River",7:38,,DEB339659307,,,1997,,,"ECM Records",00731453117020
"Jan 30, 2024","10:30:00 PM",2024-01-30T22:30:00-0800,"01.30.2024 - Jim Causey",Music,120,173567,"Jim Causey","Jan 31, 2024","12:09:01 AM",2024-01-31T00:09:01-0800,"Benoît Pioulard","Ink Scrape","Underwritten V",5:06,,,,,,,,,
"Jan 30, 2024","10:30:00 PM",2024-01-30T22:30:00-0800,"01.30.2024 - Jim Causey",Music,120,173567,"Jim Causey","Jan 31, 2024","12:03:13 AM",2024-01-31T00:03:13-0800,"Jeff Greinke","Late Rain at the Station",Oceanic,5:48,,,,,,,,PROJEKT,
"Jan 30, 2024","10:30:00 PM",2024-01-30T22:30:00-0800,"01.30.2024 - Jim Causey",Music,120,173567,"Jim Causey","Jan 30, 2024","11:56:54 PM",2024-01-30T23:56:54-0800,"Sumner James, Robert Chamberlain, Volcano Lazerbeam & Saroon",Bathypalegic,"Dive 1: Refraction",5:19,,USCGH2440952,,L,2024,,"New collab includes percussion by Portland's Saroon","Bathysphere Records",0198015301547
"Jan 30, 2024","10:30:00 PM",2024-01-30T22:30:00-0800,"01.30.2024 - Jim Causey",Music,120,173567,"Jim Causey","Jan 30, 2024","11:49:17 PM",2024-01-30T23:49:17-0800,"Nacht Plank","Lorotheato (Moss Garden Repaint)","Psychology of Religion and Understanding Saint Catherine",7:54,,UK4761600030,,,,,,,5056052705948
"Jan 30, 2024","10:30:00 PM",2024-01-30T22:30:00-0800,"01.30.2024 - Jim Causey",Music,120,173567,"Jim Causey","Jan 30, 2024","11:42:03 PM",2024-01-30T23:42:03-0800,"Steve Roach","The Desert Winds of Change, Pt. 3","The Desert Winds of Change",7:36,,USHK92405203,,,2024,,"Steve Roach performs in Seattle on 03.15.2024 and Portland on 03.16.2024: https://steveroach.com/2023/12/07/northwest-live-dates/","MERLIN - Timeroom Editions",0617026305226
"Jan 30, 2024","10:30:00 PM",2024-01-30T22:30:00-0800,"01.30.2024 - Jim Causey",Music,120,173567,"Jim Causey","Jan 30, 2024","11:35:18 PM",2024-01-30T23:35:18-0800,"Hollan Holmes","Drawn To An Intangible Energy","Sacred Places",6:37,,USSP52444025,,,2024,,,"ORCHARD - Spotted Peccary",0600028440323
"Jan 30, 2024","10:30:00 PM",2024-01-30T22:30:00-0800,"01.30.2024 - Jim Causey",Music,120,173567,"Jim Causey","Jan 30, 2024","11:27:39 PM",2024-01-30T23:27:39-0800,"Grizzly Bear","Sleeping Ute (Nicolas Jaar Remix)","Brian Eno x Nicolas Jaar x Grizzly Bear",7:41,,GBBPW1300001,,,2013,,,"Warp Records",0801061321338
"Jan 30, 2024","10:30:00 PM",2024-01-30T22:30:00-0800,"01.30.2024 - Jim Causey",Music,120,173567,"Jim Causey","Jan 30, 2024","11:18:52 PM",2024-01-30T23:18:52-0800,"Suzanne Ciani","Session 074","A Plan for Modular Living - Electronic Sound 104",8:43,,,,,,,,"Electronic Sound Magazine",
"Jan 30, 2024","10:30:00 PM",2024-01-30T22:30:00-0800,"01.30.2024 - Jim Causey",Music,120,173567,"Jim Causey","Jan 30, 2024","11:08:13 PM",2024-01-30T23:08:13-0800,"Byron Metcalf","A Teacher Appears","Kali Raga",10:39,,USHK92430201,,,2024,,,"MERLIN - Projekt:Archive",0617026230221
"Jan 30, 2024","10:30:00 PM",2024-01-30T22:30:00-0800,"01.30.2024 - Jim Causey",Music,120,173567,"Jim Causey","Jan 30, 2024","11:05:16 PM",2024-01-30T23:05:16-0800,Naafi,Magnolia,Magnolia,2:58,,QM4TW2409607,,,2024,,,"ORCHARD - naafi",0197190864328
"Jan 30, 2024","10:30:00 PM",2024-01-30T22:30:00-0800,"01.30.2024 - Jim Causey",Music,120,173567,"Jim Causey","Jan 30, 2024","11:02:22 PM",2024-01-30T23:02:22-0800,"Conchúr White","Red House Parlour","Swirling Violets",2:55,,GBBRP2301100,,,2024,,,"Bella Union",5400863148737
"Jan 30, 2024","10:30:00 PM",2024-01-30T22:30:00-0800,"01.30.2024 - Jim Causey",Music,120,173567,"Jim Causey","Jan 30, 2024","10:58:24 PM",2024-01-30T22:58:24-0800,FUNERALHOMES,"Santa Cruz",Haunts,4:03,,QZMEM2116227,,L,2021,,,"Palmer House",0196398627711
"Jan 30, 2024","10:30:00 PM",2024-01-30T22:30:00-0800,"01.30.2024 - Jim Causey",Music,120,173567,"Jim Causey","Jan 30, 2024","10:54:49 PM",2024-01-30T22:54:49-0800,"Mt Fog","Dreams are Heavy","Guide to the Unusual",3:33,,QZHN92142169,,L,2021,,"Forest Cats Tour kicks off in March 2024, with shows in Vancouver BC, Bellingham, Everett (03.09.2024 at Black Lab Gallery), Portland, Tacoma, and Seattle (Sunset Tavern) - https://www.mtfog.com/forest-cats-tour","Save the Forest for the Trees",0196251393050
"Jan 30, 2024","10:30:00 PM",2024-01-30T22:30:00-0800,"01.30.2024 - Jim Causey",Music,120,173567,"Jim Causey","Jan 30, 2024","10:53:55 PM",2024-01-30T22:53:55-0800,"Yuri Misumi","The Wonderful Star's Walk Is Wonderful (ステキ星のさんぽはステキ)","Katamari Fortissimo Damacy",1:37,,,,,1996,,"From the original soundtrack to the amazing video game ""Katamari Damacy""",Columbia,
"Jan 30, 2024","10:30:00 PM",2024-01-30T22:30:00-0800,"01.30.2024 - Jim Causey",Music,120,173567,"Jim Causey","Jan 30, 2024","10:49:23 PM",2024-01-30T22:49:23-0800,Azymuth,"Quiet Storm","Jazz Is Dead 004",4:22,,QM9K31201498,,,2020,,,"Jazz Is Dead",4062548016925
"Jan 30, 2024","10:30:00 PM",2024-01-30T22:30:00-0800,"01.30.2024 - Jim Causey",Music,120,173567,"Jim Causey","Jan 30, 2024","10:44:52 PM",2024-01-30T22:44:52-0800,Checkfield,"Through the Lens","Through The Lens",4:35,,,,,1996,,,"American Gramaphone",3617056065685
"Jan 30, 2024","10:30:00 PM",2024-01-30T22:30:00-0800,"01.30.2024 - Jim Causey",Music,120,173567,"Jim Causey","Jan 30, 2024","10:40:27 PM",2024-01-30T22:40:27-0800,"Hello Meteor","Dusk Weather","Comfortable Loneliness",4:10,,QZFZ42224048,,L,2022,,,"Evergreen Prefecture",0196700566646
"Jan 30, 2024","10:30:00 PM",2024-01-30T22:30:00-0800,"01.30.2024 - Jim Causey",Music,120,173567,"Jim Causey","Jan 30, 2024","10:37:15 PM",2024-01-30T22:37:15-0800,"Martin Gore","Europa Hymn","Europa Hymn",3:16,,GBR8R1400089,,,2015,,,"WMG - Mute (Artist Intelligence)",0724596962350
"Jan 30, 2024","10:30:00 PM",2024-01-30T22:30:00-0800,"01.30.2024 - Jim Causey",Music,120,173567,"Jim Causey","Jan 30, 2024","10:34:05 PM",2024-01-30T22:34:05-0800,"Mini Disc","Frutiger Aero","Frutiger Aero",3:10,,,,L,2023,,,,
"Jan 30, 2024","10:30:00 PM",2024-01-30T22:30:00-0800,"01.30.2024 - Jim Causey",Music,120,173567,"Jim Causey","Jan 30, 2024","10:30:00 PM",2024-01-30T22:30:00-0800,"Corey Holms","Containment Dilation","Vestige House",6:08,,QZFZ52016259,,L,2020,,,"For all I care…",195162257154
"Jan 23, 2024","10:30:00 PM",2024-01-23T22:30:00-0800,"01.23.2024 - Jim Causey",Music,120,173567,"Jim Causey","Jan 24, 2024","12:22:05 AM",2024-01-24T00:22:05-0800,"Steve Roach","Spirals of Compassion (Live)","Waves of Now",8:55,,,,,2024,,,,
"Jan 23, 2024","10:30:00 PM",2024-01-23T22:30:00-0800,"01.23.2024 - Jim Causey",Music,120,173567,"Jim Causey","Jan 24, 2024","12:13:52 AM",2024-01-24T00:13:52-0800,"Robert Rich","Galvanic Response (Live)","Waves of Now",,,,,,2024,,,,
"Jan 23, 2024","10:30:00 PM",2024-01-23T22:30:00-0800,"01.23.2024 - Jim Causey",Music,120,173567,"Jim Causey","Jan 24, 2024","12:08:45 AM",2024-01-24T00:08:45-0800,"Hello Meteor","Device Security","Earth Journos",4:15,,QZDA52329447,,,2023,,,"Evergreen Prefecture",197631733084
"Jan 23, 2024","10:30:00 PM",2024-01-23T22:30:00-0800,"01.23.2024 - Jim Causey",Music,120,173567,"Jim Causey","Jan 24, 2024","12:02:36 AM",2024-01-24T00:02:36-0800,Extraworld,"Trireme Approach",Perihelion,7:06,,USY282310308,,,2024,,,Exosphere,198026865410
"Jan 23, 2024","10:30:00 PM",2024-01-23T22:30:00-0800,"01.23.2024 - Jim Causey",Music,120,173567,"Jim Causey","Jan 23, 2024","11:53:31 PM",2024-01-23T23:53:31-0800,"Constance Demby","Om Mani Padme Hum","Skies Above Skies",9:58,,USHM80774262,,,1988,,,"Sound Currents",015882007429
"Jan 23, 2024","10:30:00 PM",2024-01-23T22:30:00-0800,"01.23.2024 - Jim Causey",Music,120,173567,"Jim Causey","Jan 23, 2024","11:47:51 PM",2024-01-23T23:47:51-0800,Iasos,"Ulura Lagoon-S","Music for Accelerated-Consciousness Love-Making",5:20,,USHM91129921,,,2011,,,"Inter-Dimensional Music",654137701424
"Jan 23, 2024","10:30:00 PM",2024-01-23T22:30:00-0800,"01.23.2024 - Jim Causey",Music,120,173567,"Jim Causey","Jan 23, 2024","11:45:04 PM",2024-01-23T23:45:04-0800,Iasos,"Lagoon Night","Inter-Dimensional Music",1:16,,USCGJ0639909,,,1975,,,"Inter-Dimensional Music",654137700823
"Jan 23, 2024","10:30:00 PM",2024-01-23T22:30:00-0800,"01.23.2024 - Jim Causey",Music,120,173567,"Jim Causey","Jan 23, 2024","11:40:06 PM",2024-01-23T23:40:06-0800,Iasos,"Rainbow Canyon","Celestial Soul Portrait",7:03,,USHM91129919,,,2013,,,"Inter-Dimensional Music",654137701424
"Jan 23, 2024","10:30:00 PM",2024-01-23T22:30:00-0800,"01.23.2024 - Jim Causey",Music,120,173567,"Jim Causey","Jan 23, 2024","11:36:41 PM",2024-01-23T23:36:41-0800,"Bruce Mitchell",Dharma,"Hidden Pathways",3:39,,USNA18713511,,,1987,,,"UMG - Narada",00094635218350
"Jan 23, 2024","10:30:00 PM",2024-01-23T22:30:00-0800,"01.23.2024 - Jim Causey",Music,120,173567,"Jim Causey","Jan 23, 2024","11:31:11 PM",2024-01-23T23:31:11-0800,"Cool Maritime","Secret of the Megafauna","Secret of the Megafauna",5:47,,US78L2224006,,L,2022,,,"MERLIN - Western Vinyl",617308027440
"Jan 23, 2024","10:30:00 PM",2024-01-23T22:30:00-0800,"01.23.2024 - Jim Causey",Music,120,173567,"Jim Causey","Jan 23, 2024","11:28:11 PM",2024-01-23T23:28:11-0800,"Kaitlyn Aurelia Smith","Check Your Translation - Hrishikesh Hirway Remix","Check Your Translation (Hrishikesh Hirway Remix)",3:03,,US2J72202301,,L,2022,,,"MERLIN - Ghostly International",617308041439
"Jan 23, 2024","10:30:00 PM",2024-01-23T22:30:00-0800,"01.23.2024 - Jim Causey",Music,120,173567,"Jim Causey","Jan 23, 2024","11:22:37 PM",2024-01-23T23:22:37-0800,"Norm Chambers",Patternmusik,"Graphic Means (Original Soundtrack)",6:03,,,,L,2017,,,,
"Jan 23, 2024","10:30:00 PM",2024-01-23T22:30:00-0800,"01.23.2024 - Jim Causey",Music,120,173567,"Jim Causey","Jan 23, 2024","11:19:00 PM",2024-01-23T23:19:00-0800,Palancar,"Voice from the Outer World","Desert Power",4:18,,,,,2022,,,,
"Jan 23, 2024","10:30:00 PM",2024-01-23T22:30:00-0800,"01.23.2024 - Jim Causey",Music,120,173567,"Jim Causey","Jan 23, 2024","11:13:24 PM",2024-01-23T23:13:24-0800,"Hollan Holmes","Order Out Of Chaos","Order Out Of Chaos",6:06,,USSP52444022,,,2023,,,"Spotted Peccary",197190169744
"Jan 23, 2024","10:30:00 PM",2024-01-23T22:30:00-0800,"01.23.2024 - Jim Causey",Music,120,173567,"Jim Causey","Jan 23, 2024","11:10:09 PM",2024-01-23T23:10:09-0800,"FM Attack","City Lights","City Lights",3:20,,TCAGG2266214,,L,2022,,,"MERLIN - Starfield Music",5054287064397
"Jan 23, 2024","10:30:00 PM",2024-01-23T22:30:00-0800,"01.23.2024 - Jim Causey",Music,120,173567,"Jim Causey","Jan 23, 2024","11:06:50 PM",2024-01-23T23:06:50-0800,"Zak Vortex",Afterhours,"Til Death Do Us Part",3:38,,,,,2023,,,,
"Jan 23, 2024","10:30:00 PM",2024-01-23T22:30:00-0800,"01.23.2024 - Jim Causey",Music,120,173567,"Jim Causey","Jan 23, 2024","11:03:32 PM",2024-01-23T23:03:32-0800,"Hello Meteor","The Northern Rim Archipelago","Welcome To New Cascade",3:33,,QZNWT2285548,,L,2022,,,"DISTROKID - Evergreen Prefecture",197147196786
"Jan 23, 2024","10:30:00 PM",2024-01-23T22:30:00-0800,"01.23.2024 - Jim Causey",Music,120,173567,"Jim Causey","Jan 23, 2024","10:58:18 PM",2024-01-23T22:58:18-0800,"Joy Division",Transmission,"Substance 1977-1980",3:37,,GBCRL1500081,,,2010,,,Rhino,825646083282
"Jan 23, 2024","10:30:00 PM",2024-01-23T22:30:00-0800,"01.23.2024 - Jim Causey",Music,120,173567,"Jim Causey","Jan 23, 2024","10:54:24 PM",2024-01-23T22:54:24-0800,"Soft Release","Find You Later","Find You Later",4:02,,QZNWZ2386762,,L,2023,,,"Mossy Rock",197982084101
"Jan 23, 2024","10:30:00 PM",2024-01-23T22:30:00-0800,"01.23.2024 - Jim Causey",Music,120,173567,"Jim Causey","Jan 23, 2024","10:50:31 PM",2024-01-23T22:50:31-0800,"Cocteau Twins",Ivo,Treasure,3:53,,GBAFL8400057,,,1984,,,"MERLIN - 4AD",5059638069304
"Jan 23, 2024","10:30:00 PM",2024-01-23T22:30:00-0800,"01.23.2024 - Jim Causey",Music,120,173567,"Jim Causey","Jan 23, 2024","10:46:11 PM",2024-01-23T22:46:11-0800,"Tori Amos","Caught a Lite Sneeze (Remastered)","Boys for Pele (Remastered)",4:25,,USRH11604346,,,1996,,,"Rhino Atlantic",603497871858
"Jan 23, 2024","10:30:00 PM",2024-01-23T22:30:00-0800,"01.23.2024 - Jim Causey",Music,120,173567,"Jim Causey","Jan 23, 2024","10:40:20 PM",2024-01-23T22:40:20-0800,Slowdive,kisses,kisses,3:57,,USJ5G2323205,,,2023,,,"Dead Oceans",656605153261
"Jan 23, 2024","10:30:00 PM",2024-01-23T22:30:00-0800,"01.23.2024 - Jim Causey",Music,120,173567,"Jim Causey","Jan 23, 2024","10:37:01 PM",2024-01-23T22:37:01-0800,"Pure Bathing Culture",Devotion,"Night Pass",3:15,,QZDZU1800002,,L,2019,,,"Infinite Companion",192641261909
"Jan 23, 2024","10:30:00 PM",2024-01-23T22:30:00-0800,"01.23.2024 - Jim Causey",Music,120,173567,"Jim Causey","Jan 23, 2024","10:33:14 PM",2024-01-23T22:33:14-0800,"The The","Slow Emotion Replay",Dusk,3:55,,GBBBM0102251,,,2001,,,Epic,696998661721
"Jan 23, 2024","10:30:00 PM",2024-01-23T22:30:00-0800,"01.23.2024 - Jim Causey",Music,120,173567,"Jim Causey","Jan 23, 2024","10:30:00 PM",2024-01-23T22:30:00-0800,Destroyer,"Savage Night at the Opera",Kaputt,3:13,,USMRG1136903,,L,2011,,,"Merge Records",673855036922
"Jan 16, 2024","10:30:00 PM",2024-01-16T22:30:00-0800,"01.16.2024 - Jim Causey",Music,120,173567,"Jim Causey","Jan 17, 2024","12:21:52 AM",2024-01-17T00:21:52-0800,Saroon,"Mall of the Bardo / Traffic Operators on the Transmigration Highway",Gilgul,6:35,,USHM82392414,,,2023,,,"Bathysphere Records",198015301493
"Jan 16, 2024","10:30:00 PM",2024-01-16T22:30:00-0800,"01.16.2024 - Jim Causey",Music,120,173567,"Jim Causey","Jan 16, 2024","11:56:50 PM",2024-01-16T23:56:50-0800,"ONE ARC DEGREE","Time Invariance","The Forest and the Milky Way",6:59,,USHM82331993,,,2023,,,Synphaera,198025512384
"Jan 16, 2024","10:30:00 PM",2024-01-16T22:30:00-0800,"01.16.2024 - Jim Causey",Music,120,173567,"Jim Causey","Jan 16, 2024","11:33:22 PM",2024-01-16T23:33:22-0800,uh,attention,attention,7:05,,UK4UM2200080,,,2022,,,"MERLIN - PRAH Recordings",5060918152210
"Jan 16, 2024","10:30:00 PM",2024-01-16T22:30:00-0800,"01.16.2024 - Jim Causey",Music,120,173567,"Jim Causey","Jan 16, 2024","11:27:31 PM",2024-01-16T23:27:31-0800,"Venus Five","Missing Things",Tibet,1:22,,QZNWQ2093157,,,2020,,,"2506888 Records DK",195756484720
"Jan 16, 2024","10:30:00 PM",2024-01-16T22:30:00-0800,"01.16.2024 - Jim Causey",Music,120,173567,"Jim Causey","Jan 16, 2024","11:08:45 PM",2024-01-16T23:08:45-0800,m3nash,"Composure of loneliness",Declive,10:59,,GX38U2366452,,,2023,,,"Cyclical Dreams",5063341598471
"Jan 16, 2024","10:30:00 PM",2024-01-16T22:30:00-0800,"01.16.2024 - Jim Causey",Music,120,173567,"Jim Causey","Jan 16, 2024","11:07:18 PM",2024-01-16T23:07:18-0800,Jónsi,Stafafura,"Sounds of Fischer Vol. 1",4:54,,NLRD52045908,,,2022,,,INNI,8720766443676
"Jan 16, 2024","10:30:00 PM",2024-01-16T22:30:00-0800,"01.16.2024 - Jim Causey",Music,120,173567,"Jim Causey","Jan 16, 2024","11:01:55 PM",2024-01-16T23:01:55-0800,"Sin Fang","Ljósin kveikt","Ljósin kveikt",5:38,,NLRD52250397,,,2023,,,INNI,
"Jan 16, 2024","10:30:00 PM",2024-01-16T22:30:00-0800,"01.16.2024 - Jim Causey",Music,120,173567,"Jim Causey","Jan 16, 2024","10:58:07 PM",2024-01-16T22:58:07-0800,"Cavern of Anti-Matter","melody in high feedback tones","melody in high feedback tones",3:54,,GB5P51500034,,,2015,,,Duophonic,5060384610634
"Jan 16, 2024","10:30:00 PM",2024-01-16T22:30:00-0800,"01.16.2024 - Jim Causey",Music,120,173567,"Jim Causey","Jan 16, 2024","10:52:36 PM",2024-01-16T22:52:36-0800,"Pure Bathing Culture","City of MIrrors","Roxi's Dream, Pt. 1",5:22,,QM7282329433,,,2023,,,"ORCHARD - First City Artists",197189114007
"Jan 16, 2024","10:30:00 PM",2024-01-16T22:30:00-0800,"01.16.2024 - Jim Causey",Music,120,173567,"Jim Causey","Jan 16, 2024","10:43:30 PM",2024-01-16T22:43:30-0800,"Mannheim Steamroller",Toccata,"30/40 Ultimate Collection",4:36,,USAG20000301,,,2014,,,"American Gramaphone",886443753778
"Jan 16, 2024","10:30:00 PM",2024-01-16T22:30:00-0800,"01.16.2024 - Jim Causey",Music,120,173567,"Jim Causey","Jan 16, 2024","10:38:52 PM",2024-01-16T22:38:52-0800,"Doug Cameron","The Journey","Mil Amores",4:56,,USNA19014227,,,1990,,,"UMG - Narada",00076742631055
"Jan 16, 2024","10:30:00 PM",2024-01-16T22:30:00-0800,"01.16.2024 - Jim Causey",Music,120,173567,"Jim Causey","Jan 16, 2024","10:34:52 PM",2024-01-16T22:34:52-0800,Erwilian,"Fantasy & Dance (Live)","Cascadia (Live)",4:21,,USHM82327292,,,2023,,,"Wood, Wind, & Wire Productions",198025236006
"Jan 16, 2024","10:30:00 PM",2024-01-16T22:30:00-0800,"01.16.2024 - Jim Causey",Music,120,173567,"Jim Causey","Jan 16, 2024","10:32:56 PM",2024-01-16T22:32:56-0800,Erwilian,"Cascadia (Live)","Cascadia (Live)",1:56,,USHM82327291,,,2023,,,"Wood, Wind, & Wire Productions",198025236006
"Jan 9, 2024","10:30:00 PM",2024-01-09T22:30:00-0800,"01.09.2024 - Jim Causey",Music,120,173567,"Jim Causey","Jan 10, 2024","12:21:34 AM",2024-01-10T00:21:34-0800,Laraaji,"All Pervading (Glimpse)","All Pervading",2:32,,USCW62291202,,,2022,,,"MERLIN - Numero Group",825764217941
"Jan 9, 2024","10:30:00 PM",2024-01-09T22:30:00-0800,"01.09.2024 - Jim Causey",Music,120,173567,"Jim Causey","Jan 10, 2024","12:19:50 AM",2024-01-10T00:19:50-0800,Laraaji,"Koto (Glimpse)",Koto,1:48,,USCW62217910,,,2023,,,"MERLIN - Numero Group",825764117975
"Jan 9, 2024","10:30:00 PM",2024-01-09T22:30:00-0800,"01.09.2024 - Jim Causey",Music,120,173567,"Jim Causey","Jan 10, 2024","12:17:17 AM",2024-01-10T00:17:17-0800,"Robbie Elizee","SOMMA 8,9",Cull,2:48,,SE6A92096893,,,2020,,,"Robbie Elizee",0707856679496
"Jan 9, 2024","10:30:00 PM",2024-01-09T22:30:00-0800,"01.09.2024 - Jim Causey",Music,120,173567,"Jim Causey","Jan 10, 2024","12:13:38 AM",2024-01-10T00:13:38-0800,"Big Dead",Shell,Shell,4:59,,QM2PV1641824,,,2016,,,Independent,840096371727
"Jan 9, 2024","10:30:00 PM",2024-01-09T22:30:00-0800,"01.09.2024 - Jim Causey",Music,120,173567,"Jim Causey","Jan 10, 2024","12:08:38 AM",2024-01-10T00:08:38-0800,"Robert A.A. Lowe","Dix Voix","Notes Above Land",8:43,,AUAL12000476,,,2021,,,"Ariel Kalma",802307201223
"Jan 9, 2024","10:30:00 PM",2024-01-09T22:30:00-0800,"01.09.2024 - Jim Causey",Music,120,173567,"Jim Causey","Jan 10, 2024","12:02:52 AM",2024-01-10T00:02:52-0800,"Wayne Phoenix","Death is Pure Objectivity","soaring wayne phoenix story the earth and sky",1:51,,US6PQ2300054,,,2023,,,"MERLIN - RVNG Intl.",747742385421
"Jan 9, 2024","10:30:00 PM",2024-01-09T22:30:00-0800,"01.09.2024 - Jim Causey",Music,120,173567,"Jim Causey","Jan 9, 2024","11:59:59 PM",2024-01-09T23:59:59-0800,"Wayne Phoenix",Reserve,"soaring wayne phoenix story the earth",3:05,,UK8261900207,,,2020,,,"ORCHARD - Halcyon Veil",5060165485925
"Jan 9, 2024","10:30:00 PM",2024-01-09T22:30:00-0800,"01.09.2024 - Jim Causey",Music,120,173567,"Jim Causey","Jan 9, 2024","11:57:22 PM",2024-01-09T23:57:22-0800,"Wayne Phoenix","Burn False Messages","soaring wayne phoenix story the earth",2:48,,UK8261900205,,,2020,,,"ORCHARD - Halcyon Veil",5060165485925
"Jan 9, 2024","10:30:00 PM",2024-01-09T22:30:00-0800,"01.09.2024 - Jim Causey",Music,120,173567,"Jim Causey","Jan 9, 2024","11:51:02 PM",2024-01-09T23:51:02-0800,"Robbie Elizee","Smoking Wet",Cull,2:23,,SE6A92096898,,,2020,,,"Robbie Elizee",0707856679496
"Jan 9, 2024","10:30:00 PM",2024-01-09T22:30:00-0800,"01.09.2024 - Jim Causey",Music,120,173567,"Jim Causey","Jan 9, 2024","11:47:53 PM",2024-01-09T23:47:53-0800,"The Detroit Escalator Co.","Folding Space","Black Buildings",3:15,,GBEWK0100035,,,2002,,,"Peacefrog Records",5060100741406
"Jan 9, 2024","10:30:00 PM",2024-01-09T22:30:00-0800,"01.09.2024 - Jim Causey",Music,120,173567,"Jim Causey","Jan 9, 2024","11:34:49 PM",2024-01-09T23:34:49-0800,"Vic Hennegan","Through the Healing","Time Ritual",6:06,,USDY42280567,,,2022,,,"Vic Hennegan",195269166991
"Jan 9, 2024","10:30:00 PM",2024-01-09T22:30:00-0800,"01.09.2024 - Jim Causey",Music,120,173567,"Jim Causey","Jan 9, 2024","11:29:17 PM",2024-01-09T23:29:17-0800,Colloboh,"Acid Sunrise","Saana Sahel",5:37,,US25X2301286,,,2023,,,"Leaving Records",669158575442
"Jan 9, 2024","10:30:00 PM",2024-01-09T22:30:00-0800,"01.09.2024 - Jim Causey",Music,120,173567,"Jim Causey","Jan 9, 2024","11:23:37 PM",2024-01-09T23:23:37-0800,"Yves Tumor",Limerence,"Mono No Aware",5:29,,DEX261601435,,,2017,,,PAN,880918227580
"Jan 9, 2024","10:30:00 PM",2024-01-09T22:30:00-0800,"01.09.2024 - Jim Causey",Music,120,173567,"Jim Causey","Jan 9, 2024","11:21:03 PM",2024-01-09T23:21:03-0800,"The Detroit Escalator Co.","The Inverted Man (Dreaming)","Black Buildings",2:50,,GBEWK0100044,,,2002,,,"Musique Pour La Danse",5060100741406
"Jan 9, 2024","10:30:00 PM",2024-01-09T22:30:00-0800,"01.09.2024 - Jim Causey",Music,120,173567,"Jim Causey","Jan 9, 2024","11:16:38 PM",2024-01-09T23:16:38-0800,"Makaya McCraven","Crash Course","Lefto Early Bird Presents the Beauty is Inside",4:30,,GBEQT2100289,,,2022,,,"ORCHARD - BBE Music",196626018595
"Jan 9, 2024","10:30:00 PM",2024-01-09T22:30:00-0800,"01.09.2024 - Jim Causey",Music,120,173567,"Jim Causey","Jan 9, 2024","11:10:19 PM",2024-01-09T23:10:19-0800,"Alice Coltrane",Crescent,"Translinear Light",6:23,,USGR10401246,,,2004,,,Impulse!,75021037823
"Jan 9, 2024","10:30:00 PM",2024-01-09T22:30:00-0800,"01.09.2024 - Jim Causey",Music,120,173567,"Jim Causey","Jan 9, 2024","11:03:09 PM",2024-01-09T23:03:09-0800,"Lester Bowie","Rios Negroes","Selected Recordings I - VIII",7:15,,DEB338220904,,,2002,,,"Universal Music",44001419621
"Jan 9, 2024","10:30:00 PM",2024-01-09T22:30:00-0800,"01.09.2024 - Jim Causey",Music,120,173567,"Jim Causey","Jan 9, 2024","10:59:31 PM",2024-01-09T22:59:31-0800,Laraaji,"Ocean (Glimpse)",Ocean,2:47,,USCW62217903,,,2022,,,"MERLIN - Numero Group",825764117968
"Jan 9, 2024","10:30:00 PM",2024-01-09T22:30:00-0800,"01.09.2024 - Jim Causey",Music,120,173567,"Jim Causey","Jan 9, 2024","10:55:57 PM",2024-01-09T22:55:57-0800,"Dorothy Ashby","Joyful Grass and Grape","The Rubáiyát Of Dorothy Ashby",3:39,,USMC10345797,,,2020,,,"UMG - Geffen",00602508761539
"Jan 9, 2024","10:30:00 PM",2024-01-09T22:30:00-0800,"01.09.2024 - Jim Causey",Music,120,173567,"Jim Causey","Jan 9, 2024","10:49:20 PM",2024-01-09T22:49:20-0800,Kokoroko,"Ewà Inú","Could We Be More",6:41,,GBMEF2101550,,,2022,,,"WMG - Brownswood Recordings",5060180325343
"Jan 9, 2024","10:30:00 PM",2024-01-09T22:30:00-0800,"01.09.2024 - Jim Causey",Music,120,173567,"Jim Causey","Jan 9, 2024","10:44:56 PM",2024-01-09T22:44:56-0800,L'Rain,"Two Face","Two Face",4:06,,QMV8L2030910,,,2021,,,"UMG - Mexican Summer",00184923130935
"Jan 9, 2024","10:30:00 PM",2024-01-09T22:30:00-0800,"01.09.2024 - Jim Causey",Music,120,173567,"Jim Causey","Jan 9, 2024","10:38:40 PM",2024-01-09T22:38:40-0800,"Qur'an Shaheed",Thrive,"Lefto Early Bird Presents the Beauty is Inside",5:57,,GBEQT2100288,,,2022,,,"ORCHARD - BBE Music",196626018595
"Jan 9, 2024","10:30:00 PM",2024-01-09T22:30:00-0800,"01.09.2024 - Jim Causey",Music,120,173567,"Jim Causey","Jan 9, 2024","10:37:22 PM",2024-01-09T22:37:22-0800,"Marvin Valet","Breaking Promises","Breaking Promises",1:36,,QZDA82233750,,,2022,,,"DISTROKID - kcmbb records",196778622961
"Jan 9, 2024","10:30:00 PM",2024-01-09T22:30:00-0800,"01.09.2024 - Jim Causey",Music,120,173567,"Jim Causey","Jan 9, 2024","10:37:08 PM",2024-01-09T22:37:08-0800,"Flying Lotus","Between Memories","Black Gold / Between Memories",1:45,,GBBPW2100100,,,2021,,,"Warp Records",0801061348014
"Jan 9, 2024","10:30:00 PM",2024-01-09T22:30:00-0800,"01.09.2024 - Jim Causey",Music,120,173567,"Jim Causey","Jan 9, 2024","10:30:07 PM",2024-01-09T22:30:07-0800,"Fhloston Paradigm","...Glow feat. Jacqueline Constance,King Britt",After...,7:04,,USQY51752573,,,2017,,,KingBrittArchives,191515417299
"Jan 2, 2024","10:30:00 PM",2024-01-02T22:30:00-0800,"01.02.2024 - Jim Causey",Music,120,173567,"Jim Causey","Jan 3, 2024","12:24:08 AM",2024-01-03T00:24:08-0800,Orbital,"The Girl with the Sun in Her Head - Lone Remix","30 Something",8:12,,GBAAP2200029,,,2022,,,"WMG - London Music Stream",190296152856
"Jan 2, 2024","10:30:00 PM",2024-01-02T22:30:00-0800,"01.02.2024 - Jim Causey",Music,120,173567,"Jim Causey","Jan 3, 2024","12:17:23 AM",2024-01-03T00:17:23-0800,"Depeche Mode","Never Let Me Down Again - Eric Prydz Remix","Remixes 2: 81-11",7:00,,GBAJH1100006,,,2011,,,"SME - BMG Rights Management / Mute Records Ltd.",886444074742
"Jan 2, 2024","10:30:00 PM",2024-01-02T22:30:00-0800,"01.02.2024 - Jim Causey",Music,120,173567,"Jim Causey","Jan 3, 2024","12:13:14 AM",2024-01-03T00:13:14-0800,"Information Society","Peace and Love, Inc.","Peace And Love, Inc.",5:01,,USRH10720779,,,1992,,,"Rhino/Warner Bros.",603497998654
"Jan 2, 2024","10:30:00 PM",2024-01-02T22:30:00-0800,"01.02.2024 - Jim Causey",Music,120,173567,"Jim Causey","Jan 3, 2024","12:10:00 AM",2024-01-03T00:10:00-0800,Roosevelt,Everywhere,"Young Romance (Deluxe)",3:20,,GBKPL1938466,,,2019,,,"MERLIN - W Records",5054526599918
"Jan 2, 2024","10:30:00 PM",2024-01-02T22:30:00-0800,"01.02.2024 - Jim Causey",Music,120,173567,"Jim Causey","Jan 3, 2024","12:04:19 AM",2024-01-03T00:04:19-0800,"Belinda Carlisle","Heaven Is a Place on Earth (Heavenly Version)","Heaven on Earth (Remastered & Expanded Special Edition)",6:01,,GBAAA9900786,,,2013,,,Edsel,5032698678822
"Jan 2, 2024","10:30:00 PM",2024-01-02T22:30:00-0800,"01.02.2024 - Jim Causey",Music,120,173567,"Jim Causey","Jan 2, 2024","11:59:52 PM",2024-01-02T23:59:52-0800,Influx,"Revel Dub [Influx]","PULSE 01",,,,,,2022,,,"Past Inside the Present",
"Jan 2, 2024","10:30:00 PM",2024-01-02T22:30:00-0800,"01.02.2024 - Jim Causey",Music,120,173567,"Jim Causey","Jan 2, 2024","11:55:23 PM",2024-01-02T23:55:23-0800,"The Shamen","Move Any Mountian",En-Tact,3:29,,GBBFT9000001,,,1990,,,"One Little Indian Records",5016958011222
"Jan 2, 2024","10:30:00 PM",2024-01-02T22:30:00-0800,"01.02.2024 - Jim Causey",Music,120,173567,"Jim Causey","Jan 2, 2024","11:49:05 PM",2024-01-02T23:49:05-0800,"Deep Forest","While the Earth Sleeps - Long Version",Boheme,6:22,,USSM19504700,,,1996,,,"SME - Columbia",5099747862366
"Jan 2, 2024","10:30:00 PM",2024-01-02T22:30:00-0800,"01.02.2024 - Jim Causey",Music,120,173567,"Jim Causey","Jan 2, 2024","11:42:32 PM",2024-01-02T23:42:32-0800,"Holy Fuck","Free Gloss (feat. Nicholas Allbrook)",Deleter,6:26,,GBKPL1969262,,,2020,,,"Last Gang",634164963538
"Jan 2, 2024","10:30:00 PM",2024-01-02T22:30:00-0800,"01.02.2024 - Jim Causey",Music,120,173567,"Jim Causey","Jan 2, 2024","11:39:09 PM",2024-01-02T23:39:09-0800,Brothertiger,"Everybody Wants to Rule the World","Brothertiger Plays: Tears for Fears' Songs from the Big Chair",4:21,,QM4TX1760780,,,2017,,,"Reimagine Music",191018747817
"Jan 2, 2024","10:30:00 PM",2024-01-02T22:30:00-0800,"01.02.2024 - Jim Causey",Music,120,173567,"Jim Causey","Jan 2, 2024","11:29:47 PM",2024-01-02T23:29:47-0800,Khruangbin,"Time (You and I) (Put a Smile on DJ's Face Mix)","Mordechai Remixes",9:15,,USJ5G2023002,,,2021,,,"Dead Oceans",656605153063
"Jan 2, 2024","10:30:00 PM",2024-01-02T22:30:00-0800,"01.02.2024 - Jim Causey",Music,120,173567,"Jim Causey","Jan 2, 2024","11:24:08 PM",2024-01-02T23:24:08-0800,"Donna Summer","I Feel Love - 12"" Version (Excerpt)","I Remember Yesterday",8:14,,,,,1977,,,Casablanca,
"Jan 2, 2024","10:30:00 PM",2024-01-02T22:30:00-0800,"01.02.2024 - Jim Causey",Music,120,173567,"Jim Causey","Jan 2, 2024","11:16:18 PM",2024-01-02T23:16:18-0800,"Giorgio Moroder",Chase,"Midnight Express (Original Motion Picture Soundtrack)",8:26,,USPR37900070,,,1978,,,"Island Mercury",00042282420626
"Jan 2, 2024","10:30:00 PM",2024-01-02T22:30:00-0800,"01.02.2024 - Jim Causey",Music,120,173567,"Jim Causey","Jan 2, 2024","11:12:15 PM",2024-01-02T23:12:15-0800,"Holy Ghost!","Bridge & Tunnel","Bridge & Tunnel",4:17,,US4GE1300102,,,2014,,,DFA,0829732241839
"Jan 2, 2024","10:30:00 PM",2024-01-02T22:30:00-0800,"01.02.2024 - Jim Causey",Music,120,173567,"Jim Causey","Jan 2, 2024","11:08:40 PM",2024-01-02T23:08:40-0800,Mylo,"In My Arms","Destroy Rock & Roll (2005 Remaster)",3:46,,GBHFF0400007,,,2004,,,EPP,5060236632876
"Jan 2, 2024","10:30:00 PM",2024-01-02T22:30:00-0800,"01.02.2024 - Jim Causey",Music,120,173567,"Jim Causey","Jan 2, 2024","11:03:35 PM",2024-01-02T23:03:35-0800,Classixx,"Hanging Gardens","Hanging Gardens",5:24,,USD8D1313001,,,2013,,,"MERLIN - Innovative Leisure",810874020123
"Jan 2, 2024","10:30:00 PM",2024-01-02T22:30:00-0800,"01.02.2024 - Jim Causey",Music,120,173567,"Jim Causey","Jan 2, 2024","10:58:07 PM",2024-01-02T22:58:07-0800,Romare,Dreams,Home,5:36,,GBCFB2000222,,,2020,,,"MERLIN - Ninja Tune",5054429142242
"Jan 2, 2024","10:30:00 PM",2024-01-02T22:30:00-0800,"01.02.2024 - Jim Causey",Music,120,173567,"Jim Causey","Jan 2, 2024","10:54:28 PM",2024-01-02T22:54:28-0800,Garbage,"Cities in Dust","Witness to Your Love",4:21,,GB5KW2205378,,,2023,,,"BMG Rights Management (UK) Limited",4050538904710
"Jan 2, 2024","10:30:00 PM",2024-01-02T22:30:00-0800,"01.02.2024 - Jim Causey",Music,120,173567,"Jim Causey","Jan 2, 2024","10:49:13 PM",2024-01-02T22:49:13-0800,"Drab Majesty","Dot in the Sky","The Demonstration",5:26,,QMBZ91673224,,,2017,,,"Dais Records",646263945490
"Jan 2, 2024","10:30:00 PM",2024-01-02T22:30:00-0800,"01.02.2024 - Jim Causey",Music,120,173567,"Jim Causey","Jan 2, 2024","10:48:27 PM",2024-01-02T22:48:27-0800,"Drab Majesty",Induction,"The Demonstration",0:59,,QMBZ91673223,,,2017,,,"Dais Records",191018390570
"Jan 2, 2024","10:30:00 PM",2024-01-02T22:30:00-0800,"01.02.2024 - Jim Causey",Music,120,173567,"Jim Causey","Jan 2, 2024","10:42:40 PM",2024-01-02T22:42:40-0800,"Nation of Language","Across That Fine Line","Across That Fine Line",5:25,,USLZJ2178507,,,2021,,,"Nation Of Language",192650902343
"Jan 2, 2024","10:30:00 PM",2024-01-02T22:30:00-0800,"01.02.2024 - Jim Causey",Music,120,173567,"Jim Causey","Jan 2, 2024","10:38:50 PM",2024-01-02T22:38:50-0800,"New Order","Dreams Never End (2019 Remaster)","Movement (Definitive) [2019 Remaster]",3:15,,GBAHT1900225,,,1981,,,Rhino,190295449360
"Jan 2, 2024","10:30:00 PM",2024-01-02T22:30:00-0800,"01.02.2024 - Jim Causey",Music,120,173567,"Jim Causey","Jan 2, 2024","10:32:55 PM",2024-01-02T22:32:55-0800,"The Cure","A Forest - Tree Mix [Remastered]","Mixed Up (Deluxe Edition)",6:55,,GBUM71705699,,,2018,,,"UMG - UMC (Universal Music Catalogue)",00602567099758
"Jan 2, 2024","10:30:00 PM",2024-01-02T22:30:00-0800,"01.02.2024 - Jim Causey",Music,120,173567,"Jim Causey","Jan 2, 2024","10:30:00 PM",2024-01-02T22:30:00-0800,Lusine,"Cut and Cover","Long Light",4:59,,US2J72302708,,L,2023,,,"MERLIN - Ghostly International",
"Dec 26, 2023","10:30:00 PM",2023-12-26T22:30:00-0800,"12.26.2023 - Jim Causey",Music,120,173567,"Jim Causey","Dec 27, 2023","12:28:06 AM",2023-12-27T00:28:06-0800,"Laurel Halo","Naked to the Light",Atlas,4:19,,DEG932301495,,,2023,,,Awe,4062548065206
"Dec 26, 2023","10:30:00 PM",2023-12-26T22:30:00-0800,"12.26.2023 - Jim Causey",Music,120,173567,"Jim Causey","Dec 27, 2023","12:21:50 AM",2023-12-27T00:21:50-0800,"Siren and the Sea","Gravity Wave","Gravity Wave - EP",5:30,,USDY42320922,,,2023,,,"Bathysphere Records",198015967583
"Dec 26, 2023","10:30:00 PM",2023-12-26T22:30:00-0800,"12.26.2023 - Jim Causey",Music,120,173567,"Jim Causey","Dec 27, 2023","12:11:49 AM",2023-12-27T00:11:49-0800,"Thom Brennan","Argo Pt. 3",Argo,10:00,,USX9P2319475,,L,2023,,,"Thom Brennan",198026556844
"Dec 26, 2023","10:30:00 PM",2023-12-26T22:30:00-0800,"12.26.2023 - Jim Causey",Music,120,173567,"Jim Causey","Dec 27, 2023","12:05:26 AM",2023-12-27T00:05:26-0800,"Ian Boddy","Memory Lane","Berlin: A Tribute Album for Mark Shreeve",5:33,,,,,2023,,,,
"Dec 26, 2023","10:30:00 PM",2023-12-26T22:30:00-0800,"12.26.2023 - Jim Causey",Music,120,173567,"Jim Causey","Dec 26, 2023","11:56:40 PM",2023-12-26T23:56:40-0800,"Pabellón Sintético","Open Spaces","Mies Dreams Live Session",8:46,,,,,2023,,,"Cyclical Dreams",
"Dec 26, 2023","10:30:00 PM",2023-12-26T22:30:00-0800,"12.26.2023 - Jim Causey",Music,120,173567,"Jim Causey","Dec 26, 2023","11:43:38 PM",2023-12-26T23:43:38-0800,"The British Stereo Collective","Lost in Aqua","Sailing 1975",13:02,,,,,2023,,,"Castles in Space",
"Dec 26, 2023","10:30:00 PM",2023-12-26T22:30:00-0800,"12.26.2023 - Jim Causey",Music,120,173567,"Jim Causey","Dec 26, 2023","11:39:35 PM",2023-12-26T23:39:35-0800,"North Americans","The Living End","Long Cool World",4:03,,US3JJ2200873,,,2023,,,"ORCHARD - Third Man Records",810074422338
"Dec 26, 2023","10:30:00 PM",2023-12-26T22:30:00-0800,"12.26.2023 - Jim Causey",Music,120,173567,"Jim Causey","Dec 26, 2023","11:34:36 PM",2023-12-26T23:34:36-0800,"Matthew Halsall","Natural Movement","An Ever Changing View",5:09,,GBVTB2362009,,,2023,,,"MERLIN - Gondwana Records",5050580798137
"Dec 26, 2023","10:30:00 PM",2023-12-26T22:30:00-0800,"12.26.2023 - Jim Causey",Music,120,173567,"Jim Causey","Dec 26, 2023","11:33:09 PM",2023-12-26T23:33:09-0800,"Matthew Halsall","Sunlight Reflection","An Ever Changing View",1:23,,GBVTB2362008,,,2023,,,"MERLIN - Gondwana Records",5050580798137
"Dec 26, 2023","10:30:00 PM",2023-12-26T22:30:00-0800,"12.26.2023 - Jim Causey",Music,120,173567,"Jim Causey","Dec 26, 2023","11:22:17 PM",2023-12-26T23:22:17-0800,"Lisa Bella Donna",Rahmenerzählung,"Portals: A Kosmische Journey Through Outer Worlds and Inner Space",10:49,,US25X2002406,,,2020,,,"Behind The Sky Music",669158548224
"Dec 26, 2023","10:30:00 PM",2023-12-26T22:30:00-0800,"12.26.2023 - Jim Causey",Music,120,173567,"Jim Causey","Dec 26, 2023","11:10:26 PM",2023-12-26T23:10:26-0800,"Radio Massacre International","The Clockwork Time Dragon (Album)","Time & Motion",13:29,,US9351029802,,,2010,,,Cuneiform,045775029863
"Dec 26, 2023","10:30:00 PM",2023-12-26T22:30:00-0800,"12.26.2023 - Jim Causey",Music,120,173567,"Jim Causey","Dec 26, 2023","11:01:50 PM",2023-12-26T23:01:50-0800,Panabrite,"Cortex Meridian","Cortex Meridian",8:25,,USQY51393250,,L,2013,,,"Constellation Tatsu",887158455414
"Dec 26, 2023","10:30:00 PM",2023-12-26T22:30:00-0800,"12.26.2023 - Jim Causey",Music,120,173567,"Jim Causey","Dec 26, 2023","10:57:23 PM",2023-12-26T22:57:23-0800,"MiDi BiTCH","Marmalade Skies","Sonic Fiction",4:48,,GXBDS2340771,,,2023,,,"Cyclical Dreams",5063341741501
"Dec 26, 2023","10:30:00 PM",2023-12-26T22:30:00-0800,"12.26.2023 - Jim Causey",Music,120,173567,"Jim Causey","Dec 26, 2023","10:46:22 PM",2023-12-26T22:46:22-0800,"Erik Wøllo","Cloud of Strings","Cloud of Strings",3:52,,USHK92341104,,,2023,,,"MERLIN - Projekt",617026041124
"Dec 26, 2023","10:30:00 PM",2023-12-26T22:30:00-0800,"12.26.2023 - Jim Causey",Music,120,173567,"Jim Causey","Dec 26, 2023","10:42:00 PM",2023-12-26T22:42:00-0800,"Jeff Pierce","Serenity Fields","The Road Ahead",4:20,,,,,2023,,,"Jeff Pierce Music",
"Dec 26, 2023","10:30:00 PM",2023-12-26T22:30:00-0800,"12.26.2023 - Jim Causey",Music,120,173567,"Jim Causey","Dec 26, 2023","10:37:39 PM",2023-12-26T22:37:39-0800,"Hello Meteor","Eso Waypoints","Earth Journos",3:46,,QZDA52329445,,,2023,,,DISTROKID,197631733084
"Dec 26, 2023","10:30:00 PM",2023-12-26T22:30:00-0800,"12.26.2023 - Jim Causey",Music,120,173567,"Jim Causey","Dec 26, 2023","10:30:00 PM",2023-12-26T22:30:00-0800,"Little H Collective","Avalanche Pass (radio edit)","Avalanche Pass",7:38,,,,L,2023,,,,
"Dec 19, 2023","10:30:00 PM",2023-12-19T22:30:00-0800,"12.19.2023 - Jim Causey",Music,120,173567,"Jim Causey","Dec 20, 2023","12:28:28 AM",2023-12-20T00:28:28-0800,SUSS,"Winter Was Hard, Reprise",SUSS,1:40,,USWEX2200133,,,2023,,,"MERLIN - Northern Spy Records",634457119963
"Dec 19, 2023","10:30:00 PM",2023-12-19T22:30:00-0800,"12.19.2023 - Jim Causey",Music,120,173567,"Jim Causey","Dec 20, 2023","12:26:10 AM",2023-12-20T00:26:10-0800,Fischersund,"Heims Um Ból Re-Imagined","Sounds of Christmas",3:00,,NLRD52349180,,,2023,,,INNI,8721056225859
"Dec 19, 2023","10:30:00 PM",2023-12-19T22:30:00-0800,"12.19.2023 - Jim Causey",Music,120,173567,"Jim Causey","Dec 20, 2023","12:23:20 AM",2023-12-20T00:23:20-0800,"Carbon In Prose","The Cold Sea","Salt Water Blood",3:37,,QMBZ92388543,,,2023,,,"Dragon's Eye Recordings",197189540981
"Dec 19, 2023","10:30:00 PM",2023-12-19T22:30:00-0800,"12.19.2023 - Jim Causey",Music,120,173567,"Jim Causey","Dec 20, 2023","12:18:00 AM",2023-12-20T00:18:00-0800,"Benoît Pioulard","The accident of nature","Underwritten IV",4:55,,,,,2023,,,"Independent Artist",
"Dec 19, 2023","10:30:00 PM",2023-12-19T22:30:00-0800,"12.19.2023 - Jim Causey",Music,120,173567,"Jim Causey","Dec 20, 2023","12:12:17 AM",2023-12-20T00:12:17-0800,"Mount Shrine","Moon's Distrust","Winter Restlessness",5:43,,USHM21837150,,,2018,,,"Cryo Chamber",666449012594
"Dec 19, 2023","10:30:00 PM",2023-12-19T22:30:00-0800,"12.19.2023 - Jim Causey",Music,120,173567,"Jim Causey","Dec 20, 2023","12:09:03 AM",2023-12-20T00:09:03-0800,"Sin Fang/Kjartan Holm/Fischersund","In The Bleak Midwinter Re-Imagined","Sounds of Christmas",3:29,,NLRD52349182,,,2023,,,INNI,8721056225859
"Dec 19, 2023","10:30:00 PM",2023-12-19T22:30:00-0800,"12.19.2023 - Jim Causey",Music,120,173567,"Jim Causey","Dec 20, 2023","12:03:27 AM",2023-12-20T00:03:27-0800,"Luke Wyland","Pendulum (Live)","Winter Solstice (Live at UCC)",4:08,,USL4R2221138,,L,2022,,,"Luke Wyland",198015234586
"Dec 19, 2023","10:30:00 PM",2023-12-19T22:30:00-0800,"12.19.2023 - Jim Causey",Music,120,173567,"Jim Causey","Dec 20, 2023","12:00:20 AM",2023-12-20T00:00:20-0800,SUSS,"Winter Was Hard",Suss,1:43,,USWEX2200139,,,2023,,,"Northern Spy Records",634457119352
"Dec 19, 2023","10:30:00 PM",2023-12-19T22:30:00-0800,"12.19.2023 - Jim Causey",Music,120,173567,"Jim Causey","Dec 19, 2023","11:53:20 PM",2023-12-19T23:53:20-0800,"Steve Roach","Kingfisher Flight.","Halcyon Days",7:00,,USAKS0600393,,,1996,,,"Hearts of Space Records",025041107228
"Dec 19, 2023","10:30:00 PM",2023-12-19T22:30:00-0800,"12.19.2023 - Jim Causey",Music,120,173567,"Jim Causey","Dec 19, 2023","11:46:51 PM",2023-12-19T23:46:51-0800,"Dreamstate Logic","Transmissions From Alcyone",Starbound,7:36,,QZES62374551,,L,2023,,,"Dreamstate Logic",197630270443
"Dec 19, 2023","10:30:00 PM",2023-12-19T22:30:00-0800,"12.19.2023 - Jim Causey",Music,120,173567,"Jim Causey","Dec 19, 2023","11:43:45 PM",2023-12-19T23:43:45-0800,"Paul Ellis","Blue Ice","Music For The Space Between Atoms",3:14,,GX8LE2350828,,L,2023,,,"Cyclical Dreams",5063292750560
"Dec 19, 2023","10:30:00 PM",2023-12-19T22:30:00-0800,"12.19.2023 - Jim Causey",Music,120,173567,"Jim Causey","Dec 19, 2023","11:35:47 PM",2023-12-19T23:35:47-0800,"Michael Stearns","Corridors of Time - 2022 Remaster, Film Printmaster Stereo Fold-down","Chronos (2022 Remaster, Film Printmaster Stereo Fold-down)",7:43,,USHK92225801,,,1985,,,Projekt:Archive,617026225821
"Dec 19, 2023","10:30:00 PM",2023-12-19T22:30:00-0800,"12.19.2023 - Jim Causey",Music,120,173567,"Jim Causey","Dec 19, 2023","11:33:24 PM",2023-12-19T23:33:24-0800,"Ryuichi Sakamoto","MERRY CHRISTMAS MR. LAWRENCE - ELECTRIC YOUTH REMODEL","A Tribute to Ryuichi Sakamoto - To the Moon and Back",5:10,,USA6D2200012,,,2022,,,commmons,4582635845592
"Dec 19, 2023","10:30:00 PM",2023-12-19T22:30:00-0800,"12.19.2023 - Jim Causey",Music,120,173567,"Jim Causey","Dec 19, 2023","11:28:32 PM",2023-12-19T23:28:32-0800,Low,"Little Drummer Boy",Christmas,4:52,,USI4R0401464,,,2000,,,"ORCHARD - kranky",887396827530
"Dec 19, 2023","10:30:00 PM",2023-12-19T22:30:00-0800,"12.19.2023 - Jim Causey",Music,120,173567,"Jim Causey","Dec 19, 2023","11:24:35 PM",2023-12-19T23:24:35-0800,"David Arkenstone","Darkening Skies","Darkening Skies",3:55,,QM3DF2264254,,,2023,,,"QDV Music",197644887187
"Dec 19, 2023","10:30:00 PM",2023-12-19T22:30:00-0800,"12.19.2023 - Jim Causey",Music,120,173567,"Jim Causey","Dec 19, 2023","11:22:55 PM",2023-12-19T23:22:55-0800,"Jose 'Juicy' Gonzales Trio","O Tannenbaum","Linus and Juicy",5:53,,USQY51616241,,L,2016,,,"Independent Artist",805550112926
"Dec 19, 2023","10:30:00 PM",2023-12-19T22:30:00-0800,"12.19.2023 - Jim Causey",Music,120,173567,"Jim Causey","Dec 19, 2023","11:18:10 PM",2023-12-19T23:18:10-0800,"Ralph Towner, Jan Garbarek, Eberhard Weber, Jon Christensen","Winter Solstice",Solstice,4:02,,DEB337406005,,,1975,,,"ECM Records",00602547809209
"Dec 19, 2023","10:30:00 PM",2023-12-19T22:30:00-0800,"12.19.2023 - Jim Causey",Music,120,173567,"Jim Causey","Dec 19, 2023","11:07:19 PM",2023-12-19T23:07:19-0800,Erwilian,Whiteout,Advent,5:36,,USHM21913573,,L,2019,,,"Wood, Wind, & Wire",191924663713
"Dec 19, 2023","10:30:00 PM",2023-12-19T22:30:00-0800,"12.19.2023 - Jim Causey",Music,120,173567,"Jim Causey","Dec 19, 2023","11:02:10 PM",2023-12-19T23:02:10-0800,Friedemann,"The Man From Caesarea",Aquamarin,6:00,,DEA699043110,,,1990,,,Biber,4003037664319
"Dec 19, 2023","10:30:00 PM",2023-12-19T22:30:00-0800,"12.19.2023 - Jim Causey",Music,120,173567,"Jim Causey","Dec 19, 2023","10:58:04 PM",2023-12-19T22:58:04-0800,Clannad,"Newgrange (2003 - Remaster)","Magical Ring (2003 - Remaster)",4:06,,GBARL0300398,,,2003,,,"BMG Rights Management (UK) Ltd.",0859381166009
"Dec 19, 2023","10:30:00 PM",2023-12-19T22:30:00-0800,"12.19.2023 - Jim Causey",Music,120,173567,"Jim Causey","Dec 19, 2023","10:54:38 PM",2023-12-19T22:54:38-0800,Khruangbin,"Christmas Time Is Here","Christmas Time Is Here b/w Christmas Time Is Here (Version Mary)",3:26,,USJ5G1818401,,,2018,,,"Dead Oceans/ Night Time Stories",656605148441
"Dec 19, 2023","10:30:00 PM",2023-12-19T22:30:00-0800,"12.19.2023 - Jim Causey",Music,120,173567,"Jim Causey","Dec 19, 2023","10:47:13 PM",2023-12-19T22:47:13-0800,"Sally Shapiro",Holiday,"Italians Do It Better",5:04,,QZAKB2130833,,,2021,,,"Italians Do It Better",840167590439
"Dec 19, 2023","10:30:00 PM",2023-12-19T22:30:00-0800,"12.19.2023 - Jim Causey",Music,120,173567,"Jim Causey","Dec 19, 2023","10:44:51 PM",2023-12-19T22:44:51-0800,"Cocteau Twins","Frosty The Snowman","Lullabies To Violaine - Volume 2",2:55,,GBF089390217,,,2007,,,"Soleil Après Minuit",
"Dec 19, 2023","10:30:00 PM",2023-12-19T22:30:00-0800,"12.19.2023 - Jim Causey",Music,120,173567,"Jim Causey","Dec 19, 2023","10:40:11 PM",2023-12-19T22:40:11-0800,"Future Islands","Last Christmas","Last Christmas - Single",4:40,,GBAFL2200299,,,2022,,,4AD,191400054677
"Dec 19, 2023","10:30:00 PM",2023-12-19T22:30:00-0800,"12.19.2023 - Jim Causey",Music,120,173567,"Jim Causey","Dec 19, 2023","10:37:01 PM",2023-12-19T22:37:01-0800,"Caroline Polachek","So Cold You're Hurting My Feelings","Pop Caroler's Songbook",3:10,,,,,2020,,,"PC Music",
"Dec 19, 2023","10:30:00 PM",2023-12-19T22:30:00-0800,"12.19.2023 - Jim Causey",Music,120,173567,"Jim Causey","Dec 19, 2023","10:34:02 PM",2023-12-19T22:34:02-0800,"Pure Bathing Culture","2000 Miles","2000 Miles",3:39,,QMFME2266520,,L,2022,,,"ORCHARD - FCA",197187693450
"Dec 19, 2023","10:30:00 PM",2023-12-19T22:30:00-0800,"12.19.2023 - Jim Causey",Music,120,173567,"Jim Causey","Dec 19, 2023","10:30:00 PM",2023-12-19T22:30:00-0800,"Fleet Foxes","Can I Believe You (Solstice Version)","A Very Lonely Solstice",4:00,,USEP42107015,,L,2021,,,Anti/Epitaph,0045778790265
"Dec 12, 2023","10:30:00 PM",2023-12-12T22:30:00-0800,"12.12.2023 - Jim Causey",Music,120,173567,"Jim Causey","Dec 13, 2023","12:28:17 AM",2023-12-13T00:28:17-0800,"Hotel Pools","Metro 地​下​鉄","Evenings 夕​暮​れ Vol. 1",1:42,,QZNWY2321750,,L,2023,,,"Wild Nature / Stratford Ct. / SlyVinyl",197982972170
"Dec 12, 2023","10:30:00 PM",2023-12-12T22:30:00-0800,"12.12.2023 - Jim Causey",Music,120,173567,"Jim Causey","Dec 13, 2023","12:23:07 AM",2023-12-13T00:23:07-0800,"Mount Maxwell","Sky Eye","Sky Eye",5:10,,CA0WS2317803,,,2023,,,"MERLIN - We Are Busy Bodies",634457155558
"Dec 12, 2023","10:30:00 PM",2023-12-12T22:30:00-0800,"12.12.2023 - Jim Causey",Music,120,173567,"Jim Causey","Dec 13, 2023","12:19:29 AM",2023-12-13T00:19:29-0800,"David Arkenstone","Darkening Skies","Darkening Skies",3:55,,QM3DF2264254,,,2023,,,"QDV Music",197644887187
"Dec 12, 2023","10:30:00 PM",2023-12-12T22:30:00-0800,"12.12.2023 - Jim Causey",Music,120,173567,"Jim Causey","Dec 13, 2023","12:13:20 AM",2023-12-13T00:13:20-0800,Makushin,"No More Rush Hour","Move into the Luminous",5:12,,UKXNZ2300118,,,2023,,,"Blackford Hill",5050580813052
"Dec 12, 2023","10:30:00 PM",2023-12-12T22:30:00-0800,"12.12.2023 - Jim Causey",Music,120,173567,"Jim Causey","Dec 13, 2023","12:06:15 AM",2023-12-13T00:06:15-0800,Erwilian,"Masters in This Hall (Live)","Cascadia (Live)",5:14,,USHM82327299,,L,2023,,,"Wood, Wind, & Wire Productions",
"Dec 12, 2023","10:30:00 PM",2023-12-12T22:30:00-0800,"12.12.2023 - Jim Causey",Music,120,173567,"Jim Causey","Dec 12, 2023","11:59:46 PM",2023-12-12T23:59:46-0800,"Terminus Void","Flow of Order",APEIRON,6:29,,,,L,2023,,,"Groove Unlimited",
"Dec 12, 2023","10:30:00 PM",2023-12-12T22:30:00-0800,"12.12.2023 - Jim Causey",Music,120,173567,"Jim Causey","Dec 12, 2023","11:51:14 PM",2023-12-12T23:51:14-0800,"Volcano Lazerbeam","At Sea",Union,8:32,,USX9P2308158,,,2023,,,"Bathysphere Records",198015301530
"Dec 12, 2023","10:30:00 PM",2023-12-12T22:30:00-0800,"12.12.2023 - Jim Causey",Music,120,173567,"Jim Causey","Dec 12, 2023","11:48:19 PM",2023-12-12T23:48:19-0800,"Omni Gardens","Rain Jacket","Golden Pear",2:55,,,,,2023,,,"Moon Glyph",
"Dec 12, 2023","10:30:00 PM",2023-12-12T22:30:00-0800,"12.12.2023 - Jim Causey",Music,120,173567,"Jim Causey","Dec 12, 2023","11:41:17 PM",2023-12-12T23:41:17-0800,AeTopus,Sundial,Cup,5:23,,USSP52347010,,,2023,,,"ORCHARD - Spotted Peccary",600028470122
"Dec 12, 2023","10:30:00 PM",2023-12-12T22:30:00-0800,"12.12.2023 - Jim Causey",Music,120,173567,"Jim Causey","Dec 12, 2023","11:32:34 PM",2023-12-12T23:32:34-0800,"Dreamstate Logic","Lost But Not Forgotten","Latent Images and Distant Dreams",9:22,,QZTB42378439,,,2023,,,"Dreamstate Logic",853515412383
"Dec 12, 2023","10:30:00 PM",2023-12-12T22:30:00-0800,"12.12.2023 - Jim Causey",Music,120,173567,"Jim Causey","Dec 12, 2023","11:29:31 PM",2023-12-12T23:29:31-0800,"Brendan Pollard","Steel Blue Sphere","The Zone of Malleable Fears",3:33,,,,,2023,,https://brendanpollard.bandcamp.com/album/the-zone-of-malleable-fears,,
"Dec 12, 2023","10:30:00 PM",2023-12-12T22:30:00-0800,"12.12.2023 - Jim Causey",Music,120,173567,"Jim Causey","Dec 12, 2023","11:21:25 PM",2023-12-12T23:21:25-0800,"Pabellón Sintético",Bauhaus,"Mies van der Rohe's dreams",8:06,,GX38U2385477,,,2023,,,"Cyclical Dreams",5063292622003
"Dec 12, 2023","10:30:00 PM",2023-12-12T22:30:00-0800,"12.12.2023 - Jim Causey",Music,120,173567,"Jim Causey","Dec 12, 2023","11:17:00 PM",2023-12-12T23:17:00-0800,Saloli,Waterfall,Canyon,5:04,,USNCB2323801,,L,2023,,,kranky,796441823826
"Dec 12, 2023","10:30:00 PM",2023-12-12T22:30:00-0800,"12.12.2023 - Jim Causey",Music,120,173567,"Jim Causey","Dec 12, 2023","11:13:59 PM",2023-12-12T23:13:59-0800,"Hello Meteor","Earth Journos","Earth Journos",3:01,,QZDA52329453,,,2023,,,DISTROKID,197631733084
"Dec 12, 2023","10:30:00 PM",2023-12-12T22:30:00-0800,"12.12.2023 - Jim Causey",Music,120,173567,"Jim Causey","Dec 12, 2023","11:09:17 PM",2023-12-12T23:09:17-0800,"NCY Milky Band","Aphex Twin","Our Gurus 2",3:57,,FR8KQ2300320,,,2023,,,"BMM Records",3617225211387
"Dec 12, 2023","10:30:00 PM",2023-12-12T22:30:00-0800,"12.12.2023 - Jim Causey",Music,120,173567,"Jim Causey","Dec 12, 2023","11:07:22 PM",2023-12-12T23:07:22-0800,"Crumb & Melody's Echo Chamber","Le Temple Volant","Le Temple Volant - Single",2:06,,QMB622300434,,,2023,,,"Crumb Records",617308061659
"Dec 12, 2023","10:30:00 PM",2023-12-12T22:30:00-0800,"12.12.2023 - Jim Causey",Music,120,173567,"Jim Causey","Dec 12, 2023","11:03:35 PM",2023-12-12T23:03:35-0800,"Pure Bathing Culture","The Memento","The Memento",3:54,,QMBZ92393942,,,2023,,,"ORCHARD - First City Artists",197189563348
"Dec 12, 2023","10:30:00 PM",2023-12-12T22:30:00-0800,"12.12.2023 - Jim Causey",Music,120,173567,"Jim Causey","Dec 12, 2023","10:57:16 PM",2023-12-12T22:57:16-0800,"King Gizzard & The Lizard Wizard","The Silver Cord","The Silver Cord",4:20,,AU2ZC2300179,,,2023,,,"KGLW (King Gizzard & the Lizard Wizard)",00842812196010
"Dec 12, 2023","10:30:00 PM",2023-12-12T22:30:00-0800,"12.12.2023 - Jim Causey",Music,120,173567,"Jim Causey","Dec 12, 2023","10:53:36 PM",2023-12-12T22:53:36-0800,"Altin Gün","Rakıya Su Katamam",Aşk,3:40,,DETP62200176,,,2023,,,"ATO Records",00880882565152
"Dec 12, 2023","10:30:00 PM",2023-12-12T22:30:00-0800,"12.12.2023 - Jim Causey",Music,120,173567,"Jim Causey","Dec 12, 2023","10:49:30 PM",2023-12-12T22:49:30-0800,"Echo of the Low Light",Disco,Disco,4:16,,QZWFF2341396,,L,2023,,,DISTROKID,840080910581
"Dec 12, 2023","10:30:00 PM",2023-12-12T22:30:00-0800,"12.12.2023 - Jim Causey",Music,120,173567,"Jim Causey","Dec 12, 2023","10:43:28 PM",2023-12-12T22:43:28-0800,Hibou,"Night Fell","Night Fell",4:41,,QZTAW2210542,,,2022,,,DISTROKID,197272667274
"Dec 12, 2023","10:30:00 PM",2023-12-12T22:30:00-0800,"12.12.2023 - Jim Causey",Music,120,173567,"Jim Causey","Dec 12, 2023","10:39:56 PM",2023-12-12T22:39:56-0800,"Future Islands","The Tower","The Tower",3:36,,GBAFL2300357,,,2023,,,"MERLIN - 4AD",5059638422994
"Dec 12, 2023","10:30:00 PM",2023-12-12T22:30:00-0800,"12.12.2023 - Jim Causey",Music,120,173567,"Jim Causey","Dec 12, 2023","10:34:38 PM",2023-12-12T22:34:38-0800,NAVVI,Clemency,Clemency,5:28,,GBHLW2300285,,L,2023,,,"Hush Hush",5056321686480
"Dec 12, 2023","10:30:00 PM",2023-12-12T22:30:00-0800,"12.12.2023 - Jim Causey",Music,120,173567,"Jim Causey","Dec 12, 2023","10:30:00 PM",2023-12-12T22:30:00-0800,"FM Attack",Timeless,Cosmic,3:57,,TCAGX2352130,,L,2023,,,"Starfield Music",859774430670
"Dec 5, 2023","10:30:00 PM",2023-12-05T22:30:00-0800,"12.05.2023 - Jim Causey",Music,120,173567,"Jim Causey","Dec 6, 2023","12:20:00 AM",2023-12-06T00:20:00-0800,"Steve Roach","Reflections in Suspension","Structures From Silence (30th Anniversary Deluxe Remastered Edition)",16:46,,USHK91430201,,,2014,,,Projekt,617026030227
"Dec 5, 2023","10:30:00 PM",2023-12-05T22:30:00-0800,"12.05.2023 - Jim Causey",Music,120,173567,"Jim Causey","Dec 6, 2023","12:03:58 AM",2023-12-06T00:03:58-0800,"Ken Martin","A Diminished Fantasy 2",Cydonia,16:33,,GX5MX2306571,,,2023,,,"Cyclical Dreams",5063381875259
"Dec 5, 2023","10:30:00 PM",2023-12-05T22:30:00-0800,"12.05.2023 - Jim Causey",Music,120,173567,"Jim Causey","Dec 5, 2023","11:56:49 PM",2023-12-05T23:56:49-0800,"Frore & Shane Morris","Hidden Meaning",Ochre,7:09,,USSP52391024,,,2023,,,"Spotted Peccary",600028910628
"Dec 5, 2023","10:30:00 PM",2023-12-05T22:30:00-0800,"12.05.2023 - Jim Causey",Music,120,173567,"Jim Causey","Dec 5, 2023","11:53:10 PM",2023-12-05T23:53:10-0800,"Tara Clerkin Trio","The Turning Ground","On The Turning Ground - EP",4:26,,QMBZ92367750,,,2023,,,"World of Echo",197189432682
"Dec 5, 2023","10:30:00 PM",2023-12-05T22:30:00-0800,"12.05.2023 - Jim Causey",Music,120,173567,"Jim Causey","Dec 5, 2023","11:48:29 PM",2023-12-05T23:48:29-0800,Makushin,"More Easily","More Easily",4:41,,UKXNZ2300113,,,2023,,,"Blackford Hill",5050580812284
"Dec 5, 2023","10:30:00 PM",2023-12-05T22:30:00-0800,"12.05.2023 - Jim Causey",Music,120,173567,"Jim Causey","Dec 5, 2023","11:42:49 PM",2023-12-05T23:42:49-0800,Loscil,Anthropocene,"Monument Builders",4:40,,USNCB1620406,,,2016,,,kranky,191018180829
"Dec 5, 2023","10:30:00 PM",2023-12-05T22:30:00-0800,"12.05.2023 - Jim Causey",Music,120,173567,"Jim Causey","Dec 5, 2023","11:39:01 PM",2023-12-05T23:39:01-0800,"The British Stereo Collective",Overture,"Tomorrow, The Stars",2:48,,,,,2022,,,"Castles in Space",
"Dec 5, 2023","10:30:00 PM",2023-12-05T22:30:00-0800,"12.05.2023 - Jim Causey",Music,120,173567,"Jim Causey","Dec 5, 2023","11:29:38 PM",2023-12-05T23:29:38-0800,"Ancient Astronaut","Cosmic Trails","Cosmic Trails",9:31,,USX9P2308584,,,2023,,,Synphaera,198026480712
"Dec 5, 2023","10:30:00 PM",2023-12-05T22:30:00-0800,"12.05.2023 - Jim Causey",Music,120,173567,"Jim Causey","Dec 5, 2023","11:23:26 PM",2023-12-05T23:23:26-0800,"Volcano Lazerbeam",Horizon,Union,6:12,,USX9P2308157,,,2023,,,"Bathysphere Records",198015301530
"Dec 5, 2023","10:30:00 PM",2023-12-05T22:30:00-0800,"12.05.2023 - Jim Causey",Music,120,173567,"Jim Causey","Dec 5, 2023","11:19:34 PM",2023-12-05T23:19:34-0800,"Hello Meteor","Synonyms For Waves","Community Broadcasting: Winter Office Hours",2:54,,QZWFE2305505,,L,2023,,,DISTROKID,853515194906
"Dec 5, 2023","10:30:00 PM",2023-12-05T22:30:00-0800,"12.05.2023 - Jim Causey",Music,120,173567,"Jim Causey","Dec 5, 2023","11:05:09 PM",2023-12-05T23:05:09-0800,"Pure Bathing Culture","The River","The River",4:47,,QMBZ92393940,,L,2023,,,"ORCHARD - First City Artists",197189563348
"Dec 5, 2023","10:30:00 PM",2023-12-05T22:30:00-0800,"12.05.2023 - Jim Causey",Music,120,173567,"Jim Causey","Dec 5, 2023","11:00:26 PM",2023-12-05T23:00:26-0800,"One Dove","White Love - Radio Mix","Morning Dove White",4:40,,GBAAP9300689,,,1993,,,"London Records",685738325665
"Dec 5, 2023","10:30:00 PM",2023-12-05T22:30:00-0800,"12.05.2023 - Jim Causey",Music,120,173567,"Jim Causey","Dec 5, 2023","10:56:19 PM",2023-12-05T22:56:19-0800,Portishead,"Sour Times",Dummy,4:14,,GBAQT9400032,,,1994,,,"Universal Music",042282855329
"Dec 5, 2023","10:30:00 PM",2023-12-05T22:30:00-0800,"12.05.2023 - Jim Causey",Music,120,173567,"Jim Causey","Dec 5, 2023","10:50:23 PM",2023-12-05T22:50:23-0800,"Still Corners","Secret World","Secret World - Single",3:41,,QZCWY2300007,,,2023,,,"Wrecking Light Records",3617380591409
"Dec 5, 2023","10:30:00 PM",2023-12-05T22:30:00-0800,"12.05.2023 - Jim Causey",Music,120,173567,"Jim Causey","Dec 5, 2023","10:47:01 PM",2023-12-05T22:47:01-0800,"Melody's Echo Chamber","Looking Backward","Emotional Eternal",3:22,,GBCEL2100456,,,2022,,,"Domino Recording Co",887828048793
"Dec 5, 2023","10:30:00 PM",2023-12-05T22:30:00-0800,"12.05.2023 - Jim Causey",Music,120,173567,"Jim Causey","Dec 5, 2023","10:42:45 PM",2023-12-05T22:42:45-0800,"Echo of the Low Light",Disco,Disco,4:16,,QZWFF2341396,,L,2023,,,DISTROKID,
"Dec 5, 2023","10:30:00 PM",2023-12-05T22:30:00-0800,"12.05.2023 - Jim Causey",Music,120,173567,"Jim Causey","Dec 5, 2023","10:38:20 PM",2023-12-05T22:38:20-0800,"Future Islands","For Sure","For Sure",3:25,,GBAFL2000212,,,2020,,,4AD,191400027169
"Dec 5, 2023","10:30:00 PM",2023-12-05T22:30:00-0800,"12.05.2023 - Jim Causey",Music,120,173567,"Jim Causey","Dec 5, 2023","10:34:21 PM",2023-12-05T22:34:21-0800,NAVVI,Ultimae,V,4:04,,GBHLW2300287,,,2023,,,"Hush Hush",5056321686466
"Nov 28, 2023","10:30:00 PM",2023-11-28T22:30:00-0800,"11.28.2023 - Jim Causey",Music,120,173567,"Jim Causey","Nov 29, 2023","12:25:20 AM",2023-11-29T00:25:20-0800,"Vince Clarke","White Rabbit","White Rabbit",4:40,,GBR8R2300175,,,2023,,,"Mute (Artist Intelligence)",5400863142063
"Nov 28, 2023","10:30:00 PM",2023-11-28T22:30:00-0800,"11.28.2023 - Jim Causey",Music,120,173567,"Jim Causey","Nov 29, 2023","12:17:28 AM",2023-11-29T00:17:28-0800,"Mount Maxwell",Littlefolk,Littlefolk,8:46,,CA0WS2317808,,,2023,,,"MERLIN - We Are Busy Bodies",634457155558
"Nov 28, 2023","10:30:00 PM",2023-11-28T22:30:00-0800,"11.28.2023 - Jim Causey",Music,120,173567,"Jim Causey","Nov 29, 2023","12:12:46 AM",2023-11-29T00:12:46-0800,"Harold Budd","Boy About 10","Budd Box",5:00,,USRY20518161,,,2013,,,"All Saints Records",801061303303
"Nov 28, 2023","10:30:00 PM",2023-11-28T22:30:00-0800,"11.28.2023 - Jim Causey",Music,120,173567,"Jim Causey","Nov 29, 2023","12:08:38 AM",2023-11-29T00:08:38-0800,Lusine,Rafters,"Long Light",2:59,,US2J72302710,,,2023,,,"Ghostly International",804297842707
"Nov 28, 2023","10:30:00 PM",2023-11-28T22:30:00-0800,"11.28.2023 - Jim Causey",Music,120,173567,"Jim Causey","Nov 29, 2023","12:04:25 AM",2023-11-29T00:04:25-0800,"Mike Reed","Our Own Love Language (feat. Ben LaMar Gay, Bitchin Bajas & Marvin Tate)","The Separatist Party (feat. Bitchin Bajas, Ben LaMar Gay & Marvin Tate)",4:06,,FIWJZ2300050,,,2023,,,"We Jazz",4062548071504
"Nov 28, 2023","10:30:00 PM",2023-11-28T22:30:00-0800,"11.28.2023 - Jim Causey",Music,120,173567,"Jim Causey","Nov 29, 2023","12:01:07 AM",2023-11-29T00:01:07-0800,Barreca,"The Horizon Filled With Sadness",Premap,4:28,,uscgh1465856,,,2014,,,"Palace of Lights",888174535180
"Nov 28, 2023","10:30:00 PM",2023-11-28T22:30:00-0800,"11.28.2023 - Jim Causey",Music,120,173567,"Jim Causey","Nov 28, 2023","11:47:30 PM",2023-11-28T23:47:30-0800,"Süss, Andrew Tuttle",Rising,"Rising (Streaming Ver.)",9:59,,,,,2023,,,"Longform Editions",
"Nov 28, 2023","10:30:00 PM",2023-11-28T22:30:00-0800,"11.28.2023 - Jim Causey",Music,120,173567,"Jim Causey","Nov 28, 2023","11:44:05 PM",2023-11-28T23:44:05-0800,"Daniel Lanois","Under Stars II","Apollo: Atmospheres and Soundtracks (Extended Edition) [2019 Remaster]",3:23,,GBUM71900379,,,2019,,,"UMC (Universal Music Catalogue)",00602577685323
"Nov 28, 2023","10:30:00 PM",2023-11-28T22:30:00-0800,"11.28.2023 - Jim Causey",Music,120,173567,"Jim Causey","Nov 28, 2023","11:34:52 PM",2023-11-28T23:34:52-0800,"Little H Collective","Avalanche Pass (excerpt)","Avalanche Pass",9:08,,,,L,2023,,,"Sun Cru",
"Nov 28, 2023","10:30:00 PM",2023-11-28T22:30:00-0800,"11.28.2023 - Jim Causey",Music,120,173567,"Jim Causey","Nov 28, 2023","11:25:42 PM",2023-11-28T23:25:42-0800,Jarguna,"The Crystal Staircase","Retrospective of Deep Days (2006 - 2023)",9:10,,USHK92018703,,,2023,,,Projekt:Archive,617026229225
"Nov 28, 2023","10:30:00 PM",2023-11-28T22:30:00-0800,"11.28.2023 - Jim Causey",Music,120,173567,"Jim Causey","Nov 28, 2023","11:19:47 PM",2023-11-28T23:19:47-0800,"Mount Maxwell","A Long Road",Littlefolk,5:53,,CA0WS2317804,,,2023,,,"MERLIN - We Are Busy Bodies",634457155558
"Nov 28, 2023","10:30:00 PM",2023-11-28T22:30:00-0800,"11.28.2023 - Jim Causey",Music,120,173567,"Jim Causey","Nov 28, 2023","11:16:00 PM",2023-11-28T23:16:00-0800,"New Dreams Ltd.","All Day / Mindprison",Sleepline,3:09,,,,L,2016,,,Aguirre,
"Nov 28, 2023","10:30:00 PM",2023-11-28T22:30:00-0800,"11.28.2023 - Jim Causey",Music,120,173567,"Jim Causey","Nov 28, 2023","11:08:28 PM",2023-11-28T23:08:28-0800,"Erik Wøllo",Ceremony,Traces,6:00,,USSP51112080,,,2014,,,"ORCHARD - Spotted Peccary",600028120621
"Nov 28, 2023","10:30:00 PM",2023-11-28T22:30:00-0800,"11.28.2023 - Jim Causey",Music,120,173567,"Jim Causey","Nov 28, 2023","11:03:10 PM",2023-11-28T23:03:10-0800,"Hello Meteor",Thermoplastic,"Community Broadcasting: Winter Office Hours",3:33,,QZWFE2305510,,L,2023,,,"Evergreen Prefecture",853515194906
"Nov 28, 2023","10:30:00 PM",2023-11-28T22:30:00-0800,"11.28.2023 - Jim Causey",Music,120,173567,"Jim Causey","Nov 28, 2023","10:58:08 PM",2023-11-28T22:58:08-0800,"Tears For Fears","Head Over Heels / Broken","Songs From The Big Chair (Super Deluxe Edition)",5:02,,GBF088590130,,,1985,,,"Universal Music",731455810622
"Nov 28, 2023","10:30:00 PM",2023-11-28T22:30:00-0800,"11.28.2023 - Jim Causey",Music,120,173567,"Jim Causey","Nov 28, 2023","10:55:50 PM",2023-11-28T22:55:50-0800,"Tears For Fears",Broken,"Songs From The Big Chair (Super Deluxe Edition)",2:11,,,,,1985,,,"Universal Music",
"Nov 28, 2023","10:30:00 PM",2023-11-28T22:30:00-0800,"11.28.2023 - Jim Causey",Music,120,173567,"Jim Causey","Nov 28, 2023","10:51:10 PM",2023-11-28T22:51:10-0800,"Roxy Music","The Space Between",Avalon,4:30,,GBAAA9900093,,,1982,,,"EG Records",724384746056
"Nov 28, 2023","10:30:00 PM",2023-11-28T22:30:00-0800,"11.28.2023 - Jim Causey",Music,120,173567,"Jim Causey","Nov 28, 2023","10:46:50 PM",2023-11-28T22:46:50-0800,"Pure Bathing Culture","The Child",Chalice,4:16,,QMBZ92393945,,L,2023,,,"ORCHARD - First City Artists",197189563348
"Nov 28, 2023","10:30:00 PM",2023-11-28T22:30:00-0800,"11.28.2023 - Jim Causey",Music,120,173567,"Jim Causey","Nov 28, 2023","10:35:30 PM",2023-11-28T22:35:30-0800,"Dead Can Dance","Yulunga (Spirit Dance) [Remastered]","Into the Labyrinth (Remastered)",6:56,,GBAFL0700036,,,2007,,,4AD,652637271164
"Nov 28, 2023","10:30:00 PM",2023-11-28T22:30:00-0800,"11.28.2023 - Jim Causey",Music,120,173567,"Jim Causey","Nov 28, 2023","10:30:00 PM",2023-11-28T22:30:00-0800,"Mount Maxwell","Maze Crete",Littlefolk,5:30,,CA0WS2317802,,L,2023,,,"We Are Busy Bodies",634457155558
"Nov 21, 2023","10:30:00 PM",2023-11-21T22:30:00-0800,"11.21.2023 - Jim Causey",Music,120,173567,"Jim Causey","Nov 22, 2023","12:26:59 AM",2023-11-22T00:26:59-0800,"George Winston","A Charlie Brown Thanksgiving","Linus & Lucy - The Music of Vince Guaraldi",2:31,,USDC39600036,,,1996,,,"Dancing Cat/George Winston",080223000438
"Nov 21, 2023","10:30:00 PM",2023-11-21T22:30:00-0800,"11.21.2023 - Jim Causey",Music,120,173567,"Jim Causey","Nov 22, 2023","12:19:21 AM",2023-11-22T00:19:21-0800,"Dreamstate Logic","Between Then and Forever","Latent Images and Distant Dreams",7:42,,QZTB42378436,,,2023,,,"Dreamstate Logic",853515412383
"Nov 21, 2023","10:30:00 PM",2023-11-21T22:30:00-0800,"11.21.2023 - Jim Causey",Music,120,173567,"Jim Causey","Nov 22, 2023","12:11:08 AM",2023-11-22T00:11:08-0800,Stellarium,"Rings of Sapphire","Solar Magnitude",8:11,,USL4R2319144,,,2023,,,Exosphere,198026243980
"Nov 21, 2023","10:30:00 PM",2023-11-21T22:30:00-0800,"11.21.2023 - Jim Causey",Music,120,173567,"Jim Causey","Nov 21, 2023","11:56:44 PM",2023-11-21T23:56:44-0800,Erwilian,"Masters in This Hall (Live)","Cascadia (Live)",5:14,,USHM82327299,,,2023,,,"Wood, Wind, & Wire Productions",198025236006
"Nov 21, 2023","10:30:00 PM",2023-11-21T22:30:00-0800,"11.21.2023 - Jim Causey",Music,120,173567,"Jim Causey","Nov 21, 2023","11:51:46 PM",2023-11-21T23:51:46-0800,"Bruce Mitchell","Into The Fire","Dancing On The Edge",3:54,,USNA18910605,,,1989,,,"UMG - Narada",00094635218558
"Nov 21, 2023","10:30:00 PM",2023-11-21T22:30:00-0800,"11.21.2023 - Jim Causey",Music,120,173567,"Jim Causey","Nov 21, 2023","11:47:50 PM",2023-11-21T23:47:50-0800,"Andreas Vollenweider","Dancing with the Lion","Dancing With The Lion",4:00,,USSJ10500439,,,1989,,,"Kin Kou",795041754424
"Nov 21, 2023","10:30:00 PM",2023-11-21T22:30:00-0800,"11.21.2023 - Jim Causey",Music,120,173567,"Jim Causey","Nov 21, 2023","11:39:34 PM",2023-11-21T23:39:34-0800,"Paul Speer","Eagle's Path","Desert Vision",7:00,,USNA18812066,,,1986,,,"UMG - Narada",00094635397253
"Nov 21, 2023","10:30:00 PM",2023-11-21T22:30:00-0800,"11.21.2023 - Jim Causey",Music,120,173567,"Jim Causey","Nov 21, 2023","11:35:08 PM",2023-11-21T23:35:08-0800,"Rayo Hunters","Humanoide loop",Electromonte,4:27,,GBSMU6694013,,,2019,,,"Rayo Hunters",5059366724728
"Nov 21, 2023","10:30:00 PM",2023-11-21T22:30:00-0800,"11.21.2023 - Jim Causey",Music,120,173567,"Jim Causey","Nov 21, 2023","11:29:22 PM",2023-11-21T23:29:22-0800,Anantakara,"Feeling Safe In This Rift","Across A Veiled River",8:40,,GXBDS2309523,,,2023,,,"Cyclical Dreams",5063416401262
"Nov 21, 2023","10:30:00 PM",2023-11-21T22:30:00-0800,"11.21.2023 - Jim Causey",Music,120,173567,"Jim Causey","Nov 21, 2023","11:08:22 PM",2023-11-21T23:08:22-0800,"Bart Hawkins","To Ride A Pterodactyl","Entering the Axis Mundi",10:20,,USSP52343002,,,2023,,,"Spotted Peccary",600028430324
"Nov 21, 2023","10:30:00 PM",2023-11-21T22:30:00-0800,"11.21.2023 - Jim Causey",Music,120,173567,"Jim Causey","Nov 21, 2023","11:02:24 PM",2023-11-21T23:02:24-0800,"Caroline Polachek",Door,Door,5:22,,USSM11901942,,,2019,,,Columbia,886447683415
"Nov 21, 2023","10:30:00 PM",2023-11-21T22:30:00-0800,"11.21.2023 - Jim Causey",Music,120,173567,"Jim Causey","Nov 21, 2023","10:57:26 PM",2023-11-21T22:57:26-0800,"Christine and the Queens","People, I've been sad","People, I've been sad",4:21,,FR6P11901360,,,2020,,,"Because Music",5060686508035
"Nov 21, 2023","10:30:00 PM",2023-11-21T22:30:00-0800,"11.21.2023 - Jim Causey",Music,120,173567,"Jim Causey","Nov 21, 2023","10:49:37 PM",2023-11-21T22:49:37-0800,LEATHERS,Dangerous,Reckless,6:03,,QMFME2176577,,,2021,,,"ORCHARD - Artoffact Records",196292539301
"Nov 21, 2023","10:30:00 PM",2023-11-21T22:30:00-0800,"11.21.2023 - Jim Causey",Music,120,173567,"Jim Causey","Nov 21, 2023","10:42:22 PM",2023-11-21T22:42:22-0800,"Depeche Mode","Enjoy the Silence - Hands and Feet Mix","Depeche Mode - Singles Box 4",6:48,,USWB11901535,,,2004,,,"WMG - Reprise",081227910419
"Nov 21, 2023","10:30:00 PM",2023-11-21T22:30:00-0800,"11.21.2023 - Jim Causey",Music,120,173567,"Jim Causey","Nov 21, 2023","10:34:45 PM",2023-11-21T22:34:45-0800,"FM Attack",Invisible,Cosmic,5:58,,CA1HD1000053,,,2023,,,"MERLIN - Starfield Music",5054283661903
"Nov 21, 2023","10:30:00 PM",2023-11-21T22:30:00-0800,"11.21.2023 - Jim Causey",Music,120,173567,"Jim Causey","Nov 21, 2023","10:30:57 PM",2023-11-21T22:30:57-0800,"Hello Meteor","Built Environments","Community Broadcasting: Winter Office Hours",3:43,,QZWFE2305504,,,2023,,,DISTROKID,853515194906
"Nov 14, 2023","10:30:00 PM",2023-11-14T22:30:00-0800,"11.14.2023 - Jim Causey",Music,120,173567,"Jim Causey","Nov 15, 2023","12:12:59 AM",2023-11-15T00:12:59-0800,Frore,"From Spark to Flame","From Spark to Flame",8:52,,USSP52391021,,,2023,,,"Spotted Peccary",600028910628
"Nov 14, 2023","10:30:00 PM",2023-11-14T22:30:00-0800,"11.14.2023 - Jim Causey",Music,120,173567,"Jim Causey","Nov 15, 2023","12:01:11 AM",2023-11-15T00:01:11-0800,"Lau Nau",Planeetta,Aphrilis,6:51,,FISSP2300016,,,2023,,,Fonal,6417138694409
"Nov 14, 2023","10:30:00 PM",2023-11-14T22:30:00-0800,"11.14.2023 - Jim Causey",Music,120,173567,"Jim Causey","Nov 14, 2023","11:57:32 PM",2023-11-14T23:57:32-0800,"Brian Eno","The Big Ship - 2004 Digital Remaster","Another Green World",3:02,,GBAAA0400078,,,1975,,,"EMI Marketing",724357729154
"Nov 14, 2023","10:30:00 PM",2023-11-14T22:30:00-0800,"11.14.2023 - Jim Causey",Music,120,173567,"Jim Causey","Nov 14, 2023","11:51:11 PM",2023-11-14T23:51:11-0800,"Ray Lynch","Tiny Geometries / Ray Lynch","Deep Breakfast",6:01,,USAUQ0500014,,,1984,,,"ORCHARD - Ray Lynch Productions",735371111825
"Nov 14, 2023","10:30:00 PM",2023-11-14T22:30:00-0800,"11.14.2023 - Jim Causey",Music,120,173567,"Jim Causey","Nov 14, 2023","11:48:03 PM",2023-11-14T23:48:03-0800,AeTopus,"Clean Break",Cup,3:40,,USSP52347002,,,2023,,,"ORCHARD - Spotted Peccary",600028470122
"Nov 14, 2023","10:30:00 PM",2023-11-14T22:30:00-0800,"11.14.2023 - Jim Causey",Music,120,173567,"Jim Causey","Nov 14, 2023","11:42:58 PM",2023-11-14T23:42:58-0800,"Mount Maxwell","Sky Eye","Sky Eye",5:10,,CA0WS2317803,,,2023,,,"MERLIN - We Are Busy Bodies",634457155558
"Nov 14, 2023","10:30:00 PM",2023-11-14T22:30:00-0800,"11.14.2023 - Jim Causey",Music,120,173567,"Jim Causey","Nov 14, 2023","11:40:43 PM",2023-11-14T23:40:43-0800,"Omni Gardens","Paperback Book","Golden Pear",2:33,,,,,,,,,
"Nov 14, 2023","10:30:00 PM",2023-11-14T22:30:00-0800,"11.14.2023 - Jim Causey",Music,120,173567,"Jim Causey","Nov 14, 2023","11:32:22 PM",2023-11-14T23:32:22-0800,"Dreamstate Logic","Lost But Not Forgotten","Latent Images and Distant Dreams",9:22,,QZTB42378439,,,2023,,,"Dreamstate Logic",853515412383
"Nov 14, 2023","10:30:00 PM",2023-11-14T22:30:00-0800,"11.14.2023 - Jim Causey",Music,120,173567,"Jim Causey","Nov 14, 2023","11:27:30 PM",2023-11-14T23:27:30-0800,"Small Black","Duplex (Com Truise Remix)","Duplex (Com Truise Remix)",4:23,,QZQAY2100314,,,2021,,,"VYDIA - 100% Electronica",720665672915
"Nov 14, 2023","10:30:00 PM",2023-11-14T22:30:00-0800,"11.14.2023 - Jim Causey",Music,120,173567,"Jim Causey","Nov 14, 2023","11:23:03 PM",2023-11-14T23:23:03-0800,"King Gizzard & The Lizard Wizard","The Silver Cord","Theia / The Silver Cord / Set",4:20,,AU2ZC2300179,,,2023,,,"KGLW (King Gizzard & the Lizard Wizard)",00842812196010
"Nov 14, 2023","10:30:00 PM",2023-11-14T22:30:00-0800,"11.14.2023 - Jim Causey",Music,120,173567,"Jim Causey","Nov 14, 2023","11:19:39 PM",2023-11-14T23:19:39-0800,"King Gizzard & The Lizard Wizard",Theia,"Theia / The Silver Cord / Set",3:24,,AU2ZC2300178,,,2023,,,"KGLW (King Gizzard & the Lizard Wizard)",00842812196010
"Nov 14, 2023","10:30:00 PM",2023-11-14T22:30:00-0800,"11.14.2023 - Jim Causey",Music,120,173567,"Jim Causey","Nov 14, 2023","11:04:58 PM",2023-11-14T23:04:58-0800,"Kit Sebastian",Pangea,"Mantra Moderne",4:16,,GBCLQ1900051,,,2019,,,"Mr Bongo",3615937509464
"Nov 14, 2023","10:30:00 PM",2023-11-14T22:30:00-0800,"11.14.2023 - Jim Causey",Music,120,173567,"Jim Causey","Nov 14, 2023","11:00:34 PM",2023-11-14T23:00:34-0800,Geographer,"Age of Consent","Endless Motion Vol. 1",4:27,,USVBM1500062,,,2015,,,"Roll Call Records",858824002577
"Nov 14, 2023","10:30:00 PM",2023-11-14T22:30:00-0800,"11.14.2023 - Jim Causey",Music,120,173567,"Jim Causey","Nov 14, 2023","10:54:22 PM",2023-11-14T22:54:22-0800,"Echo & The Bunnymen","Lips Like Sugar","Echo & the Bunnymen (Bonus Tracks Edition) [2004 Remaster]",4:52,,GBAHT0003955,,,1987,,,"Rhino/Warner Records",81227893361
"Nov 14, 2023","10:30:00 PM",2023-11-14T22:30:00-0800,"11.14.2023 - Jim Causey",Music,120,173567,"Jim Causey","Nov 14, 2023","10:49:12 PM",2023-11-14T22:49:12-0800,"Drab Majesty","Dot in the Sky","The Demonstration",5:26,,QMBZ91673224,,,2017,,,"Dais Records",646263945490
"Nov 14, 2023","10:30:00 PM",2023-11-14T22:30:00-0800,"11.14.2023 - Jim Causey",Music,120,173567,"Jim Causey","Nov 14, 2023","10:44:06 PM",2023-11-14T22:44:06-0800,"Depeche Mode","World In My Eyes - 2006 Remastered Version","Violator (2006 Remastered Edition)",4:24,,GBAJH0600287,,,1990,,,"Rhino/Warner Bros.",0094636010359
"Nov 14, 2023","10:30:00 PM",2023-11-14T22:30:00-0800,"11.14.2023 - Jim Causey",Music,120,173567,"Jim Causey","Nov 14, 2023","10:38:01 PM",2023-11-14T22:38:01-0800,Bunadox,"Fell Into Night","Fell Into Night",4:22,,QZTB52389789,,,2023,,,DISTROKID,198088740199
"Nov 14, 2023","10:30:00 PM",2023-11-14T22:30:00-0800,"11.14.2023 - Jim Causey",Music,120,173567,"Jim Causey","Nov 14, 2023","10:34:42 PM",2023-11-14T22:34:42-0800,ACTORS,"Death from Above","Acts of Worship",3:32,,QMBZ92137429,,,2021,,,"ORCHARD - Artoffact Records",628070638291
"Nov 7, 2023","10:30:00 PM",2023-11-07T22:30:00-0800,"11.07.2023 - Jim Causey",Music,120,173567,"Jim Causey","Nov 8, 2023","12:29:34 AM",2023-11-08T00:29:34-0800,"Boards of Canada","Turquoise Hexagon Sun","Rojo. Esee",5:09,,GBLJH9610802,,,2014,,,"Skam Records",8718723044196
"Nov 7, 2023","10:30:00 PM",2023-11-07T22:30:00-0800,"11.07.2023 - Jim Causey",Music,120,173567,"Jim Causey","Nov 8, 2023","12:16:32 AM",2023-11-08T00:16:32-0800,TheElement,"Life Has Just Started","Feelings Hurt EP",11:19,,GBKQU1130897,,,2011,,,Kornerhouserecords,5052653030199
"Nov 7, 2023","10:30:00 PM",2023-11-07T22:30:00-0800,"11.07.2023 - Jim Causey",Music,120,173567,"Jim Causey","Nov 7, 2023","11:57:36 PM",2023-11-07T23:57:36-0800,"Omni Gardens","Rain Jacket","Golden Pear",2:55,,,,,2023,,,,
"Nov 7, 2023","10:30:00 PM",2023-11-07T22:30:00-0800,"11.07.2023 - Jim Causey",Music,120,173567,"Jim Causey","Nov 7, 2023","11:53:25 PM",2023-11-07T23:53:25-0800,Mina,"Unsung Heroes","Lost And Remembered",4:26,,USMH92360762,,,2023,,,"Altar Records",905428754569
"Nov 7, 2023","10:30:00 PM",2023-11-07T22:30:00-0800,"11.07.2023 - Jim Causey",Music,120,173567,"Jim Causey","Nov 7, 2023","11:39:11 PM",2023-11-07T23:39:11-0800,"Bahía Mansa",Pardes,Mallki,5:15,,GX5MX2372277,,,2023,,,"Cyclical Dreams",5063416933664
"Nov 7, 2023","10:30:00 PM",2023-11-07T22:30:00-0800,"11.07.2023 - Jim Causey",Music,120,173567,"Jim Causey","Nov 7, 2023","11:32:17 PM",2023-11-07T23:32:17-0800,AeTopus,Sygna,Cup,5:10,,USSP52347005,,,2023,,,"ORCHARD - Spotted Peccary",600028470122
"Nov 7, 2023","10:30:00 PM",2023-11-07T22:30:00-0800,"11.07.2023 - Jim Causey",Music,120,173567,"Jim Causey","Nov 7, 2023","11:27:18 PM",2023-11-07T23:27:18-0800,Erwilian,"Angelía (Live)","Cascadia (Live)",5:14,,USHM82327294,,,2023,,,"Wood, Wind, & Wire Productions",198025236006
"Nov 7, 2023","10:30:00 PM",2023-11-07T22:30:00-0800,"11.07.2023 - Jim Causey",Music,120,173567,"Jim Causey","Nov 7, 2023","11:09:58 PM",2023-11-07T23:09:58-0800,"Steve Roach","Integration Being","Sanctuary of Desire",7:20,,USHK92341207,,,2023,,,"MERLIN - Projekt",617026041223
"Nov 7, 2023","10:30:00 PM",2023-11-07T22:30:00-0800,"11.07.2023 - Jim Causey",Music,120,173567,"Jim Causey","Nov 7, 2023","10:55:53 PM",2023-11-07T22:55:53-0800,"Soft Release","Broken Number 13","Broken Number 13",4:06,,QZTB22354483,,,2023,,,"Strange Sparks",872132797895
"Nov 7, 2023","10:30:00 PM",2023-11-07T22:30:00-0800,"11.07.2023 - Jim Causey",Music,120,173567,"Jim Causey","Nov 7, 2023","10:43:48 PM",2023-11-07T22:43:48-0800,"Future Islands","The Tower","The Tower",3:36,,GBAFL2300357,,,2023,,,"MERLIN - 4AD",5059638422994
"Nov 7, 2023","10:30:00 PM",2023-11-07T22:30:00-0800,"11.07.2023 - Jim Causey",Music,120,173567,"Jim Causey","Nov 7, 2023","10:37:47 PM",2023-11-07T22:37:47-0800,"Small Black",Reconstruction,"Real People",4:41,,US38Y1424904,,,2014,,,"MERLIN - Jagjaguwar",656605220871
"Nov 7, 2023","10:30:00 PM",2023-11-07T22:30:00-0800,"11.07.2023 - Jim Causey",Music,120,173567,"Jim Causey","Nov 7, 2023","10:32:31 PM",2023-11-07T22:32:31-0800,Airglow,"Decades (BONUS)","Memory Bank (Remixed & Remastered)",5:29,,SEYOK1859399,,,2018,,,"Stratford Ct.",885014042518
"Oct 31, 2023","10:30:00 PM",2023-10-31T22:30:00-0700,"10.31.2023 - Jim Causey",Music,120,173567,"Jim Causey","Nov 1, 2023","12:18:00 AM",2023-11-01T00:18:00-0700,"Scott Lawlor","Crossing the Veil","Horror Films 2021",12:00,,,,,2021,,,"Aural Films",
"Oct 31, 2023","10:30:00 PM",2023-10-31T22:30:00-0700,"10.31.2023 - Jim Causey",Music,120,173567,"Jim Causey","Nov 1, 2023","12:01:00 AM",2023-11-01T00:01:00-0700,"Chuck van Zyl","News Flash","Horror Films 2021",17:00,,,,,2021,,,"Aural Films",
"Oct 31, 2023","10:30:00 PM",2023-10-31T22:30:00-0700,"10.31.2023 - Jim Causey",Music,120,173567,"Jim Causey","Oct 31, 2023","11:53:25 PM",2023-10-31T23:53:25-0700,"Buried Marie","White Night","Old Church",7:30,,,,,2023,,,Neotantra,
"Oct 31, 2023","10:30:00 PM",2023-10-31T22:30:00-0700,"10.31.2023 - Jim Causey",Music,120,173567,"Jim Causey","Oct 31, 2023","11:47:30 PM",2023-10-31T23:47:30-0700,"Nicholas Bullen","When They Return","The Stone Tape - analysing a ghost by electronic means",5:55,,,,,2023,,,"Hidden Britain Tapes",
"Oct 31, 2023","10:30:00 PM",2023-10-31T22:30:00-0700,"10.31.2023 - Jim Causey",Music,120,173567,"Jim Causey","Oct 31, 2023","11:43:40 PM",2023-10-31T23:43:40-0700,"The Soulless Party",Vigilamus,"The Stone Tape - analysing a ghost by electronic means",3:07,,,,,2023,,,"Hidden Britain Tapes",
"Oct 31, 2023","10:30:00 PM",2023-10-31T22:30:00-0700,"10.31.2023 - Jim Causey",Music,120,173567,"Jim Causey","Oct 31, 2023","11:39:56 PM",2023-10-31T23:39:56-0700,B.Michaael,"Dying Waves",Gore,3:44,,QZTRX2359222,,,2023,,,"Orange Milk",197773299196
"Oct 31, 2023","10:30:00 PM",2023-10-31T22:30:00-0700,"10.31.2023 - Jim Causey",Music,120,173567,"Jim Causey","Oct 31, 2023","11:35:12 PM",2023-10-31T23:35:12-0700,M83,"Car Chase Terror","Before The Dawn Heals Us",3:50,,FR86W0400212,,,2005,,,"WMG - Non-Wea/Other",724596954652
"Oct 31, 2023","10:30:00 PM",2023-10-31T22:30:00-0700,"10.31.2023 - Jim Causey",Music,120,173567,"Jim Causey","Oct 31, 2023","11:32:01 PM",2023-10-31T23:32:01-0700,"Tom Waits","What's He Building?","Mule Variations (Remastered)",3:20,,USEP41718072,,,1999,,,"MERLIN - Anti/Epitaph",0045778654703
"Oct 31, 2023","10:30:00 PM",2023-10-31T22:30:00-0700,"10.31.2023 - Jim Causey",Music,120,173567,"Jim Causey","Oct 31, 2023","11:28:56 PM",2023-10-31T23:28:56-0700,Lycia,"In Flickers","In Flickers",2:52,,QM6MZ1830382,,,2018,,,"ORCHARD - Lycium Music",192562722633
"Oct 31, 2023","10:30:00 PM",2023-10-31T22:30:00-0700,"10.31.2023 - Jim Causey",Music,120,173567,"Jim Causey","Oct 31, 2023","11:20:26 PM",2023-10-31T23:20:26-0700,"The Sisters of Mercy","This Corrosion (excerpt)","Floodland (Deluxe Version)",9:30,,GBAHS0600502,,,1987,,,Rhino,085364470867
"Oct 31, 2023","10:30:00 PM",2023-10-31T22:30:00-0700,"10.31.2023 - Jim Causey",Music,120,173567,"Jim Causey","Oct 31, 2023","11:15:36 PM",2023-10-31T23:15:36-0700,"Nine Inch Nails",Burn,"Natural Born Killers (Soundtrack from the Motion Picture)",4:59,,USIR19400633,,,1994,,,Interscope,00606949246020
"Oct 31, 2023","10:30:00 PM",2023-10-31T22:30:00-0700,"10.31.2023 - Jim Causey",Music,120,173567,"Jim Causey","Oct 31, 2023","11:11:47 PM",2023-10-31T23:11:47-0700,Bauhaus,"Dark Entries","Bauhaus - 1979-1983 Volume One",3:51,,GBAFL9800113,,,1992,,,"MERLIN - Beggars Banquet",5059638085809
"Oct 31, 2023","10:30:00 PM",2023-10-31T22:30:00-0700,"10.31.2023 - Jim Causey",Music,120,173567,"Jim Causey","Oct 31, 2023","11:09:34 PM",2023-10-31T23:09:34-0700,"Molchat Doma","Судно (Борис Рижий)",Этажи,2:21,,AEA0D1846146,,,2018,,,"молчат дома",5057173870256
"Oct 31, 2023","10:30:00 PM",2023-10-31T22:30:00-0700,"10.31.2023 - Jim Causey",Music,120,173567,"Jim Causey","Oct 31, 2023","11:04:18 PM",2023-10-31T23:04:18-0700,"New Order","The Perfect Kiss (2022 Digital Master)","Low-Life (Definitive)",4:49,,GBCRL2200666,,,2023,,,"WM UK",5054197249105
"Oct 31, 2023","10:30:00 PM",2023-10-31T22:30:00-0700,"10.31.2023 - Jim Causey",Music,120,173567,"Jim Causey","Oct 31, 2023","11:00:31 PM",2023-10-31T23:00:31-0700,LEATHERS,"Phantom Heart",Reckless,3:58,,TCAEC1925501,,L,2021,,,"ORCHARD - Artoffact Records",196292539301
"Oct 31, 2023","10:30:00 PM",2023-10-31T22:30:00-0700,"10.31.2023 - Jim Causey",Music,120,173567,"Jim Causey","Oct 31, 2023","10:56:19 PM",2023-10-31T22:56:19-0700,"Depeche Mode","Rush - 2006 Remastered Version","Songs Of Faith And Devotion (2006 Remastered Edition)",4:37,,GBAJH0601248,,,1993,,,"SME - Venusnote Ltd.",0094637006757
"Oct 31, 2023","10:30:00 PM",2023-10-31T22:30:00-0700,"10.31.2023 - Jim Causey",Music,120,173567,"Jim Causey","Oct 31, 2023","10:51:39 PM",2023-10-31T22:51:39-0700,"Siouxsie And The Banshees","Cities In Dust","Tinderbox (Remastered & Expanded)",4:07,,GBAKW8501058,,,1986,,,"UMG - UMC (Universal Music Catalogue)",00600753550427
"Oct 31, 2023","10:30:00 PM",2023-10-31T22:30:00-0700,"10.31.2023 - Jim Causey",Music,120,173567,"Jim Causey","Oct 31, 2023","10:48:25 PM",2023-10-31T22:48:25-0700,ACTORS,"L'appel Du Vide","It Will Come to You",3:34,,QMBZ91722688,,,2018,,,"ORCHARD - Artoffact Records",628070633425
"Oct 31, 2023","10:30:00 PM",2023-10-31T22:30:00-0700,"10.31.2023 - Jim Causey",Music,120,173567,"Jim Causey","Oct 31, 2023","10:42:50 PM",2023-10-31T22:42:50-0700,"Echo And The Bunnymen","The Killing Moon","Songs To Learn And Sing",5:46,,GBAHT0200121,,,1985,,,"Rhino/Warner Bros.",081227893569
"Oct 31, 2023","10:30:00 PM",2023-10-31T22:30:00-0700,"10.31.2023 - Jim Causey",Music,120,173567,"Jim Causey","Oct 31, 2023","10:35:16 PM",2023-10-31T22:35:16-0700,"The Cure",Burn,"The Crow Original Motion Picture Soundtrack",6:39,,USAT20180654,,,1994,,,"Atlantic Records",075679982872
"Oct 31, 2023","10:30:00 PM",2023-10-31T22:30:00-0700,"10.31.2023 - Jim Causey",Music,120,173567,"Jim Causey","Oct 31, 2023","10:31:42 PM",2023-10-31T22:31:42-0700,"Soft Release","Broken Number 13","Broken Number 13",4:06,,QZTB22354483,,L,2023,,,"Strange Sparks",872132797895
"Oct 31, 2023","10:30:00 PM",2023-10-31T22:30:00-0700,"10.31.2023 - Jim Causey",Music,120,173567,"Jim Causey","Oct 31, 2023","10:30:00 PM",2023-10-31T22:30:00-0700,"Bacao Rhythm & Steel Band","Halloween Theme","Halloween Theme - Single",2:38,,QZ2L62300071,,,2023,,,"Big Crown Records",617308058222
"Oct 24, 2023","10:30:00 PM",2023-10-24T22:30:00-0700,"10.24.2023 - Jim Causey",Music,120,173567,"Jim Causey","Oct 25, 2023","12:29:23 AM",2023-10-25T00:29:23-0700,"Golden Retriever",Lupine,"Rain Shadow",6:03,,USTJ22051202,,,2020,,,"Thrill Jockey",790377051261
"Oct 24, 2023","10:30:00 PM",2023-10-24T22:30:00-0700,"10.24.2023 - Jim Causey",Music,120,173567,"Jim Causey","Oct 24, 2023","11:56:23 PM",2023-10-24T23:56:23-0700,"Laurel Halo",Abandon,Atlas,4:02,,DEG932301494,,,2023,,,Awe,4062548065206
"Oct 24, 2023","10:30:00 PM",2023-10-24T22:30:00-0700,"10.24.2023 - Jim Causey",Music,120,173567,"Jim Causey","Oct 24, 2023","11:48:07 PM",2023-10-24T23:48:07-0700,"Loscil, Lawrence English",Black,"Colours of Air",8:42,,USNCB2323605,,,2023,,,kranky,
"Oct 24, 2023","10:30:00 PM",2023-10-24T22:30:00-0700,"10.24.2023 - Jim Causey",Music,120,173567,"Jim Causey","Oct 24, 2023","11:24:55 PM",2023-10-24T23:24:55-0700,"Piseth Oem","The Melody Of KH","TCD x DOM x GSR",2:54,,QZNWV2134518,,,2021,,,"Piseth Oem",196510356222
"Oct 24, 2023","10:30:00 PM",2023-10-24T22:30:00-0700,"10.24.2023 - Jim Causey",Music,120,173567,"Jim Causey","Oct 24, 2023","11:16:30 PM",2023-10-24T23:16:30-0700,"Dead Can Dance","The Host of Seraphim (Remastered)","The Serpent’s Egg (Remastered)",6:18,,GBAFL0700014,,,1988,,,4AD,652637270945
"Oct 24, 2023","10:30:00 PM",2023-10-24T22:30:00-0700,"10.24.2023 - Jim Causey",Music,120,173567,"Jim Causey","Oct 24, 2023","10:55:03 PM",2023-10-24T22:55:03-0700,"Wild Nothing","Dial Tone","Dial Tone",3:23,,QMMZN2302470,,,2023,,,"MERLIN - Captured Tracks",817949036294
"Oct 24, 2023","10:30:00 PM",2023-10-24T22:30:00-0700,"10.24.2023 - Jim Causey",Music,120,173567,"Jim Causey","Oct 24, 2023","10:50:46 PM",2023-10-24T22:50:46-0700,"Pure Bathing Culture","The Sun","The Sun",3:19,,QMBZ92393941,,,2023,,,"ORCHARD - First City Artists",197189563348
"Oct 24, 2023","10:30:00 PM",2023-10-24T22:30:00-0700,"10.24.2023 - Jim Causey",Music,120,173567,"Jim Causey","Oct 24, 2023","10:45:15 PM",2023-10-24T22:45:15-0700,"New Order","True Faith - (2011 Total Version) [Shep Pettibone 7"" Remix]","Indie Anthems",5:51,,GBAAP0001118,,,2014,,,WEA,085365741676
"Oct 24, 2023","10:30:00 PM",2023-10-24T22:30:00-0700,"10.24.2023 - Jim Causey",Music,120,173567,"Jim Causey","Oct 24, 2023","10:41:37 PM",2023-10-24T22:41:37-0700,"October Project","Bury My Lovely","October Project",3:59,,USSM10025308,,,1993,,,"SME - Epic",888880597441
"Oct 24, 2023","10:30:00 PM",2023-10-24T22:30:00-0700,"10.24.2023 - Jim Causey",Music,120,173567,"Jim Causey","Oct 24, 2023","10:35:12 PM",2023-10-24T22:35:12-0700,"Jurgen Muller","Thebes Triad","The Encyclopedia Of Civilizations Vol.1: Egypt",5:08,,US2391900087,,,2019,,,"Lucian Lift",881626539163
"Oct 24, 2023","10:30:00 PM",2023-10-24T22:30:00-0700,"10.24.2023 - Jim Causey",Music,120,173567,"Jim Causey","Oct 24, 2023","10:30:26 PM",2023-10-24T22:30:26-0700,AeTopus,Memento,Cup,4:56,,USSP52347012,,,2023,,,"ORCHARD - Spotted Peccary",600028470122
"Oct 17, 2023","10:30:00 PM",2023-10-17T22:30:00-0700,"10.17.2023 - Jim Causey",Music,120,173567,"Jim Causey","Oct 18, 2023","12:23:24 AM",2023-10-18T00:23:24-0700,Panabrite,"Octopus in Your Dreams","Sub-Aquatic Meditation",4:08,,BEK111118007,,,2012,,,Aguirre,5051813595073
"Oct 17, 2023","10:30:00 PM",2023-10-17T22:30:00-0700,"10.17.2023 - Jim Causey",Music,120,173567,"Jim Causey","Oct 18, 2023","12:08:25 AM",2023-10-18T00:08:25-0700,Orcas,"Standard Error",Orcas,5:21,,DEX261111103,,,2012,,,"MERLIN - Morr Music",880918811130
"Oct 17, 2023","10:30:00 PM",2023-10-17T22:30:00-0700,"10.17.2023 - Jim Causey",Music,120,173567,"Jim Causey","Oct 18, 2023","12:02:42 AM",2023-10-18T00:02:42-0700,"Nancy Rumbel",Lullaby,"Notes From The Tree Of Life",5:55,,USNA10319780,,,1995,,,Narada,724359149653
"Oct 17, 2023","10:30:00 PM",2023-10-17T22:30:00-0700,"10.17.2023 - Jim Causey",Music,120,173567,"Jim Causey","Oct 17, 2023","11:57:09 PM",2023-10-17T23:57:09-0700,"David Arkenstone",Rain,"Valley In The Clouds",5:41,,USNA18713928,,,1987,,,"UMG - Narada",00076742620158
"Oct 17, 2023","10:30:00 PM",2023-10-17T22:30:00-0700,"10.17.2023 - Jim Causey",Music,120,173567,"Jim Causey","Oct 17, 2023","11:48:27 PM",2023-10-17T23:48:27-0700,"Steve Hauschildt",Arpeggiare,"Where All Is Fled",7:32,,USNCB1519802,,,2015,,,"ORCHARD - kranky",889845474302
"Oct 17, 2023","10:30:00 PM",2023-10-17T22:30:00-0700,"10.17.2023 - Jim Causey",Music,120,173567,"Jim Causey","Oct 17, 2023","11:42:41 PM",2023-10-17T23:42:41-0700,"Fovea Hex","All Those Signs","The Salt Garden 2",5:54,,IEFJP1700002,,,2017,,,"Janet Records",880918228006
"Oct 17, 2023","10:30:00 PM",2023-10-17T22:30:00-0700,"10.17.2023 - Jim Causey",Music,120,173567,"Jim Causey","Oct 17, 2023","11:40:08 PM",2023-10-17T23:40:08-0700,"Alice In Chains","Whale & Wasp","Jar Of Flies",2:35,,USSM10022840,,,1994,,,"SME - Columbia",5099747485527
"Oct 17, 2023","10:30:00 PM",2023-10-17T22:30:00-0700,"10.17.2023 - Jim Causey",Music,120,173567,"Jim Causey","Oct 17, 2023","11:26:57 PM",2023-10-17T23:26:57-0700,"Kings Of Convenience","I Don't Know What I Can Save You From - Röyksopp Remix","RMX - curated by Blank & Jones",4:13,,GBDCG0100165,,,2011,,,"Source UK",724381123553
"Oct 17, 2023","10:30:00 PM",2023-10-17T22:30:00-0700,"10.17.2023 - Jim Causey",Music,120,173567,"Jim Causey","Oct 17, 2023","11:23:35 PM",2023-10-17T23:23:35-0700,"Visible Cloaks",Wheel,Wheel,3:35,,US6PQ1700083,,,2017,,,"RVNG Intl.",716670166013
"Oct 17, 2023","10:30:00 PM",2023-10-17T22:30:00-0700,"10.17.2023 - Jim Causey",Music,120,173567,"Jim Causey","Oct 17, 2023","11:18:34 PM",2023-10-17T23:18:34-0700,"Mike Oldfield","Let There Be Light","90's Vibe",4:58,,GBAHT9500324,,,2020,,,"WMG - Warner Music UK",745099858124
"Oct 17, 2023","10:30:00 PM",2023-10-17T22:30:00-0700,"10.17.2023 - Jim Causey",Music,120,173567,"Jim Causey","Oct 17, 2023","11:17:07 PM",2023-10-17T23:17:07-0700,"Mike Oldfield","In the Beginning","The Songs of Distant Earth",1:24,,GBAHT0300198,,,1994,,,"WMG - Warner Music UK",745099858124
"Oct 17, 2023","10:30:00 PM",2023-10-17T22:30:00-0700,"10.17.2023 - Jim Causey",Music,120,173567,"Jim Causey","Oct 17, 2023","11:14:31 PM",2023-10-17T23:14:31-0700,"Grand Hallway","Winter Creatures","Winter Creatures",2:46,,USHM21126027,,,2011,,,"Porchlight Records",845121036862
"Oct 17, 2023","10:30:00 PM",2023-10-17T22:30:00-0700,"10.17.2023 - Jim Causey",Music,120,173567,"Jim Causey","Oct 17, 2023","11:09:03 PM",2023-10-17T23:09:03-0700,"Surf Mesa",Manzanita,Manzanita,2:44,,USUG12303942,,,2023,,,Astralwerks,00602455924728
"Oct 17, 2023","10:30:00 PM",2023-10-17T22:30:00-0700,"10.17.2023 - Jim Causey",Music,120,173567,"Jim Causey","Oct 17, 2023","11:01:23 PM",2023-10-17T23:01:23-0700,"The Postal Service","Be Still My Heart","Give Up (Deluxe 10th Anniversary Edition)",3:03,,USSUB1304513,,,2005,,,"WMG - Sub Pop Records",098787104561
"Oct 17, 2023","10:30:00 PM",2023-10-17T22:30:00-0700,"10.17.2023 - Jim Causey",Music,120,173567,"Jim Causey","Oct 17, 2023","10:55:50 PM",2023-10-17T22:55:50-0700,"Julee Cruise","Into the Night","Playlist: Chill",4:42,,USWB10101660,,,2019,,,"WMG - Warner Catalog and O/H",075992585927
"Oct 17, 2023","10:30:00 PM",2023-10-17T22:30:00-0700,"10.17.2023 - Jim Causey",Music,120,173567,"Jim Causey","Oct 17, 2023","10:51:57 PM",2023-10-17T22:51:57-0700,ODESZA,"A Moment Apart","A Moment Apart",3:54,,GBCFB1700210,,,2017,,,"MERLIN - Counter Records",5054429135121
"Oct 17, 2023","10:30:00 PM",2023-10-17T22:30:00-0700,"10.17.2023 - Jim Causey",Music,120,173567,"Jim Causey","Oct 17, 2023","10:48:09 PM",2023-10-17T22:48:09-0700,"The Books","Cello Song Feat. Jose Gonzales","Music For A French Elevator And Other Oddities",3:54,,USY6C1320643,,,2013,,,"Temporary Residence Ltd.",656605320663
"Oct 17, 2023","10:30:00 PM",2023-10-17T22:30:00-0700,"10.17.2023 - Jim Causey",Music,120,173567,"Jim Causey","Oct 17, 2023","10:41:21 PM",2023-10-17T22:41:21-0700,"John Cale","Spinning Away",Disconnect,5:26,,DEG931050213,,,2008,,,Strut,0730003306549
"Oct 17, 2023","10:30:00 PM",2023-10-17T22:30:00-0700,"10.17.2023 - Jim Causey",Music,120,173567,"Jim Causey","Oct 17, 2023","10:37:09 PM",2023-10-17T22:37:09-0700,Grimes,Genesis,Visions,4:15,,CA21O1200002,,,2012,,,4AD,652637320862
"Oct 17, 2023","10:30:00 PM",2023-10-17T22:30:00-0700,"10.17.2023 - Jim Causey",Music,120,173567,"Jim Causey","Oct 17, 2023","10:33:37 PM",2023-10-17T22:33:37-0700,Hibou,Valium,Hibou,3:36,,USBS51500042,,,2015,,,"MERLIN - Barsuk Records",655173115725
"Oct 17, 2023","10:30:00 PM",2023-10-17T22:30:00-0700,"10.17.2023 - Jim Causey",Music,120,173567,"Jim Causey","Oct 17, 2023","10:31:27 PM",2023-10-17T22:31:27-0700,"Kaitlyn Aurelia Smith","Moon In Your Eye","I Could Be Your Dog (Prequel)",2:14,,US2J72109402,,,2021,,,"MERLIN - Ghostly International",804297840406
"Oct 10, 2023","10:30:00 PM",2023-10-10T22:30:00-0700,"10.10.2023 - Jim Causey",Music,120,173567,"Jim Causey","Oct 11, 2023","12:28:36 AM",2023-10-11T00:28:36-0700,"Aphex Twin",#19,"Selected Ambient Works Volume II",5:58,,USWB10102707,,,1994,,,"Warner Bros.",093624548263
"Oct 10, 2023","10:30:00 PM",2023-10-10T22:30:00-0700,"10.10.2023 - Jim Causey",Music,120,173567,"Jim Causey","Oct 11, 2023","12:24:00 AM",2023-10-11T00:24:00-0700,"Sarah Davachi","Play The Ghost","Play The Ghost",5:01,,GB5P52000282,,,2020,,,"Late Music",5060384619125
"Oct 10, 2023","10:30:00 PM",2023-10-10T22:30:00-0700,"10.10.2023 - Jim Causey",Music,120,173567,"Jim Causey","Oct 11, 2023","12:18:09 AM",2023-10-11T00:18:09-0700,Loscil,Pink,"Colours of Air",6:16,,USNCB2323606,,,2023,,,"ORCHARD - kranky",796441823628
"Oct 10, 2023","10:30:00 PM",2023-10-10T22:30:00-0700,"10.10.2023 - Jim Causey",Music,120,173567,"Jim Causey","Oct 11, 2023","12:11:06 AM",2023-10-11T00:11:06-0700,"Hiroshi Yoshimura","Green shower",Surround,6:08,,QZAKB2351711,,,1986,,,"MERLIN - Temporal Drift",196429386068
"Oct 10, 2023","10:30:00 PM",2023-10-10T22:30:00-0700,"10.10.2023 - Jim Causey",Music,120,173567,"Jim Causey","Oct 11, 2023","12:01:28 AM",2023-10-11T00:01:28-0700,"Wil Bolton","Yellow Morning","Sodermalm In Autumn",9:30,,QZHN72358454,,,2023,,,"Home Normal",197727155080
"Oct 10, 2023","10:30:00 PM",2023-10-10T22:30:00-0700,"10.10.2023 - Jim Causey",Music,120,173567,"Jim Causey","Oct 10, 2023","11:53:11 PM",2023-10-10T23:53:11-0700,SUSS,"That Good Night",SUSS,4:19,,USWEX2200137,,,2023,,,"Northern Spy Records",634457119352
"Oct 10, 2023","10:30:00 PM",2023-10-10T22:30:00-0700,"10.10.2023 - Jim Causey",Music,120,173567,"Jim Causey","Oct 10, 2023","11:48:40 PM",2023-10-10T23:48:40-0700,"Erik Wøllo","Motion Picture","Cloud of Strings",5:04,,USHK92341107,,,2023,,,"MERLIN - Projekt",617026041124
"Oct 10, 2023","10:30:00 PM",2023-10-10T22:30:00-0700,"10.10.2023 - Jim Causey",Music,120,173567,"Jim Causey","Oct 10, 2023","11:44:26 PM",2023-10-10T23:44:26-0700,"S.C. Sharma","After the War","The NID Tapes: Electronic Music from India 1969-1972",4:12,,GB9GM2100248,,,2023,,,"The state51 Conspiracy",5057805849339
"Oct 10, 2023","10:30:00 PM",2023-10-10T22:30:00-0700,"10.10.2023 - Jim Causey",Music,120,173567,"Jim Causey","Oct 10, 2023","11:40:53 PM",2023-10-10T23:40:53-0700,"Atul Desai","Recordings for Osaka Expo 70","Recordings for Osaka Expo 70",2:50,,GB9GM2100261,,,2023,,,"The state51 Conspiracy",5057805849360
"Oct 10, 2023","10:30:00 PM",2023-10-10T22:30:00-0700,"10.10.2023 - Jim Causey",Music,120,173567,"Jim Causey","Oct 10, 2023","11:26:44 PM",2023-10-10T23:26:44-0700,AeTopus,Relic,Relic,5:45,,USSP52347004,,,2023,,,"ORCHARD - Spotted Peccary",197189651373
"Oct 10, 2023","10:30:00 PM",2023-10-10T22:30:00-0700,"10.10.2023 - Jim Causey",Music,120,173567,"Jim Causey","Oct 10, 2023","11:09:34 PM",2023-10-10T23:09:34-0700,"Thievery Corporation","Until The Morning","The Richest Man In Babylon",3:57,,USESL1016407,,,2002,,,"ESL Music, Inc.",881034549693
"Oct 10, 2023","10:30:00 PM",2023-10-10T22:30:00-0700,"10.10.2023 - Jim Causey",Music,120,173567,"Jim Causey","Oct 10, 2023","11:04:33 PM",2023-10-10T23:04:33-0700,"Mount Maxwell","Sky Eye","Sky Eye",5:10,,CA0WS2317803,,,2023,,,"MERLIN - We Are Busy Bodies",634457155558
"Oct 10, 2023","10:30:00 PM",2023-10-10T22:30:00-0700,"10.10.2023 - Jim Causey",Music,120,173567,"Jim Causey","Oct 10, 2023","11:00:31 PM",2023-10-10T23:00:31-0700,"Bacao Rhythm & Steel Band","Stranger Things Theme","Stranger Things Theme",3:22,,QZ2L62300070,,,2023,,,"MERLIN - Big Crown Records",617308058154
"Oct 10, 2023","10:30:00 PM",2023-10-10T22:30:00-0700,"10.10.2023 - Jim Causey",Music,120,173567,"Jim Causey","Oct 10, 2023","10:55:55 PM",2023-10-10T22:55:55-0700,"King Gizzard & The Lizard Wizard","The Silver Cord","Theia / The Silver Cord / Set",4:20,,AU2ZC2300179,,,2023,,,"KGLW (King Gizzard & the Lizard Wizard)",00842812196010
"Oct 10, 2023","10:30:00 PM",2023-10-10T22:30:00-0700,"10.10.2023 - Jim Causey",Music,120,173567,"Jim Causey","Oct 10, 2023","10:52:31 PM",2023-10-10T22:52:31-0700,"King Gizzard & The Lizard Wizard",Theia,"Theia / The Silver Cord / Set",3:24,,AU2ZC2300178,,,2023,,,"KGLW (King Gizzard & the Lizard Wizard)",00842812196010
"Oct 10, 2023","10:30:00 PM",2023-10-10T22:30:00-0700,"10.10.2023 - Jim Causey",Music,120,173567,"Jim Causey","Oct 10, 2023","10:47:28 PM",2023-10-10T22:47:28-0700,"The Cure","Just Like Heaven","Kiss Me Kiss Me Kiss Me",3:32,,GBALB8700003,,,1987,,,"Universal Music",602498400807
"Oct 10, 2023","10:30:00 PM",2023-10-10T22:30:00-0700,"10.10.2023 - Jim Causey",Music,120,173567,"Jim Causey","Oct 10, 2023","10:44:06 PM",2023-10-10T22:44:06-0700,"Joy Division",Transmission,"The Best Of",3:37,,GBAAP9700178,,,2008,,,"London Records",085365731875
"Oct 10, 2023","10:30:00 PM",2023-10-10T22:30:00-0700,"10.10.2023 - Jim Causey",Music,120,173567,"Jim Causey","Oct 10, 2023","10:40:32 PM",2023-10-10T22:40:32-0700,ACTORS,"End of the World","Acts of Worship",3:50,,QMBZ92137428,,,2021,,,"ORCHARD - Artoffact Records",628070638291
"Oct 10, 2023","10:30:00 PM",2023-10-10T22:30:00-0700,"10.10.2023 - Jim Causey",Music,120,173567,"Jim Causey","Oct 10, 2023","10:34:54 PM",2023-10-10T22:34:54-0700,"Nation of Language","Sole Obsession","Sole Obsession",4:15,,GBENL2303551,,,2023,,,"Play It Again Sam",5400863131876
"Oct 10, 2023","10:30:00 PM",2023-10-10T22:30:00-0700,"10.10.2023 - Jim Causey",Music,120,173567,"Jim Causey","Oct 10, 2023","10:30:54 PM",2023-10-10T22:30:54-0700,"Soft Release","Find You Later","Find You Later",4:02,,QZNWZ2386762,,,2023,,,"Mossy Rock",197982084101
"Oct 3, 2023","10:30:00 PM",2023-10-03T22:30:00-0700,"10.03.2023 - Jim Causey",Music,120,173567,"Jim Causey","Oct 4, 2023","12:21:54 AM",2023-10-04T00:21:54-0700,Barreca,"Conscious Vapor Image","Dual Mono",6:39,,USA2Z1711059,,,2017,,,"Palace Of Lights",700261456966
"Oct 3, 2023","10:30:00 PM",2023-10-03T22:30:00-0700,"10.03.2023 - Jim Causey",Music,120,173567,"Jim Causey","Oct 4, 2023","12:03:55 AM",2023-10-04T00:03:55-0700,"Steven Wilson","The Harmony Codex","The Harmony Codex",9:50,,USZXT2350861,,,2023,,,"Steven Wilson Productions",00044003367999
"Oct 3, 2023","10:30:00 PM",2023-10-03T22:30:00-0700,"10.03.2023 - Jim Causey",Music,120,173567,"Jim Causey","Oct 3, 2023","11:59:36 PM",2023-10-03T23:59:36-0700,"Terminus Void","Memories of Rain","Origins Unknown",3:44,,QZTDY2200007,,,2022,,,"Terminus Void",692531513014
"Oct 3, 2023","10:30:00 PM",2023-10-03T22:30:00-0700,"10.03.2023 - Jim Causey",Music,120,173567,"Jim Causey","Oct 3, 2023","11:58:39 PM",2023-10-03T23:58:39-0700,SleepTherapy,"Gentle Rain Sleep Aid","Sounds Of Rain Sleep Aid",1:19,,QZP7F2169074,,,2022,,,"Zen Sounds Of Nature",698781544013
"Oct 3, 2023","10:30:00 PM",2023-10-03T22:30:00-0700,"10.03.2023 - Jim Causey",Music,120,173567,"Jim Causey","Oct 3, 2023","11:54:39 PM",2023-10-03T23:54:39-0700,Vangelis,"Love Theme From Bladerunner","Vangelis Blade Runner - Trilogy",4:56,,GBAHS0104435,,,1994,,,"EastWest U.K.",745099657468
"Oct 3, 2023","10:30:00 PM",2023-10-03T22:30:00-0700,"10.03.2023 - Jim Causey",Music,120,173567,"Jim Causey","Oct 3, 2023","11:52:30 PM",2023-10-03T23:52:30-0700,"Laurel Halo",Belleville,Belleville,2:25,,DEG932301498,,,2023,,,Awe,
"Oct 3, 2023","10:30:00 PM",2023-10-03T22:30:00-0700,"10.03.2023 - Jim Causey",Music,120,173567,"Jim Causey","Oct 3, 2023","11:46:46 PM",2023-10-03T23:46:46-0700,"Pat Metheny","Tears Of Rain","Beyond The Missouri Sky",5:30,,FRZ029601860,,,1997,,,"UMG - Universal Music Division Decca Records France",00731453713024
"Oct 3, 2023","10:30:00 PM",2023-10-03T22:30:00-0700,"10.03.2023 - Jim Causey",Music,120,173567,"Jim Causey","Oct 3, 2023","11:31:01 PM",2023-10-03T23:31:01-0700,"Mannheim Steamroller","Escape From the Atmosphere","Fresh Aire V",10:39,,USAG20000502,,,1983,,,"American Gramaphone",886443753778
"Oct 3, 2023","10:30:00 PM",2023-10-03T22:30:00-0700,"10.03.2023 - Jim Causey",Music,120,173567,"Jim Causey","Oct 3, 2023","11:29:33 PM",2023-10-03T23:29:33-0700,"Mannheim Steamroller",Lumen,"Fresh Aire V",1:29,,USAG20000501,,,1983,,,"ORCHARD - American Gramaphone",886443753822
"Oct 3, 2023","10:30:00 PM",2023-10-03T22:30:00-0700,"10.03.2023 - Jim Causey",Music,120,173567,"Jim Causey","Oct 3, 2023","11:25:33 PM",2023-10-03T23:25:33-0700,"Samuel Adams",River,Lyra,4:24,,usdy42203242,,,2022,,,"Earthy Records",198003654983
"Oct 3, 2023","10:30:00 PM",2023-10-03T22:30:00-0700,"10.03.2023 - Jim Causey",Music,120,173567,"Jim Causey","Oct 3, 2023","11:22:29 PM",2023-10-03T23:22:29-0700,"Sumner James","we touched nothing,","Piano + Clarinet",3:09,,USL4Q2359669,,,2023,,,"Bathysphere Records",198015301516
"Oct 3, 2023","10:30:00 PM",2023-10-03T22:30:00-0700,"10.03.2023 - Jim Causey",Music,120,173567,"Jim Causey","Oct 3, 2023","11:20:11 PM",2023-10-03T23:20:11-0700,"Sumner James","we were new.","Piano + Clarinet",2:22,,USL4Q2359668,,,2023,,,"Bathysphere Records",198015301516
"Oct 3, 2023","10:30:00 PM",2023-10-03T22:30:00-0700,"10.03.2023 - Jim Causey",Music,120,173567,"Jim Causey","Oct 3, 2023","11:18:15 PM",2023-10-03T23:18:15-0700,"Sumner James","it was new,","Piano + Clarinet",1:57,,USL4Q2359667,,,2023,,,"Bathysphere Records",198015301516
"Oct 3, 2023","10:30:00 PM",2023-10-03T22:30:00-0700,"10.03.2023 - Jim Causey",Music,120,173567,"Jim Causey","Oct 3, 2023","11:13:46 PM",2023-10-03T23:13:46-0700,Enya,"Storms In Africa",Watermark,4:03,,GBAHT0900034,,,1988,,,"WMG - WM UK",825646913046
"Oct 3, 2023","10:30:00 PM",2023-10-03T22:30:00-0700,"10.03.2023 - Jim Causey",Music,120,173567,"Jim Causey","Oct 3, 2023","11:09:13 PM",2023-10-03T23:09:13-0700,新时代轻音乐团,"My Love",天空仙境,4:35,,FR2X42376697,,,2000,,,Gallery,3617056065685
"Oct 3, 2023","10:30:00 PM",2023-10-03T22:30:00-0700,"10.03.2023 - Jim Causey",Music,120,173567,"Jim Causey","Oct 3, 2023","11:03:40 PM",2023-10-03T23:03:40-0700,Kitaro,"Shishu No Michi","Silk Road",4:09,,US4R31012789,,,2002,,,"Pony Canyon",4988013395909
"Oct 3, 2023","10:30:00 PM",2023-10-03T22:30:00-0700,"10.03.2023 - Jim Causey",Music,120,173567,"Jim Causey","Oct 3, 2023","10:59:27 PM",2023-10-03T22:59:27-0700,"Peter Gabriel","A Different Drum","Passion: Music for The Last Temptation of Christ",4:40,,GBCPB0900702,,,1989,,,"Real World P&D",180030000130
"Oct 3, 2023","10:30:00 PM",2023-10-03T22:30:00-0700,"10.03.2023 - Jim Causey",Music,120,173567,"Jim Causey","Oct 3, 2023","10:57:54 PM",2023-10-03T22:57:54-0700,"Peter Gabriel","In Doubt","Passion - Music For The Last Temptation Of Christ",1:33,,GBCPB0900701,,,1989,,,"Real World P&D",180030000130
"Oct 3, 2023","10:30:00 PM",2023-10-03T22:30:00-0700,"10.03.2023 - Jim Causey",Music,120,173567,"Jim Causey","Oct 3, 2023","10:53:03 PM",2023-10-03T22:53:03-0700,"Pure Bathing Culture","The River","The River",4:47,,QMBZ92393940,,,2023,,,"First City Artists",197189563348
"Oct 3, 2023","10:30:00 PM",2023-10-03T22:30:00-0700,"10.03.2023 - Jim Causey",Music,120,173567,"Jim Causey","Oct 3, 2023","10:47:19 PM",2023-10-03T22:47:19-0700,"Donald Fagen",I.G.Y.,"The Nightfly",6:03,,USWB18200007,,,1982,,,Reprise,075992369664
"Oct 3, 2023","10:30:00 PM",2023-10-03T22:30:00-0700,"10.03.2023 - Jim Causey",Music,120,173567,"Jim Causey","Oct 3, 2023","10:42:50 PM",2023-10-03T22:42:50-0700,Sting,Fragil,"...Nada Como El Sol - Selecciones Especiales En Espanol Y Portugues",3:55,,USAM18800431,,,1988,,,"UMG - A&M",00075021329522
"Oct 3, 2023","10:30:00 PM",2023-10-03T22:30:00-0700,"10.03.2023 - Jim Causey",Music,120,173567,"Jim Causey","Oct 3, 2023","10:38:16 PM",2023-10-03T22:38:16-0700,"Peter Buffett","Empire Builder","The Waiting",4:41,,USNA18714162,,,1988,,,"UMG - Narada",00076742620257
"Sep 26, 2023","10:30:00 PM",2023-09-26T22:30:00-0700,"09.26.2023 - Jim Causey",Music,120,173567,"Jim Causey","Sep 27, 2023","12:29:12 AM",2023-09-27T00:29:12-0700,"Aphex Twin",#12,"Selected Ambient Works, Vol. II",7:20,,USWB10102701,,,1994,,,"Warner Bros.",093624548263
"Sep 26, 2023","10:30:00 PM",2023-09-26T22:30:00-0700,"09.26.2023 - Jim Causey",Music,120,173567,"Jim Causey","Sep 27, 2023","12:00:13 AM",2023-09-27T00:00:13-0700,"Carl Stone","Noor Mahal","Electronic Music from 1972-2022",12:17,,USVML2306104,,,2023,,,"Unseen Worlds",769256796869
"Sep 26, 2023","10:30:00 PM",2023-09-26T22:30:00-0700,"09.26.2023 - Jim Causey",Music,120,173567,"Jim Causey","Sep 26, 2023","11:56:10 PM",2023-09-26T23:56:10-0700,dal:um,Dot,Dot,3:58,,DETP62200211,,,2023,,,"MERLIN - tak:til",4030433688472
"Sep 26, 2023","10:30:00 PM",2023-09-26T22:30:00-0700,"09.26.2023 - Jim Causey",Music,120,173567,"Jim Causey","Sep 26, 2023","11:48:10 PM",2023-09-26T23:48:10-0700,Lusine,Faceless,"Long Light",3:16,,US2J72302703,,,2023,,,"Ghostly International",804297842707
"Sep 26, 2023","10:30:00 PM",2023-09-26T22:30:00-0700,"09.26.2023 - Jim Causey",Music,120,173567,"Jim Causey","Sep 26, 2023","11:42:53 PM",2023-09-26T23:42:53-0700,"Tangerine Dream","Along The Canal",Raum,5:29,,GBCQV2101092,,,2022,,,"ORCHARD - Kscope",802644831367
"Sep 26, 2023","10:30:00 PM",2023-09-26T22:30:00-0700,"09.26.2023 - Jim Causey",Music,120,173567,"Jim Causey","Sep 26, 2023","11:36:10 PM",2023-09-26T23:36:10-0700,"Lau Nau",Nukahtamislaulu,Nukahtamislaulu,6:44,,FISSP2300014,,,2023,,,Fonal,6417138696915
"Sep 26, 2023","10:30:00 PM",2023-09-26T22:30:00-0700,"09.26.2023 - Jim Causey",Music,120,173567,"Jim Causey","Sep 26, 2023","11:30:03 PM",2023-09-26T23:30:03-0700,"N Chambers","Miniature Odyssey",Facets,6:10,,USDHM2027450,,,2020,,,"Love All Day",638865185749
"Sep 26, 2023","10:30:00 PM",2023-09-26T22:30:00-0700,"09.26.2023 - Jim Causey",Music,120,173567,"Jim Causey","Sep 26, 2023","10:55:46 PM",2023-09-26T22:55:46-0700,"David Arkenstone","Beyond the Horizon","The Delicate Balance",5:07,,USANG2049622,,,2020,,,"UMG - Primary Wave Music",792755850251
"Sep 26, 2023","10:30:00 PM",2023-09-26T22:30:00-0700,"09.26.2023 - Jim Causey",Music,120,173567,"Jim Causey","Sep 26, 2023","10:51:17 PM",2023-09-26T22:51:17-0700,"Suzanne Ciani","Coral Reef","Coral Reef - Single",4:46,,QM6P42360650,,,2023,,,"Obliques / Atmospheric",197189689505
"Sep 26, 2023","10:30:00 PM",2023-09-26T22:30:00-0700,"09.26.2023 - Jim Causey",Music,120,173567,"Jim Causey","Sep 26, 2023","10:45:09 PM",2023-09-26T22:45:09-0700,"Chronotope Project","Unwinding the Dream",Chronology,6:12,,USSP52328036,,,2023,,,"Brain Laughter, Inc.",600028280820
"Sep 26, 2023","10:30:00 PM",2023-09-26T22:30:00-0700,"09.26.2023 - Jim Causey",Music,120,173567,"Jim Causey","Sep 26, 2023","10:34:30 PM",2023-09-26T22:34:30-0700,"Tangerine Dream","(Sounds Kind Of) Fruity","The Music of Grand Theft Auto V, Vol. 2: The Score",4:45,,TCABQ1373005,,,2013,,,"Rockstar Games",859711297342
"Sep 26, 2023","10:30:00 PM",2023-09-26T22:30:00-0700,"09.26.2023 - Jim Causey",Music,120,173567,"Jim Causey","Sep 26, 2023","10:30:09 PM",2023-09-26T22:30:09-0700,Lusine,"Long Light","Long Light",5:16,,US2J72302707,,,2023,,,"Ghostly International",804297842707
"Sep 19, 2023","10:30:00 PM",2023-09-19T22:30:00-0700,"09.19.2023 - Jim Causey",Music,120,173567,"Jim Causey","Sep 20, 2023","12:29:01 AM",2023-09-20T00:29:01-0700,"Thievery Corporation","Retaliation Suite","Radio Retaliation",2:54,,USESL0814011,,,2008,,,"ESL Music, Inc.",795103014022
"Sep 19, 2023","10:30:00 PM",2023-09-19T22:30:00-0700,"09.19.2023 - Jim Causey",Music,120,173567,"Jim Causey","Sep 20, 2023","12:27:50 AM",2023-09-20T00:27:50-0700,"Aphex Twin",#1,"Selected Ambient Works, Vol. II",7:28,,USWB10102690,,,1994,,,"Warner Bros.",093624548263
"Sep 19, 2023","10:30:00 PM",2023-09-19T22:30:00-0700,"09.19.2023 - Jim Causey",Music,120,173567,"Jim Causey","Sep 20, 2023","12:23:18 AM",2023-09-20T00:23:18-0700,"Rudy Adrian","Postcard from Karnak (remix)",Woodlands,3:52,,USSP51926020,,,2019,,,"Spotted Peccary",600028260327
"Sep 19, 2023","10:30:00 PM",2023-09-19T22:30:00-0700,"09.19.2023 - Jim Causey",Music,120,173567,"Jim Causey","Sep 20, 2023","12:19:19 AM",2023-09-20T00:19:19-0700,"David Arkenstone","Darkening Skies","Darkening Skies",3:55,,QM3DF2264254,,,2023,,,"QDV Music",197644887187
"Sep 19, 2023","10:30:00 PM",2023-09-19T22:30:00-0700,"09.19.2023 - Jim Causey",Music,120,173567,"Jim Causey","Sep 20, 2023","12:00:19 AM",2023-09-20T00:00:19-0700,"Tangerine Dream","Phaedra - Steven Wilson 2018 Stereo Remix","Phaedra (Deluxe Version)",17:37,,GBUM71807125,,,1974,,,"UMG - UMC (Universal Music Catalogue)",00602577799808
"Sep 19, 2023","10:30:00 PM",2023-09-19T22:30:00-0700,"09.19.2023 - Jim Causey",Music,120,173567,"Jim Causey","Sep 19, 2023","11:53:51 PM",2023-09-19T23:53:51-0700,"Dreamstate Logic","Approaching Aldebaran",Starbound,6:27,,QZES62374552,,,2023,,,"Dreamstate Logic",197630270443
"Sep 19, 2023","10:30:00 PM",2023-09-19T22:30:00-0700,"09.19.2023 - Jim Causey",Music,120,173567,"Jim Causey","Sep 19, 2023","11:45:32 PM",2023-09-19T23:45:32-0700,"Terminus Void","Left Behind","Origins Unknown",8:24,,QZTDY2200005,,,2022,,,"Terminus Void",692531513014
"Sep 19, 2023","10:30:00 PM",2023-09-19T22:30:00-0700,"09.19.2023 - Jim Causey",Music,120,173567,"Jim Causey","Sep 19, 2023","11:40:52 PM",2023-09-19T23:40:52-0700,"David Arkenstone","Warm Lights Flicker Across The Lake",Winterlüde,4:08,,QM3DF2264246,,,2023,,,"QDV Music",197644887187
"Sep 19, 2023","10:30:00 PM",2023-09-19T22:30:00-0700,"09.19.2023 - Jim Causey",Music,120,173567,"Jim Causey","Sep 19, 2023","11:27:30 PM",2023-09-19T23:27:30-0700,"Siren and the Sea","Organ Breath","Gravity Wave",4:21,,USDY42320921,,,2023,,,"Bathysphere Records",198015967583
"Sep 19, 2023","10:30:00 PM",2023-09-19T22:30:00-0700,"09.19.2023 - Jim Causey",Music,120,173567,"Jim Causey","Sep 19, 2023","10:48:09 PM",2023-09-19T22:48:09-0700,"New Order","Regret - 2015 Remastered Version",Republic,4:09,,GBANP9400060,,,1993,,,"London Records",639842822862
"Sep 19, 2023","10:30:00 PM",2023-09-19T22:30:00-0700,"09.19.2023 - Jim Causey",Music,120,173567,"Jim Causey","Sep 19, 2023","10:39:59 PM",2023-09-19T22:39:59-0700,"FM Attack","A Million Miles Away","Astrowave - EP",3:57,,CA1HD1000050,,,2018,,,"MERLIN - LW Recordings",5054283962352
"Sep 19, 2023","10:30:00 PM",2023-09-19T22:30:00-0700,"09.19.2023 - Jim Causey",Music,120,173567,"Jim Causey","Sep 19, 2023","10:33:34 PM",2023-09-19T22:33:34-0700,Barrie,Darjeeling,"Happy To Be Here",3:19,,QZ8SH1903001,,,2019,,,"MERLIN - Winspear",704751183608
"Sep 12, 2023","10:30:00 PM",2023-09-12T22:30:00-0700,"09.12.2023 - Jim Causey",Music,120,173567,"Jim Causey","Sep 13, 2023","12:29:51 AM",2023-09-13T00:29:51-0700,"Aphex Twin",#12,"Selected Ambient Works, Vol. II",7:20,,USWB10102701,,,1994,,,"Warner Bros.",093624548263
"Sep 12, 2023","10:30:00 PM",2023-09-12T22:30:00-0700,"09.12.2023 - Jim Causey",Music,120,173567,"Jim Causey","Sep 13, 2023","12:29:01 AM",2023-09-13T00:29:01-0700,Quantic,"Cuidad del Swing (Quantic Presents... Flowering Inferno) - Version","Death of the Revolution",3:52,,GBEUE0800923,,,2008,,,"BELIEVE - Tru Thoughts",5060006349522
"Sep 12, 2023","10:30:00 PM",2023-09-12T22:30:00-0700,"09.12.2023 - Jim Causey",Music,120,173567,"Jim Causey","Sep 13, 2023","12:15:16 AM",2023-09-13T00:15:16-0700,UFOm,"Screen Memory","Aliens Are Real",3:00,,USA2P2325733,,,2023,,,"Moon Glyph",196922481390
"Sep 12, 2023","10:30:00 PM",2023-09-12T22:30:00-0700,"09.12.2023 - Jim Causey",Music,120,173567,"Jim Causey","Sep 13, 2023","12:10:43 AM",2023-09-13T00:10:43-0700,"David Arkenstone","Reflections In The Empty Spaces",Solitude,4:22,,USMYH2100009,,,2021,,,"ORCHARD - Neo Pacifica Recordings",196292471564
"Sep 12, 2023","10:30:00 PM",2023-09-12T22:30:00-0700,"09.12.2023 - Jim Causey",Music,120,173567,"Jim Causey","Sep 13, 2023","12:00:11 AM",2023-09-13T00:00:11-0700,Saloli,Lullaby,"The Deep End",8:07,,USNCB1821409,,,2018,,,"ORCHARD - kranky",796441821426
"Sep 12, 2023","10:30:00 PM",2023-09-12T22:30:00-0700,"09.12.2023 - Jim Causey",Music,120,173567,"Jim Causey","Sep 12, 2023","11:56:53 PM",2023-09-12T23:56:53-0700,"Eydís Evensen","Tephra Horizon","Tephra Horizon",3:00,,USSM12211681,,,2023,,,"SME - XXIM Records",196589850928
"Sep 12, 2023","10:30:00 PM",2023-09-12T22:30:00-0700,"09.12.2023 - Jim Causey",Music,120,173567,"Jim Causey","Sep 12, 2023","11:38:13 PM",2023-09-12T23:38:13-0700,"Tangerine Dream",Raum,"Probe 6-8",14:54,,QMEU32116226,,,2021,,,Kscope,802644828763
"Sep 12, 2023","10:30:00 PM",2023-09-12T22:30:00-0700,"09.12.2023 - Jim Causey",Music,120,173567,"Jim Causey","Sep 12, 2023","11:31:14 PM",2023-09-12T23:31:14-0700,"Dead Can Dance","The Spider’s Stratagem",Wake,6:41,,GBAFL9300099,,,2003,,,"MERLIN - 4AD",5059638078153
"Sep 12, 2023","10:30:00 PM",2023-09-12T22:30:00-0700,"09.12.2023 - Jim Causey",Music,120,173567,"Jim Causey","Sep 12, 2023","11:26:38 PM",2023-09-12T23:26:38-0700,"David Arkenstone","Warm Lights Flicker Across The Lake",Winterlüde,4:08,,QM3DF2264246,,,2023,,,"QDV Music",197644887187
"Sep 12, 2023","10:30:00 PM",2023-09-12T22:30:00-0700,"09.12.2023 - Jim Causey",Music,120,173567,"Jim Causey","Sep 12, 2023","11:19:24 PM",2023-09-12T23:19:24-0700,Helios,Emeralds,Espera,4:12,,US2J72302510,,,2023,,,"MERLIN - Ghostly International",804297842509
"Sep 12, 2023","10:30:00 PM",2023-09-12T22:30:00-0700,"09.12.2023 - Jim Causey",Music,120,173567,"Jim Causey","Sep 12, 2023","11:09:07 PM",2023-09-12T23:09:07-0700,"Suzanne Ciani","Golden Apples Of The Sun","Golden Apples of the Sun",4:33,,QM6P42360649,,,2023,,,"Obliques / Atmospheric",3760179357547
"Sep 12, 2023","10:30:00 PM",2023-09-12T22:30:00-0700,"09.12.2023 - Jim Causey",Music,120,173567,"Jim Causey","Sep 12, 2023","10:56:47 PM",2023-09-12T22:56:47-0700,"David Arkenstone","Night Wind","Valley In The Clouds",3:55,,USTUS2430006,,,1987,,,"QDV Music",1963622716140
"Sep 12, 2023","10:30:00 PM",2023-09-12T22:30:00-0700,"09.12.2023 - Jim Causey",Music,120,173567,"Jim Causey","Sep 12, 2023","10:45:34 PM",2023-09-12T22:45:34-0700,"Lane Lines","Like to Look Sad","Like to Look Sad",3:51,,QZTAX2218090,,,2022,,,DISTROKID,197272393302
"Sep 12, 2023","10:30:00 PM",2023-09-12T22:30:00-0700,"09.12.2023 - Jim Causey",Music,120,173567,"Jim Causey","Sep 12, 2023","10:41:16 PM",2023-09-12T22:41:16-0700,"Mt Fog","Test of Time","Guide to the Unusual",3:50,,QZHN92142173,,,2021,,,"Save the Forest for the Trees",196251393050
"Sep 12, 2023","10:30:00 PM",2023-09-12T22:30:00-0700,"09.12.2023 - Jim Causey",Music,120,173567,"Jim Causey","Sep 12, 2023","10:37:02 PM",2023-09-12T22:37:02-0700,"David Bowie","Ashes to Ashes - 2017 Remaster","Scary Monsters (And Super Creeps) [2017 Remaster]",4:26,,USJT11700046,,,2017,,,"WMG - PLG UK Catalog",190295842970
"Sep 12, 2023","10:30:00 PM",2023-09-12T22:30:00-0700,"09.12.2023 - Jim Causey",Music,120,173567,"Jim Causey","Sep 12, 2023","10:30:40 PM",2023-09-12T22:30:40-0700,Brutax,Rosemury,"lickity strings",1:57,,SE6RB2200959,,,2022,,,"BELIEVE - Firefly Entertainment AB",7340202282846
"Sep 12, 2023","10:30:00 PM",2023-09-12T22:30:00-0700,"09.12.2023 - Jim Causey",Music,120,173567,"Jim Causey","Sep 12, 2023","10:30:40 PM",2023-09-12T22:30:40-0700,NAVVI,IV,V,4:10,,GBHLW2300289,,,2023,,,"Hush Hush",5056321686466
"Sep 5, 2023","10:30:00 PM",2023-09-05T22:30:00-0700,"09.05.2023 - Jim Causey",Music,120,173567,"Jim Causey","Sep 6, 2023","12:29:08 AM",2023-09-06T00:29:08-0700,"DJ Olive",Coonymus,"BBQ Beets II ""Return of the Yams""",5:53,,US25T0913986,,,2004,,,"the Agriculture",680418003123
"Sep 5, 2023","10:30:00 PM",2023-09-05T22:30:00-0700,"09.05.2023 - Jim Causey",Music,120,173567,"Jim Causey","Sep 6, 2023","12:21:56 AM",2023-09-06T00:21:56-0700,"Steve Roach","Towards The Dream","Dreamtime Return - 30th Anniversary Remastered Edition",7:10,,USHK91835001,,,1988,,,Projekt,
"Sep 5, 2023","10:30:00 PM",2023-09-05T22:30:00-0700,"09.05.2023 - Jim Causey",Music,120,173567,"Jim Causey","Sep 6, 2023","12:18:31 AM",2023-09-06T00:18:31-0700,"Hyperion V",Oumuamua,"Accretion Disc",4:23,,USSP52391015,,,2023,,,"Spotted Peccary",600028910529
"Sep 5, 2023","10:30:00 PM",2023-09-05T22:30:00-0700,"09.05.2023 - Jim Causey",Music,120,173567,"Jim Causey","Sep 6, 2023","12:10:46 AM",2023-09-06T00:10:46-0700,Talsounds,Slides,"Shift (Singles)",6:48,,USWEX2300037,,,2023,,,"NNA Tapes",634457147454
"Sep 5, 2023","10:30:00 PM",2023-09-05T22:30:00-0700,"09.05.2023 - Jim Causey",Music,120,173567,"Jim Causey","Sep 5, 2023","11:59:48 PM",2023-09-05T23:59:48-0700,"Blessed are the Hearts that Bend",Returning,Edgelands,11:37,,GBMJG2313056,,,2023,,,"Blessed are the Hearts that Bend",5056628092809
"Sep 5, 2023","10:30:00 PM",2023-09-05T22:30:00-0700,"09.05.2023 - Jim Causey",Music,120,173567,"Jim Causey","Sep 5, 2023","11:54:38 PM",2023-09-05T23:54:38-0700,"Mount Maxwell","Sky Eye","Sky Eye",5:10,,CA0WS2317803,,,2023,,,"MERLIN - We Are Busy Bodies",634457155558
"Sep 5, 2023","10:30:00 PM",2023-09-05T22:30:00-0700,"09.05.2023 - Jim Causey",Music,120,173567,"Jim Causey","Sep 5, 2023","11:34:18 PM",2023-09-05T23:34:18-0700,"Brass Clouds","Liquid Lucid","Escape Vessels",3:27,,USMH92380240,,,2023,,,"Bathysphere Records",198015301509
"Sep 5, 2023","10:30:00 PM",2023-09-05T22:30:00-0700,"09.05.2023 - Jim Causey",Music,120,173567,"Jim Causey","Sep 5, 2023","11:23:30 PM",2023-09-05T23:23:30-0700,TarotPlane,"Part I",Murmuration,11:18,,UKN6K2300646,,,2023,,,NPM,5056467360749
"Sep 5, 2023","10:30:00 PM",2023-09-05T22:30:00-0700,"09.05.2023 - Jim Causey",Music,120,173567,"Jim Causey","Sep 5, 2023","11:19:57 PM",2023-09-05T23:19:57-0700,"Pabellón Sintético",Bauhaus,"Mies van der Rohe's dreams",8:06,,GX38U2385477,,,2023,,,"Cyclical Dreams",5063292622003
"Sep 5, 2023","10:30:00 PM",2023-09-05T22:30:00-0700,"09.05.2023 - Jim Causey",Music,120,173567,"Jim Causey","Sep 5, 2023","11:15:56 PM",2023-09-05T23:15:56-0700,"Hello Meteor","Way Of Lakes","Traditional Dreams For January",4:14,,QZRP52370082,,,2023,,,DISTROKID,197992309126
"Sep 5, 2023","10:30:00 PM",2023-09-05T22:30:00-0700,"09.05.2023 - Jim Causey",Music,120,173567,"Jim Causey","Sep 5, 2023","11:03:19 PM",2023-09-05T23:03:19-0700,"Craig Padilla","Sunflowers in the Wind","Sunflowers in the Wind",4:37,,USSP52391004,,,2023,,,"Spotted Peccary",197187836888
"Sep 5, 2023","10:30:00 PM",2023-09-05T22:30:00-0700,"09.05.2023 - Jim Causey",Music,120,173567,"Jim Causey","Sep 5, 2023","10:59:01 PM",2023-09-05T22:59:01-0700,"David Arkenstone","Darkening Skies","Darkening Skies",3:55,,QM3DF2264254,,,2023,,,"QDV Music",197644887187
"Sep 5, 2023","10:30:00 PM",2023-09-05T22:30:00-0700,"09.05.2023 - Jim Causey",Music,120,173567,"Jim Causey","Sep 5, 2023","10:52:17 PM",2023-09-05T22:52:17-0700,"Still Corners","White Sands","White Sands",5:35,,QZCWY2000003,,,2021,,,"Wrecking Light Records",859742368622
"Sep 5, 2023","10:30:00 PM",2023-09-05T22:30:00-0700,"09.05.2023 - Jim Causey",Music,120,173567,"Jim Causey","Sep 5, 2023","10:43:07 PM",2023-09-05T22:43:07-0700,"Vallis Alps","On The Eve Of The Rush","On The Eve Of The Rush",4:31,,QMDA72225161,,,2022,,,"Vallis Alps",197187356669
"Sep 5, 2023","10:30:00 PM",2023-09-05T22:30:00-0700,"09.05.2023 - Jim Causey",Music,120,173567,"Jim Causey","Sep 5, 2023","10:38:13 PM",2023-09-05T22:38:13-0700,"Lane Lines","Time & Space","Time & Space",3:38,,QZK6F2371941,,,2023,,,DISTROKID,197876722683
"Sep 5, 2023","10:30:00 PM",2023-09-05T22:30:00-0700,"09.05.2023 - Jim Causey",Music,120,173567,"Jim Causey","Sep 5, 2023","10:34:09 PM",2023-09-05T22:34:09-0700,"Pure Bathing Culture","The Memento","The Memento",3:54,,QMBZ92393942,,,2023,,,"First City Artists",197189563348
"Sep 5, 2023","10:30:00 PM",2023-09-05T22:30:00-0700,"09.05.2023 - Jim Causey",Music,120,173567,"Jim Causey","Sep 5, 2023","10:31:05 PM",2023-09-05T22:31:05-0700,"Hotel Pools",Faded,Faded,3:19,,QZRP52220076,,,2022,,,"Wild Nature",197273279971
"Aug 29, 2023","10:30:00 PM",2023-08-29T22:30:00-0700,"08.29.2023 - Jim Causey",Music,120,173567,"Jim Causey","Aug 30, 2023","12:29:12 AM",2023-08-30T00:29:12-0700,"Aphex Twin",#1,"Selected Ambient Works, Vol. II",7:28,,USWB10102690,,,1994,,,"Warner Bros.",093624548263
"Aug 29, 2023","10:30:00 PM",2023-08-29T22:30:00-0700,"08.29.2023 - Jim Causey",Music,120,173567,"Jim Causey","Aug 30, 2023","12:19:03 AM",2023-08-30T00:19:03-0700,"Tom Eaton","before obsidian","elements: audio environments - fire",10:00,,USANG2084759,,,2020,,,Riverwide,018736326578
"Aug 29, 2023","10:30:00 PM",2023-08-29T22:30:00-0700,"08.29.2023 - Jim Causey",Music,120,173567,"Jim Causey","Aug 29, 2023","11:54:12 PM",2023-08-29T23:54:12-0700,"The Conspiracy Tapes","For As Long As It Takes","The Conspiracy Tapes",6:07,,QZMEM2340640,,,2023,,,Countermeasure,197876500892
"Aug 29, 2023","10:30:00 PM",2023-08-29T22:30:00-0700,"08.29.2023 - Jim Causey",Music,120,173567,"Jim Causey","Aug 29, 2023","11:48:28 PM",2023-08-29T23:48:28-0700,AeTopus,Aerie,Urbus,5:47,,QMX3C2100085,,,2022,,,"12Ton Productions",195269132613
"Aug 29, 2023","10:30:00 PM",2023-08-29T22:30:00-0700,"08.29.2023 - Jim Causey",Music,120,173567,"Jim Causey","Aug 29, 2023","11:43:05 PM",2023-08-29T23:43:05-0700,"Siren and the Sea","Probably Hawai'i","Gravity Wave",3:34,,USDY42320919,,,2023,,,"Bathysphere Records",198015967583
"Aug 29, 2023","10:30:00 PM",2023-08-29T22:30:00-0700,"08.29.2023 - Jim Causey",Music,120,173567,"Jim Causey","Aug 29, 2023","11:39:42 PM",2023-08-29T23:39:42-0700,Enya,"The Loxian Gate","Dark Sky Island",3:34,,GBAHT1500535,,,2015,,,"WMG - Warner Music UK",825646957767
"Aug 29, 2023","10:30:00 PM",2023-08-29T22:30:00-0700,"08.29.2023 - Jim Causey",Music,120,173567,"Jim Causey","Aug 29, 2023","11:35:22 PM",2023-08-29T23:35:22-0700,"Eydís Evensen","Dreaming of Light","The Light",4:15,,USSM12211685,,,2023,,,"SME - XXIM Records",196589078605
"Aug 29, 2023","10:30:00 PM",2023-08-29T22:30:00-0700,"08.29.2023 - Jim Causey",Music,120,173567,"Jim Causey","Aug 29, 2023","11:30:11 PM",2023-08-29T23:30:11-0700,"Deborah Martin","Hall of Whispers","Into The Quiet",5:37,,USSP52390006,,,2023,,,"Spotted Peccary",600028906621
"Aug 29, 2023","10:30:00 PM",2023-08-29T22:30:00-0700,"08.29.2023 - Jim Causey",Music,120,173567,"Jim Causey","Aug 29, 2023","11:28:16 PM",2023-08-29T23:28:16-0700,"Still Corners","Shifting Dunes","The Last Exit",2:35,,QZCWY2000010,,,2021,,,"Wrecking Light Records",859742368622
"Aug 29, 2023","10:30:00 PM",2023-08-29T22:30:00-0700,"08.29.2023 - Jim Causey",Music,120,173567,"Jim Causey","Aug 29, 2023","11:18:42 PM",2023-08-29T23:18:42-0700,"The MIDI Janitor","Vapor King","Bulk Order",2:45,,QZFYZ2330864,,,2023,,,"Staff Meal Recordings",197544737599
"Aug 29, 2023","10:30:00 PM",2023-08-29T22:30:00-0700,"08.29.2023 - Jim Causey",Music,120,173567,"Jim Causey","Aug 29, 2023","11:07:26 PM",2023-08-29T23:07:26-0700,"Nils Frahm","All Armed","All Armed",11:39,,GBWZD1912502,,,2019,,,"MERLIN - Erased Tapes",3663729094841
"Aug 29, 2023","10:30:00 PM",2023-08-29T22:30:00-0700,"08.29.2023 - Jim Causey",Music,120,173567,"Jim Causey","Aug 29, 2023","11:03:06 PM",2023-08-29T23:03:06-0700,Bluetech,"Echoes Of Orion","Spacehop Chronicles 2: Echoes Of Orion",4:29,,QZK6P2320446,,,2023,,,"Over the Moon Music",197802161432
"Aug 29, 2023","10:30:00 PM",2023-08-29T22:30:00-0700,"08.29.2023 - Jim Causey",Music,120,173567,"Jim Causey","Aug 29, 2023","10:59:28 PM",2023-08-29T22:59:28-0700,"Style King of the Week","Eerie Blvd.","Style King of the Week",3:32,,USCGJ2395613,,,2023,,,"Style King of the Week",198015870531
"Aug 29, 2023","10:30:00 PM",2023-08-29T22:30:00-0700,"08.29.2023 - Jim Causey",Music,120,173567,"Jim Causey","Aug 29, 2023","10:55:56 PM",2023-08-29T22:55:56-0700,LEATHERS,Ultraviolet,Ultraviolet,3:05,,QMBZ92281640,,,2022,,,"ORCHARD - Artoffact Records",196925682893
"Aug 29, 2023","10:30:00 PM",2023-08-29T22:30:00-0700,"08.29.2023 - Jim Causey",Music,120,173567,"Jim Causey","Aug 29, 2023","10:51:26 PM",2023-08-29T22:51:26-0700,"FM Attack","Cosmic Voyage","Cosmic Voyage",4:45,,TCAGR2221315,,,2023,,,"MERLIN - Starfield Music",859768547254
"Aug 29, 2023","10:30:00 PM",2023-08-29T22:30:00-0700,"08.29.2023 - Jim Causey",Music,120,173567,"Jim Causey","Aug 29, 2023","10:44:51 PM",2023-08-29T22:44:51-0700,"Holy Fuck","Free Gloss (feat. Nicholas Allbrook)","Free Gloss (feat. Nicholas Allbrook)",6:25,,GBKPL1969262,,,2019,,,"MERLIN - Holy EF Music",5054526030312
"Aug 29, 2023","10:30:00 PM",2023-08-29T22:30:00-0700,"08.29.2023 - Jim Causey",Music,120,173567,"Jim Causey","Aug 29, 2023","10:41:35 PM",2023-08-29T22:41:35-0700,"Melody's Echo Chamber","Looking Backward","Looking Backward",3:21,,GBCEL2100456,,,2022,,,"MERLIN - Domino Recording Co",887829126988
"Aug 29, 2023","10:30:00 PM",2023-08-29T22:30:00-0700,"08.29.2023 - Jim Causey",Music,120,173567,"Jim Causey","Aug 29, 2023","10:38:49 PM",2023-08-29T22:38:49-0700,Yaeji,"Done (Let’s Get It)","Done (Let's Get It)",2:52,,GBBKS2200188,,,2023,,,"MERLIN - XL Recordings",5059638397964
"Aug 29, 2023","10:30:00 PM",2023-08-29T22:30:00-0700,"08.29.2023 - Jim Causey",Music,120,173567,"Jim Causey","Aug 29, 2023","10:34:41 PM",2023-08-29T22:34:41-0700,CHVRCHES,"The Mother We Share","The Bones Of What You Believe (Special Edition)",3:11,,GBZN81300014,,,2013,,,"MERLIN - Glassnote Entertainment Group LLC",0044003170964
"Aug 29, 2023","10:30:00 PM",2023-08-29T22:30:00-0700,"08.29.2023 - Jim Causey",Music,120,173567,"Jim Causey","Aug 29, 2023","10:30:58 PM",2023-08-29T22:30:58-0700,"Mt Fog","Behind a Silent Door","Behind a Silent Door",3:47,,QZK6P2234543,,,2022,,,"Save the Forest for the Trees",196990973162
"Aug 22, 2023","10:30:00 PM",2023-08-22T22:30:00-0700,"08.22.2023 - Jim Causey",Music,120,173567,"Jim Causey","Aug 23, 2023","12:28:06 AM",2023-08-23T00:28:06-0700,QPE,Mirrored,Gentrifried,3:41,,US25T0914406,,,2006,,,"ORCHARD - the Agriculture",680418004120
"Aug 22, 2023","10:30:00 PM",2023-08-22T22:30:00-0700,"08.22.2023 - Jim Causey",Music,120,173567,"Jim Causey","Aug 23, 2023","12:24:28 AM",2023-08-23T00:24:28-0700,"Hello Meteor","Hoshimi Rubies","The Lower Path",4:07,,QZK6N2345820,,,2023,,,DISTROKID,197814738943
"Aug 22, 2023","10:30:00 PM",2023-08-22T22:30:00-0700,"08.22.2023 - Jim Causey",Music,120,173567,"Jim Causey","Aug 23, 2023","12:20:38 AM",2023-08-23T00:20:38-0700,"Brian Eno","Everything Merges With The Night - 2004 Digital Remaster","Another Green World",3:59,,GBAAA0400086,,,1975,,,"UMG - EMI Marketing",00724357729154
"Aug 22, 2023","10:30:00 PM",2023-08-22T22:30:00-0700,"08.22.2023 - Jim Causey",Music,120,173567,"Jim Causey","Aug 23, 2023","12:14:18 AM",2023-08-23T00:14:18-0700,"Mark Vernon","The Tyrol, 1972","Call Back Carousel",6:33,,FRIDO2312455,,,2023,,,"MERLIN - Discrepant",5065004291354
"Aug 22, 2023","10:30:00 PM",2023-08-22T22:30:00-0700,"08.22.2023 - Jim Causey",Music,120,173567,"Jim Causey","Aug 23, 2023","12:10:28 AM",2023-08-23T00:10:28-0700,"Bruce Mitchell","Gateway To The Sun","Hidden Pathways",4:01,,USNA18713508,,,1987,,,Narada,00094635218350
"Aug 22, 2023","10:30:00 PM",2023-08-22T22:30:00-0700,"08.22.2023 - Jim Causey",Music,120,173567,"Jim Causey","Aug 22, 2023","11:53:06 PM",2023-08-22T23:53:06-0700,"Pabellón Sintético","Farnsworth house","Mies van der Rohe's dreams",5:47,,GX38U2357300,,,2023,,,"Cyclical Dreams",5063292622003
"Aug 22, 2023","10:30:00 PM",2023-08-22T22:30:00-0700,"08.22.2023 - Jim Causey",Music,120,173567,"Jim Causey","Aug 22, 2023","11:43:20 PM",2023-08-22T23:43:20-0700,"Nils Frahm",#2,"Tripping with Nils Frahm",10:45,,GBWZD2013607,,,2020,,,"Erased Tapes",3663729137159
"Aug 22, 2023","10:30:00 PM",2023-08-22T22:30:00-0700,"08.22.2023 - Jim Causey",Music,120,173567,"Jim Causey","Aug 22, 2023","11:33:05 PM",2023-08-22T23:33:05-0700,"Andreas Vollenweider","Dancing with the Lion","Dancing With The Lion",4:00,,FR96X2094546,,,1989,,,"BELIEVE - AVAF Music",3616406551700
"Aug 22, 2023","10:30:00 PM",2023-08-22T22:30:00-0700,"08.22.2023 - Jim Causey",Music,120,173567,"Jim Causey","Aug 22, 2023","11:28:56 PM",2023-08-22T23:28:56-0700,"David Arkenstone","The Icy Brook Finds Its Way","The Icy Brook Finds Its Way",4:12,,QM3DF2264247,,,2023,,,"QDV Music",197644887187
"Aug 22, 2023","10:30:00 PM",2023-08-22T22:30:00-0700,"08.22.2023 - Jim Causey",Music,120,173567,"Jim Causey","Aug 22, 2023","11:16:26 PM",2023-08-22T23:16:26-0700,"Caterina Barbieri","Math of You","Math of You",5:39,,DEG932301229,,,2023,,,light-years,4062548064247
"Aug 22, 2023","10:30:00 PM",2023-08-22T22:30:00-0700,"08.22.2023 - Jim Causey",Music,120,173567,"Jim Causey","Aug 22, 2023","11:10:00 PM",2023-08-22T23:10:00-0700,"Four Tet","4T Recordings","4T Recordings",3:17,,GBXNG2051014,,,2020,,,"Text Records",3663729114273
"Aug 22, 2023","10:30:00 PM",2023-08-22T22:30:00-0700,"08.22.2023 - Jim Causey",Music,120,173567,"Jim Causey","Aug 22, 2023","11:05:24 PM",2023-08-22T23:05:24-0700,"Kate Bush","Rubberband Girl","The Red Shoes",4:42,,USSM10026222,,,1993,,,Columbia,74645373720
"Aug 22, 2023","10:30:00 PM",2023-08-22T22:30:00-0700,"08.22.2023 - Jim Causey",Music,120,173567,"Jim Causey","Aug 22, 2023","11:01:23 PM",2023-08-22T23:01:23-0700,"Sarah McLachlan","Back Door Man",Solace,4:12,,CAN119600020,,,1992,,,"WMG - Nettwerk Records",067003005555
"Aug 22, 2023","10:30:00 PM",2023-08-22T22:30:00-0700,"08.22.2023 - Jim Causey",Music,120,173567,"Jim Causey","Aug 22, 2023","10:57:19 PM",2023-08-22T22:57:19-0700,"Mt Fog","Waiting Through These Years","Waiting Through These Years",4:20,,QZMEM2200925,,,2022,,,"Save the Forest for the Trees",197085934303
"Aug 22, 2023","10:30:00 PM",2023-08-22T22:30:00-0700,"08.22.2023 - Jim Causey",Music,120,173567,"Jim Causey","Aug 22, 2023","10:50:31 PM",2023-08-22T22:50:31-0700,"Sinéad Lohan","No Mermaid","Message In A Bottle (O.S.T.)",4:04,,USAT20102022,,,1999,,,"Atlantic Recording",075679982766
"Aug 22, 2023","10:30:00 PM",2023-08-22T22:30:00-0700,"08.22.2023 - Jim Causey",Music,120,173567,"Jim Causey","Aug 22, 2023","10:46:42 PM",2023-08-22T22:46:42-0700,"Small Black","Duplex (Com Truise Remix)","Duplex (Com Truise Remix)",4:23,,QZQAY2100314,,,2021,,,"VYDIA - 100% Electronica",720665672915
"Aug 22, 2023","10:30:00 PM",2023-08-22T22:30:00-0700,"08.22.2023 - Jim Causey",Music,120,173567,"Jim Causey","Aug 22, 2023","10:42:33 PM",2023-08-22T22:42:33-0700,"Wild Nothing","Sleight of Hand","Laughing Gas",4:25,,QMMZN1901755,,,2020,,,"Captured Tracks",817949018054
"Aug 22, 2023","10:30:00 PM",2023-08-22T22:30:00-0700,"08.22.2023 - Jim Causey",Music,120,173567,"Jim Causey","Aug 22, 2023","10:36:44 PM",2023-08-22T22:36:44-0700,"Caroline Polachek",Breathless,Breathless,3:02,,QM4TX2032158,,,2020,,,"ORCHARD - Perpetual Novice",195497105892
"Aug 15, 2023","10:30:00 PM",2023-08-15T22:30:00-0700,"08.15.2023 - Jim Causey",Music,120,173567,"Jim Causey","Aug 16, 2023","12:00:52 AM",2023-08-16T00:00:52-0700,"Fog Net","Polymer Field",Headlands,5:01,,USHM22349619,,,2023,,,"Bathysphere Records",198015301479
"Aug 15, 2023","10:30:00 PM",2023-08-15T22:30:00-0700,"08.15.2023 - Jim Causey",Music,120,173567,"Jim Causey","Aug 15, 2023","11:50:26 PM",2023-08-15T23:50:26-0700,Saloli,Barcarolle,"The Deep End",4:42,,USNCB1821401,,,2018,,,"ORCHARD - kranky",796441821426
"Aug 15, 2023","10:30:00 PM",2023-08-15T22:30:00-0700,"08.15.2023 - Jim Causey",Music,120,173567,"Jim Causey","Aug 15, 2023","11:29:59 PM",2023-08-15T23:29:59-0700,"Steve Roach","Halcyon Days","Halcyon Days",10:20,,USAKS0600386,,,1996,,,"Hearts of Space Records",025041107228
"Aug 15, 2023","10:30:00 PM",2023-08-15T22:30:00-0700,"08.15.2023 - Jim Causey",Music,120,173567,"Jim Causey","Aug 15, 2023","11:19:13 PM",2023-08-15T23:19:13-0700,"Javier Nero","Kemet (The Black Land)","Kemet (The Black Land)",10:34,,QM3JE2302429,,,2023,,,"Outside In Music",197773057703
"Aug 15, 2023","10:30:00 PM",2023-08-15T22:30:00-0700,"08.15.2023 - Jim Causey",Music,120,173567,"Jim Causey","Aug 15, 2023","11:10:05 PM",2023-08-15T23:10:05-0700,"Pat Metheny Group","The First Circle","First Circle",9:10,,DEB338427803,,,2008,,,"UMG - ECM Records",00044001416323
"Aug 15, 2023","10:30:00 PM",2023-08-15T22:30:00-0700,"08.15.2023 - Jim Causey",Music,120,173567,"Jim Causey","Aug 15, 2023","11:01:54 PM",2023-08-15T23:01:54-0700,Iceblink,Healer,"Carpet Cocoon",3:51,,USA2P2000123,,,2020,,,"Moon Glyph",192641420900
"Aug 15, 2023","10:30:00 PM",2023-08-15T22:30:00-0700,"08.15.2023 - Jim Causey",Music,120,173567,"Jim Causey","Aug 15, 2023","10:57:43 PM",2023-08-15T22:57:43-0700,"David Arkenstone","The Icy Brook Finds Its Way","The Icy Brook Finds Its Way",4:12,,QM3DF2264247,,,2023,,,"David Arkenstone",197644863280
"Aug 15, 2023","10:30:00 PM",2023-08-15T22:30:00-0700,"08.15.2023 - Jim Causey",Music,120,173567,"Jim Causey","Aug 15, 2023","10:53:50 PM",2023-08-15T22:53:50-0700,"Makaya McCraven","The Fours","The Fours",3:26,,QM84B2259002,,,2022,,,"WMG - Nonesuch",075597907490
"Aug 15, 2023","10:30:00 PM",2023-08-15T22:30:00-0700,"08.15.2023 - Jim Causey",Music,120,173567,"Jim Causey","Aug 15, 2023","10:51:45 PM",2023-08-15T22:51:45-0700,"Nathan Kawanishi","Opulence 02","Opulence 02",2:11,,CAN112301149,,,2023,,,"Nettwerk Music Group",067003550062
"Aug 15, 2023","10:30:00 PM",2023-08-15T22:30:00-0700,"08.15.2023 - Jim Causey",Music,120,173567,"Jim Causey","Aug 15, 2023","10:42:39 PM",2023-08-15T22:42:39-0700,"Future Islands","Born in a War","Born in a War",4:13,,GBAFL2000213,,,2020,,,"MERLIN - 4AD",5059638064453
"Aug 15, 2023","10:30:00 PM",2023-08-15T22:30:00-0700,"08.15.2023 - Jim Causey",Music,120,173567,"Jim Causey","Aug 15, 2023","10:39:00 PM",2023-08-15T22:39:00-0700,"Small Black",Breathless,"Limits of Desire",3:46,,US38Y1320805,,,2013,,,Jagjaguwar,656605220864
"Aug 15, 2023","10:30:00 PM",2023-08-15T22:30:00-0700,"08.15.2023 - Jim Causey",Music,120,173567,"Jim Causey","Aug 15, 2023","10:34:19 PM",2023-08-15T22:34:19-0700,Hatchie,"This Enchanted","This Enchanted",3:54,,AULI02143110,,,2021,,,"MERLIN - Secretly Canadian",656605044453
"Aug 15, 2023","10:30:00 PM",2023-08-15T22:30:00-0700,"08.15.2023 - Jim Causey",Music,120,173567,"Jim Causey","Aug 15, 2023","10:30:44 PM",2023-08-15T22:30:44-0700,"Noble Oak",Eveningstar,"When It Finds You",4:00,,CAL452326611,,,2023,,,"Last Gang",634164926632
"Aug 8, 2023","10:30:00 PM",2023-08-08T22:30:00-0700,"08.08.2023 - Jim Causey",Music,120,173567,"Jim Causey","Aug 9, 2023","12:27:58 AM",2023-08-09T00:27:58-0700,"Aphex Twin",#12,"Selected Ambient Works, Vol. II",7:20,,USWB10102701,,,1994,,,"Warner Bros.",093624548263
"Aug 8, 2023","10:30:00 PM",2023-08-08T22:30:00-0700,"08.08.2023 - Jim Causey",Music,120,173567,"Jim Causey","Aug 8, 2023","11:56:17 PM",2023-08-08T23:56:17-0700,"ONE ARC DEGREE","Time Invariance","The Forest and the Milky Way",6:59,,USHM82331993,,,2023,,,Synphaera,198025512384
"Aug 8, 2023","10:30:00 PM",2023-08-08T22:30:00-0700,"08.08.2023 - Jim Causey",Music,120,173567,"Jim Causey","Aug 8, 2023","11:39:55 PM",2023-08-08T23:39:55-0700,"The Fragile Fate",Float,"Lilliam Ocean",9:25,,QMEPJ1300267,,,2016,,,"ORCHARD - Carpe Sonum",708527031179
"Aug 8, 2023","10:30:00 PM",2023-08-08T22:30:00-0700,"08.08.2023 - Jim Causey",Music,120,173567,"Jim Causey","Aug 8, 2023","11:28:52 PM",2023-08-08T23:28:52-0700,uh,prelude,humanus,4:05,,,,,,,,,
"Aug 8, 2023","10:30:00 PM",2023-08-08T22:30:00-0700,"08.08.2023 - Jim Causey",Music,120,173567,"Jim Causey","Aug 8, 2023","11:08:13 PM",2023-08-08T23:08:13-0700,m3nash,"Composure of loneliness",Declive,10:59,,GX38U2366452,,,2023,,,"Cyclical Dreams",5063341598471
"Aug 8, 2023","10:30:00 PM",2023-08-08T22:30:00-0700,"08.08.2023 - Jim Causey",Music,120,173567,"Jim Causey","Aug 8, 2023","11:06:46 PM",2023-08-08T23:06:46-0700,Jónsi,Stafafura,"Sounds of Fischer Vol. 1",4:54,,NLRD52045908,,,2022,,,INNI,8720766443676
"Aug 8, 2023","10:30:00 PM",2023-08-08T22:30:00-0700,"08.08.2023 - Jim Causey",Music,120,173567,"Jim Causey","Aug 8, 2023","11:01:22 PM",2023-08-08T23:01:22-0700,"Sin Fang","Ljósin kveikt","Ljósin kveikt",5:38,,NLRD52250397,,,2023,,,,
"Aug 8, 2023","10:30:00 PM",2023-08-08T22:30:00-0700,"08.08.2023 - Jim Causey",Music,120,173567,"Jim Causey","Aug 8, 2023","10:57:35 PM",2023-08-08T22:57:35-0700,"Cavern of Anti-Matter","melody in high feedback tones","melody in high feedback tones",3:54,,GB5P51500034,,,2015,,,Duophonic,5060384610634
"Aug 8, 2023","10:30:00 PM",2023-08-08T22:30:00-0700,"08.08.2023 - Jim Causey",Music,120,173567,"Jim Causey","Aug 8, 2023","10:52:04 PM",2023-08-08T22:52:04-0700,"Pure Bathing Culture","City of MIrrors","Roxi's Dream, Pt. 1",5:22,,QM7282329433,,,2023,,,"ORCHARD - First City Artists",197189114007
"Aug 8, 2023","10:30:00 PM",2023-08-08T22:30:00-0700,"08.08.2023 - Jim Causey",Music,120,173567,"Jim Causey","Aug 8, 2023","10:42:58 PM",2023-08-08T22:42:58-0700,"Mannheim Steamroller",Toccata,"30/40 Ultimate Collection",4:36,,USAG20000301,,,2014,,,"American Gramaphone",886443753778
"Aug 8, 2023","10:30:00 PM",2023-08-08T22:30:00-0700,"08.08.2023 - Jim Causey",Music,120,173567,"Jim Causey","Aug 8, 2023","10:38:20 PM",2023-08-08T22:38:20-0700,"Doug Cameron","The Journey","Mil Amores",4:56,,USNA19014227,,,1990,,,"UMG - Narada",00076742631055
"Aug 1, 2023","10:30:00 PM",2023-08-01T22:30:00-0700,"08.01.2023 - Jim Causey",Music,120,173567,"Jim Causey","Aug 2, 2023","12:19:32 AM",2023-08-02T00:19:32-0700,Saroon,"Something, then a whisper",Gilgul,7:10,,USHM82392417,,,2023,,,"Bathysphere Records",198015301493
"Aug 1, 2023","10:30:00 PM",2023-08-01T22:30:00-0700,"08.01.2023 - Jim Causey",Music,120,173567,"Jim Causey","Aug 2, 2023","12:15:35 AM",2023-08-02T00:15:35-0700,Saroon,"The Beacon",Gilgul,3:48,,USHM82392410,,,2023,,,"Bathysphere Records",198015301493
"Aug 1, 2023","10:30:00 PM",2023-08-01T22:30:00-0700,"08.01.2023 - Jim Causey",Music,120,173567,"Jim Causey","Aug 2, 2023","12:10:13 AM",2023-08-02T00:10:13-0700,"Methods Body",Torches,"Plural Not Possessive",5:40,,QMQQH2310657,,,2023,,,"Beacon Sound",769791984134
"Aug 1, 2023","10:30:00 PM",2023-08-01T22:30:00-0700,"08.01.2023 - Jim Causey",Music,120,173567,"Jim Causey","Aug 1, 2023","11:49:27 PM",2023-08-01T23:49:27-0700,Parallax-5,Regeneration,"Sonic Awakening",5:18,,USDY42308396,,,2023,,,Synphaera,198015944409
"Aug 1, 2023","10:30:00 PM",2023-08-01T22:30:00-0700,"08.01.2023 - Jim Causey",Music,120,173567,"Jim Causey","Aug 1, 2023","11:44:30 PM",2023-08-01T23:44:30-0700,"Oneohtrix Point Never","Chrome Country","R Plus Seven",5:05,,GBBPW1300079,,,2013,,,"Warp Records",801061024031
"Aug 1, 2023","10:30:00 PM",2023-08-01T22:30:00-0700,"08.01.2023 - Jim Causey",Music,120,173567,"Jim Causey","Aug 1, 2023","11:39:26 PM",2023-08-01T23:39:26-0700,"Sigur Rós",Gold,ÁTTA,5:13,,GBKEE2300478,,,2023,,,"BMG Rights Management (UK) Limited",4050538920420
"Aug 1, 2023","10:30:00 PM",2023-08-01T22:30:00-0700,"08.01.2023 - Jim Causey",Music,120,173567,"Jim Causey","Aug 1, 2023","11:33:16 PM",2023-08-01T23:33:16-0700,"Johan Agebjörn","Four Hours To Karhumäki - Subtracted Version","Four Hours To Karhumäki (Subtracted Version)",5:27,,USSP52342014,,,2023,,,"ORCHARD - Spotted Peccary",197188886417
"Aug 1, 2023","10:30:00 PM",2023-08-01T22:30:00-0700,"08.01.2023 - Jim Causey",Music,120,173567,"Jim Causey","Aug 1, 2023","11:27:48 PM",2023-08-01T23:27:48-0700,"The The","Kingdom of Rain","Mind Bomb",5:50,,GBBBM0002211,,,1989,,,Epic,5099746331924
"Aug 1, 2023","10:30:00 PM",2023-08-01T22:30:00-0700,"08.01.2023 - Jim Causey",Music,120,173567,"Jim Causey","Aug 1, 2023","11:21:09 PM",2023-08-01T23:21:09-0700,"ONE ARC DEGREE","Stella Obscura","The Forest and the Milky Way",6:13,,USHM82331992,,,2023,,,Synphaera,198025512384
"Aug 1, 2023","10:30:00 PM",2023-08-01T22:30:00-0700,"08.01.2023 - Jim Causey",Music,120,173567,"Jim Causey","Aug 1, 2023","11:15:03 PM",2023-08-01T23:15:03-0700,"Massive Attack","Special Cases","100th Window",5:09,,GBAAA0201160,,,2003,,,"Virgin Records",724358123951
"Aug 1, 2023","10:30:00 PM",2023-08-01T22:30:00-0700,"08.01.2023 - Jim Causey",Music,120,173567,"Jim Causey","Aug 1, 2023","11:08:39 PM",2023-08-01T23:08:39-0700,"Peter Gabriel","Blood Of Eden",Us,6:38,,GBCPB0900722,,,1992,,,"Real World P&D",180030000154
"Aug 1, 2023","10:30:00 PM",2023-08-01T22:30:00-0700,"08.01.2023 - Jim Causey",Music,120,173567,"Jim Causey","Aug 1, 2023","11:03:48 PM",2023-08-01T23:03:48-0700,"Sally Shapiro","Forget About You (Johnny Jewel's Amnesia Remix)","Sad Cities (The Remixes)",4:15,,QZAKB2160394,,,2022,,,"Italians Do It Better",
"Aug 1, 2023","10:30:00 PM",2023-08-01T22:30:00-0700,"08.01.2023 - Jim Causey",Music,120,173567,"Jim Causey","Aug 1, 2023","11:00:15 PM",2023-08-01T23:00:15-0700,"Japanese Breakfast","Slide Tackle",Jubilee,3:39,,USJ5G2022504,,,2021,,,"Dead Oceans",656605152561
"Aug 1, 2023","10:30:00 PM",2023-08-01T22:30:00-0700,"08.01.2023 - Jim Causey",Music,120,173567,"Jim Causey","Aug 1, 2023","10:56:50 PM",2023-08-01T22:56:50-0700,"Siren and the Sea","Still in the Race","Still in the Race",3:33,,USHM82392248,,,2023,,,"Siren and the Sea",198025668463
"Aug 1, 2023","10:30:00 PM",2023-08-01T22:30:00-0700,"08.01.2023 - Jim Causey",Music,120,173567,"Jim Causey","Aug 1, 2023","10:48:02 PM",2023-08-01T22:48:02-0700,"Nation of Language","Across That Fine Line","Across That Fine Line",5:25,,USLZJ2178507,,,2021,,,"Nation Of Language",192650902343
"Aug 1, 2023","10:30:00 PM",2023-08-01T22:30:00-0700,"08.01.2023 - Jim Causey",Music,120,173567,"Jim Causey","Aug 1, 2023","10:43:55 PM",2023-08-01T22:43:55-0700,"Diane Arkenstone","Fearlessly Falling",Stories,4:11,,USI4R0505159,,,2005,,,"ORCHARD - Neo Pacifica Recordings",887396826489
"Aug 1, 2023","10:30:00 PM",2023-08-01T22:30:00-0700,"08.01.2023 - Jim Causey",Music,120,173567,"Jim Causey","Aug 1, 2023","10:38:27 PM",2023-08-01T22:38:27-0700,"Tori Amos","A Sorta Fairytale","Scarlet's Walk",5:29,,USSM10209898,,,2002,,,Epic,5099750878224
"Aug 1, 2023","10:30:00 PM",2023-08-01T22:30:00-0700,"08.01.2023 - Jim Causey",Music,120,173567,"Jim Causey","Aug 1, 2023","10:33:05 PM",2023-08-01T22:33:05-0700,"Conjure One","Tears From The Moon","Planet Chill 2013-02 (Compiled By York)",4:18,,CAN110200102,,,2013,,,ARVA,8718522023637
"Jul 25, 2023","10:30:00 PM",2023-07-25T22:30:00-0700,"07.25.2023 - Jim Causey",Music,120,173567,"Jim Causey","Jul 26, 2023","12:22:21 AM",2023-07-26T00:22:21-0700,Loscil,"Equivalent 7",Equivalents,6:50,,USNCB1922107,,,2019,,,"ORCHARD - kranky",193483945156
"Jul 25, 2023","10:30:00 PM",2023-07-25T22:30:00-0700,"07.25.2023 - Jim Causey",Music,120,173567,"Jim Causey","Jul 26, 2023","12:18:29 AM",2023-07-26T00:18:29-0700,"Suso Saiz","Un Hombre Oscuro",Odisea,4:24,,NLD7H1600001,,,2016,,,"Music From Memory",0670579630375
"Jul 25, 2023","10:30:00 PM",2023-07-25T22:30:00-0700,"07.25.2023 - Jim Causey",Music,120,173567,"Jim Causey","Jul 26, 2023","12:06:55 AM",2023-07-26T00:06:55-0700,"Arushi Jain","I Feel Incomplete Without Sound","With & Without",11:38,,QZHN31917404,,,2019,,,DISTROKID,194694542547
"Jul 25, 2023","10:30:00 PM",2023-07-25T22:30:00-0700,"07.25.2023 - Jim Causey",Music,120,173567,"Jim Causey","Jul 26, 2023","12:01:40 AM",2023-07-26T00:01:40-0700,"Peter Gabriel","A Different Drum","Passion: Music for The Last Temptation of Christ",4:47,,GBCPB0100132,,,2003,,,"WMG - Peter Gabriel Ltd",825646628384
"Jul 25, 2023","10:30:00 PM",2023-07-25T22:30:00-0700,"07.25.2023 - Jim Causey",Music,120,173567,"Jim Causey","Jul 25, 2023","11:53:46 PM",2023-07-25T23:53:46-0700,"Terminus Void",Discovery,"Origins Unknown",6:25,,QZTDY2200001,,,2022,,,"Terminus Void",692531513014
"Jul 25, 2023","10:30:00 PM",2023-07-25T22:30:00-0700,"07.25.2023 - Jim Causey",Music,120,173567,"Jim Causey","Jul 25, 2023","11:49:05 PM",2023-07-25T23:49:05-0700,"Ryuichi Sakamoto","Merry Christmas Mr. Lawrence - Electric Youth Remodel","Merry Christmas Mr. Lawrence - Electric Youth Remodel",5:09,,USA6D2200012,,,2022,,,"SME - Milan",196589203465
"Jul 25, 2023","10:30:00 PM",2023-07-25T22:30:00-0700,"07.25.2023 - Jim Causey",Music,120,173567,"Jim Causey","Jul 25, 2023","11:40:05 PM",2023-07-25T23:40:05-0700,"Ryuichi Sakamoto",20220302,12,2:52,,USA6D2300009,,,2023,,,"SME - Milan",196589655219
"Jul 25, 2023","10:30:00 PM",2023-07-25T22:30:00-0700,"07.25.2023 - Jim Causey",Music,120,173567,"Jim Causey","Jul 25, 2023","11:30:16 PM",2023-07-25T23:30:16-0700,"Craig Padilla","Onwards and Upwards","Weathering the Storm",8:59,,USSP52391007,,,2023,,,"Spotted Peccary",600028910420
"Jul 25, 2023","10:30:00 PM",2023-07-25T22:30:00-0700,"07.25.2023 - Jim Causey",Music,120,173567,"Jim Causey","Jul 25, 2023","11:25:52 PM",2023-07-25T23:25:52-0700,"Ryuichi Sakamoto","20220302 - sarabande",12,3:10,,USA6D2300008,,,2023,,,"SME - Milan",196589655219
"Jul 25, 2023","10:30:00 PM",2023-07-25T22:30:00-0700,"07.25.2023 - Jim Causey",Music,120,173567,"Jim Causey","Jul 25, 2023","11:20:53 PM",2023-07-25T23:20:53-0700,"Ryuichi Sakamoto",fullmoon,async,5:13,,JPB601700378,,,2017,,,"SME - Milan",731383683060
"Jul 25, 2023","10:30:00 PM",2023-07-25T22:30:00-0700,"07.25.2023 - Jim Causey",Music,120,173567,"Jim Causey","Jul 25, 2023","11:15:44 PM",2023-07-25T23:15:44-0700,"Pure Bathing Culture","Black Starling","Night Pass",3:48,,QZDZU1800004,,,2019,,,"Infinite Companion",192641263392
"Jul 25, 2023","10:30:00 PM",2023-07-25T22:30:00-0700,"07.25.2023 - Jim Causey",Music,120,173567,"Jim Causey","Jul 25, 2023","11:12:37 PM",2023-07-25T23:12:37-0700,Georgia,"Running Up That Hill","Seeking Thrills (The Ultimate Thrills Edition)",3:08,,GBCEL2000517,,,2020,,,"MERLIN - Domino Recording Co",887835051168
"Jul 25, 2023","10:30:00 PM",2023-07-25T22:30:00-0700,"07.25.2023 - Jim Causey",Music,120,173567,"Jim Causey","Jul 25, 2023","11:07:46 PM",2023-07-25T23:07:46-0700,"Future Islands","Born in a War","Born in a War",4:13,,GBAFL2000213,,,2020,,,"MERLIN - 4AD",5059638064453
"Jul 25, 2023","10:30:00 PM",2023-07-25T22:30:00-0700,"07.25.2023 - Jim Causey",Music,120,173567,"Jim Causey","Jul 25, 2023","11:02:36 PM",2023-07-25T23:02:36-0700,"Small Black",Tampa,"Cheap Dreams",5:15,,QZK6H2096834,,,2021,,,"VYDIA - 100% Electronica",720665588292
"Jul 25, 2023","10:30:00 PM",2023-07-25T22:30:00-0700,"07.25.2023 - Jim Causey",Music,120,173567,"Jim Causey","Jul 25, 2023","10:57:47 PM",2023-07-25T22:57:47-0700,Lycia,"A Failure","In Flickers",4:57,,QM6MZ1830383,,,2018,,,"ORCHARD - Lycium Music",192562722633
"Jul 25, 2023","10:30:00 PM",2023-07-25T22:30:00-0700,"07.25.2023 - Jim Causey",Music,120,173567,"Jim Causey","Jul 25, 2023","10:50:57 PM",2023-07-25T22:50:57-0700,"David Bowie",Lazarus,Blackstar,6:22,,USRF31500003,,,2016,,,"SME - Columbia",886446310527
"Jul 25, 2023","10:30:00 PM",2023-07-25T22:30:00-0700,"07.25.2023 - Jim Causey",Music,120,173567,"Jim Causey","Jul 25, 2023","10:39:47 PM",2023-07-25T22:39:47-0700,"Dennis Russell Davies;Stuttgart State Opera Orchestra & Chorus","Act I - Year 1 of Akhnaten's Reign - Thebes - Prelude: Refrain, Verse 1, Verse 2 - Voice","Glass: Akhnaten",10:44,,USSM18700186,,,1987,,,"SME - Sony Classical",886443373549
"Jul 25, 2023","10:30:00 PM",2023-07-25T22:30:00-0700,"07.25.2023 - Jim Causey",Music,120,173567,"Jim Causey","Jul 25, 2023","10:31:00 PM",2023-07-25T22:31:00-0700,"Dreamstate Logic","Andromeda Terminal",Starbound,8:27,,QZES62374550,,,2023,,,"Dreamstate Logic",197630270443
"Jul 18, 2023","10:30:00 PM",2023-07-18T22:30:00-0700,"07.18.2023 - Jim Causey",Music,120,173567,"Jim Causey","Jul 19, 2023","12:19:12 AM",2023-07-19T00:19:12-0700,"Michael Hoenig","Hanging Garden Transfer","Hoenig: Departure From the Northern Wasteland",10:59,,DEA748700289,,,0,,,Kuckuck,013711107920
"Jul 18, 2023","10:30:00 PM",2023-07-18T22:30:00-0700,"07.18.2023 - Jim Causey",Music,120,173567,"Jim Causey","Jul 19, 2023","12:15:38 AM",2023-07-19T00:15:38-0700,Vangelis,"Theme From Antarctica",Themes,3:54,,NLF058990003,,,1989,,,"Universal Music",42283951822
"Jul 18, 2023","10:30:00 PM",2023-07-18T22:30:00-0700,"07.18.2023 - Jim Causey",Music,120,173567,"Jim Causey","Jul 19, 2023","12:11:20 AM",2023-07-19T00:11:20-0700,Kitaro,Hiten,"Silk Road (Shichuu no Michi) [Remastered]",4:47,,US4R31012794,,,2002,,,"Pony Canyon",4988013395909
"Jul 18, 2023","10:30:00 PM",2023-07-18T22:30:00-0700,"07.18.2023 - Jim Causey",Music,120,173567,"Jim Causey","Jul 19, 2023","12:07:01 AM",2023-07-19T00:07:01-0700,"Cool Maritime",Apex,Apex,4:32,,US78L2224007,,,2022,,,"MERLIN - Western Vinyl",617308027440
"Jul 18, 2023","10:30:00 PM",2023-07-18T22:30:00-0700,"07.18.2023 - Jim Causey",Music,120,173567,"Jim Causey","Jul 19, 2023","12:01:05 AM",2023-07-19T00:01:05-0700,"Boards of Canada","Kid For Today","In A Beautiful Place Out In The Country",6:24,,GBBPW0000140,,,2000,,,"Warp Records",801061914431
"Jul 18, 2023","10:30:00 PM",2023-07-18T22:30:00-0700,"07.18.2023 - Jim Causey",Music,120,173567,"Jim Causey","Jul 18, 2023","11:57:16 PM",2023-07-18T23:57:16-0700,"Keep Shelly In Athens","Me Then","Philotimo / Me Then",3:03,,GBKPL2141172,,,2021,,,"Athenian Aura Recordings",5056167152088
"Jul 18, 2023","10:30:00 PM",2023-07-18T22:30:00-0700,"07.18.2023 - Jim Causey",Music,120,173567,"Jim Causey","Jul 18, 2023","11:49:44 PM",2023-07-18T23:49:44-0700,"Andreas Vollenweider","The Glass Hall (Choose the Crystal) / The Play of the Five Balls / The Five Planets / Canopy Choir","White Winds (Seeker's Journey)",7:37,,FR96X2094205,,,1984,,,"BELIEVE - AVAF Music",3616406550741
"Jul 18, 2023","10:30:00 PM",2023-07-18T22:30:00-0700,"07.18.2023 - Jim Causey",Music,120,173567,"Jim Causey","Jul 18, 2023","11:38:18 PM",2023-07-18T23:38:18-0700,"Jean-Michel Jarre","Oxygene, Pt. 2",Oxygène,7:46,,FR45F1100060,,,2014,,,"Sony Music Catalog",886446156095
"Jul 18, 2023","10:30:00 PM",2023-07-18T22:30:00-0700,"07.18.2023 - Jim Causey",Music,120,173567,"Jim Causey","Jul 18, 2023","11:30:16 PM",2023-07-18T23:30:16-0700,"Active Region","Into the Black","Horizon Dispatch",8:24,,USCGJ2328129,,,2023,,,Exosphere,198015702559
"Jul 18, 2023","10:30:00 PM",2023-07-18T22:30:00-0700,"07.18.2023 - Jim Causey",Music,120,173567,"Jim Causey","Jul 18, 2023","11:13:19 PM",2023-07-18T23:13:19-0700,"Pink Floyd","Learning To Fly","A Momentary Lapse Of Reason (2011 Remastered Version)",4:51,,USSM18700155,,,2011,,,EMI,5099749665521
"Jul 18, 2023","10:30:00 PM",2023-07-18T22:30:00-0700,"07.18.2023 - Jim Causey",Music,120,173567,"Jim Causey","Jul 18, 2023","11:09:00 PM",2023-07-18T23:09:00-0700,Dariush,Bungalow,"Progressive Selection",10:14,,ITHLU1500053,,,2015,,,"MERLIN - Streetlab Records",5054283634938
"Jul 18, 2023","10:30:00 PM",2023-07-18T22:30:00-0700,"07.18.2023 - Jim Causey",Music,120,173567,"Jim Causey","Jul 18, 2023","10:52:44 PM",2023-07-18T22:52:44-0700,"Richard Souther","The Long Riders","Cross Currents",3:33,,USNA18911364,,,1989,,,Narada,94635217957
"Jul 18, 2023","10:30:00 PM",2023-07-18T22:30:00-0700,"07.18.2023 - Jim Causey",Music,120,173567,"Jim Causey","Jul 18, 2023","10:49:22 PM",2023-07-18T22:49:22-0700,"David Arkenstone","Night Wind","Valley In The Clouds",3:55,,USTUS2430006,,,1987,,,"QDV Music",1963622716140
"Jul 18, 2023","10:30:00 PM",2023-07-18T22:30:00-0700,"07.18.2023 - Jim Causey",Music,120,173567,"Jim Causey","Jul 18, 2023","10:39:52 PM",2023-07-18T22:39:52-0700,"Japanese Breakfast","Be Sweet","Be Sweet",3:15,,USJ5G2022502,,,2021,,,"MERLIN - Dead Oceans",656605152561
"Jul 18, 2023","10:30:00 PM",2023-07-18T22:30:00-0700,"07.18.2023 - Jim Causey",Music,120,173567,"Jim Causey","Jul 18, 2023","10:36:13 PM",2023-07-18T22:36:13-0700,"Talk Talk","It's My Life (Remastered 1997)","It's My Life (Remastered 1997)",3:52,,GBAYE9700491,,,1984,,,"Parlophone UK",724385679759
"Jul 18, 2023","10:30:00 PM",2023-07-18T22:30:00-0700,"07.18.2023 - Jim Causey",Music,120,173567,"Jim Causey","Jul 18, 2023","10:30:24 PM",2023-07-18T22:30:24-0700,"FM Attack","Fade Away - Original Mix","Deja Vu",6:01,,CA1HD1300009,,,2013,,,"MERLIN - Starfield Music",5054283661910
"Jul 11, 2023","10:30:00 PM",2023-07-11T22:30:00-0700,"07.11.2023 - Jim Causey",Music,120,173567,"Jim Causey","Jul 12, 2023","12:24:20 AM",2023-07-12T00:24:20-0700,"Max Richter","Shadow Journal","The Blue Notebooks (15 Years)",8:23,,GBDCA0300281,,,2018,,,"Deutsche Grammophon (DG)",28948384556
"Jul 11, 2023","10:30:00 PM",2023-07-11T22:30:00-0700,"07.11.2023 - Jim Causey",Music,120,173567,"Jim Causey","Jul 12, 2023","12:18:50 AM",2023-07-12T00:18:50-0700,"Kris Keogh",Golden,"Processed Harp Works, Vol. 3",5:21,,GBKQU2255587,,,2022,,,"MERLIN - ZZAAPP",5054286719342
"Jul 11, 2023","10:30:00 PM",2023-07-11T22:30:00-0700,"07.11.2023 - Jim Causey",Music,120,173567,"Jim Causey","Jul 12, 2023","12:12:25 AM",2023-07-12T00:12:25-0700,"Patricia Wolf","I'll Look for You in Others","I'll Look For You In Others",6:34,,QZTAT2113553,,,2022,,,"Past Inside the Present",196623148721
"Jul 11, 2023","10:30:00 PM",2023-07-11T22:30:00-0700,"07.11.2023 - Jim Causey",Music,120,173567,"Jim Causey","Jul 12, 2023","12:01:45 AM",2023-07-12T00:01:45-0700,Massergy,"The Shepherdess","Fire Opal",10:23,,USSP51939002,,,2019,,,"Spotted Peccary",600028390123
"Jul 11, 2023","10:30:00 PM",2023-07-11T22:30:00-0700,"07.11.2023 - Jim Causey",Music,120,173567,"Jim Causey","Jul 11, 2023","11:55:26 PM",2023-07-11T23:55:26-0700,"Deborah Martin","From Fire Into Water","The Silence of Grace",6:33,,USSP52190012,,,2021,,,"Spotted Peccary",600028906423
"Jul 11, 2023","10:30:00 PM",2023-07-11T22:30:00-0700,"07.11.2023 - Jim Causey",Music,120,173567,"Jim Causey","Jul 11, 2023","11:48:25 PM",2023-07-11T23:48:25-0700,"Arthur Russell","In The Light Of A Miracle","Picture of Bunny Rabbit",6:42,,USAK22300214,,,2023,,,"Audika Records",880301102326
"Jul 11, 2023","10:30:00 PM",2023-07-11T22:30:00-0700,"07.11.2023 - Jim Causey",Music,120,173567,"Jim Causey","Jul 11, 2023","11:42:23 PM",2023-07-11T23:42:23-0700,"Max Richter","On The Nature Of Daylight","The Blue Notebooks",6:12,,GBDCA0300279,,,2013,,,"Milan Records",731383662966
"Jul 11, 2023","10:30:00 PM",2023-07-11T22:30:00-0700,"07.11.2023 - Jim Causey",Music,120,173567,"Jim Causey","Jul 11, 2023","11:38:42 PM",2023-07-11T23:38:42-0700,"Roberto Cacciapaglia","Sonanze : 5th Movement","Sonances / Sonanze & Otherworks - Digitally Remastered at Abbey Road Studios, London 2000",3:48,,DEBL60983967,,,1975,,,"Glance di Roberto Cacciapaglia",
"Jul 11, 2023","10:30:00 PM",2023-07-11T22:30:00-0700,"07.11.2023 - Jim Causey",Music,120,173567,"Jim Causey","Jul 11, 2023","11:38:41 PM",2023-07-11T23:38:41-0700,"Roberto Cacciapaglia","Sonanze V","Tree of Life",2:48,,ITQME1500028,,,2015,,,"BELIEVE - Glance",8051411740438
"Jul 11, 2023","10:30:00 PM",2023-07-11T22:30:00-0700,"07.11.2023 - Jim Causey",Music,120,173567,"Jim Causey","Jul 11, 2023","11:33:00 PM",2023-07-11T23:33:00-0700,Saloli,"Full Moon",Canyon,4:56,,USNCB2323806,,,2023,,,"ORCHARD - kranky",796441823826
"Jul 11, 2023","10:30:00 PM",2023-07-11T22:30:00-0700,"07.11.2023 - Jim Causey",Music,120,173567,"Jim Causey","Jul 11, 2023","11:28:07 PM",2023-07-11T23:28:07-0700,"Siren and the Sea","Not To Harp On It","Gravity Wave",5:07,,USDY42320920,,,2023,,,"Bathysphere Records",198015967583
"Jul 11, 2023","10:30:00 PM",2023-07-11T22:30:00-0700,"07.11.2023 - Jim Causey",Music,120,173567,"Jim Causey","Jul 11, 2023","11:16:09 PM",2023-07-11T23:16:09-0700,"The Fragile Fate","Rolled Over","Lilliam Ocean",5:40,,QMEPJ1300273,,,2016,,,"ORCHARD - Carpe Sonum",708527031179
"Jul 11, 2023","10:30:00 PM",2023-07-11T22:30:00-0700,"07.11.2023 - Jim Causey",Music,120,173567,"Jim Causey","Jul 11, 2023","11:03:05 PM",2023-07-11T23:03:05-0700,"Kevin Shrieve","Communiqué: Approach Spiral","Transfer Station Blue",13:33,,DEA748630026,,,1986,,,"Fortuna Records",013711702323
"Jul 11, 2023","10:30:00 PM",2023-07-11T22:30:00-0700,"07.11.2023 - Jim Causey",Music,120,173567,"Jim Causey","Jul 11, 2023","10:58:30 PM",2023-07-11T22:58:30-0700,"Christine and the Queens","La vita nuova","La vita nuova",4:28,,FR6P11901400,,,2020,,,"UMG - Because Music",05060686508301
"Jul 11, 2023","10:30:00 PM",2023-07-11T22:30:00-0700,"07.11.2023 - Jim Causey",Music,120,173567,"Jim Causey","Jul 11, 2023","10:52:15 PM",2023-07-11T22:52:15-0700,"Tame Impala","Breathe Deeper","Office Stereo",6:13,,AUUM71900929,,,2020,,,"UMG - UMG Recordings, Inc.",00602507438968
"Jul 11, 2023","10:30:00 PM",2023-07-11T22:30:00-0700,"07.11.2023 - Jim Causey",Music,120,173567,"Jim Causey","Jul 11, 2023","10:41:33 PM",2023-07-11T22:41:33-0700,Gwenno,"An Stevel Nowydh","An Stevel Nowydh",4:47,,GBPVV2004026,,,2022,,,"Heavenly Recordings",5400863076887
"Jul 11, 2023","10:30:00 PM",2023-07-11T22:30:00-0700,"07.11.2023 - Jim Causey",Music,120,173567,"Jim Causey","Jul 11, 2023","10:36:16 PM",2023-07-11T22:36:16-0700,Elbow,"New York Morning","BBC Music Awards",5:20,,GBUM71308467,,,2014,,,"Universal Music",602537744664
"Jul 4, 2023","10:30:00 PM",2023-07-04T22:30:00-0700,"07.04.2023 - Jim Causey",Music,120,173567,"Jim Causey","Jul 5, 2023","12:27:07 AM",2023-07-05T00:27:07-0700,"Chet Baker","Pro Defunctus","The Best Of Chet Baker Plays",3:26,,USBN29100495,,,2003,,,"UMG - Blue Note Records",00724358217957
"Jul 4, 2023","10:30:00 PM",2023-07-04T22:30:00-0700,"07.04.2023 - Jim Causey",Music,120,173567,"Jim Causey","Jul 4, 2023","11:58:22 PM",2023-07-04T23:58:22-0700,"Kristen Roos","Midi Draw","Universal Synthesizer Interface Vol I",8:39,,CA0WS2315801,,,2023,,,"MERLIN - We Are Busy Bodies",634457147225
"Jul 4, 2023","10:30:00 PM",2023-07-04T22:30:00-0700,"07.04.2023 - Jim Causey",Music,120,173567,"Jim Causey","Jul 4, 2023","11:50:39 PM",2023-07-04T23:50:39-0700,"Blessed are the Hearts that Bend","Ghosts of Ford",Edgelands,7:57,,GBMJG2313053,,,2023,,,"Blessed are the Hearts that Bend",5056628092809
"Jul 4, 2023","10:30:00 PM",2023-07-04T22:30:00-0700,"07.04.2023 - Jim Causey",Music,120,173567,"Jim Causey","Jul 4, 2023","11:44:55 PM",2023-07-04T23:44:55-0700,Saloli,Silhouette,Silhouette,5:20,,USNCB2323805,,,2023,,,kranky,
"Jul 4, 2023","10:30:00 PM",2023-07-04T22:30:00-0700,"07.04.2023 - Jim Causey",Music,120,173567,"Jim Causey","Jul 4, 2023","11:28:11 PM",2023-07-04T23:28:11-0700,"Sigur Rós",Klettur,ÁTTA,6:31,,GBKEE2300475,,,2023,,,"BMG Rights Management (UK) Limited",4050538920420
"Jul 4, 2023","10:30:00 PM",2023-07-04T22:30:00-0700,"07.04.2023 - Jim Causey",Music,120,173567,"Jim Causey","Jul 4, 2023","11:13:00 PM",2023-07-04T23:13:00-0700,"Matthew Halsall","The Temple Within","The Temple Within",7:41,,GBVTB2254001,,,2022,,,"MERLIN - Gondwana Records",5050580779426
"Jul 4, 2023","10:30:00 PM",2023-07-04T22:30:00-0700,"07.04.2023 - Jim Causey",Music,120,173567,"Jim Causey","Jul 4, 2023","10:49:34 PM",2023-07-04T22:49:34-0700,Frore,"Trapped in Amber",Biome,9:48,,USSP52346002,,,2023,,,"Spotted Peccary",600028460123
"Jun 27, 2023","10:30:00 PM",2023-06-27T22:30:00-0700,"06.27.2023 - Jim Causey",Music,120,173567,"Jim Causey","Jun 28, 2023","12:28:32 AM",2023-06-28T00:28:32-0700,"Chet Baker","Pro Defunctus","The Best Of Chet Baker Plays",3:27,,DELM41000084,,,2013,,,"BELIEVE - Past Hereos",3610151973480
"Jun 27, 2023","10:30:00 PM",2023-06-27T22:30:00-0700,"06.27.2023 - Jim Causey",Music,120,173567,"Jim Causey","Jun 28, 2023","12:17:05 AM",2023-06-28T00:17:05-0700,"Emma Ruth Rundle",Göteborg,"Electric Guitar: One",8:32,,TCACG1567667,,,2015,,,"The Errant Child",859715041439
"Jun 27, 2023","10:30:00 PM",2023-06-27T22:30:00-0700,"06.27.2023 - Jim Causey",Music,120,173567,"Jim Causey","Jun 28, 2023","12:13:41 AM",2023-06-28T00:13:41-0700,MWLNXG,"3 Minutes Of Rain","3 Minutes Of Rain",3:00,,QZHN52139971,,,2021,,,"Basic Suburb Records",196167492168
"Jun 27, 2023","10:30:00 PM",2023-06-27T22:30:00-0700,"06.27.2023 - Jim Causey",Music,120,173567,"Jim Causey","Jun 28, 2023","12:13:41 AM",2023-06-28T00:13:41-0700,"Terminus Void","Memories of Rain","Origins Unknown",3:44,,QZTDY2200007,,,2022,,,"Terminus Void",692531513014
"Jun 27, 2023","10:30:00 PM",2023-06-27T22:30:00-0700,"06.27.2023 - Jim Causey",Music,120,173567,"Jim Causey","Jun 28, 2023","12:12:28 AM",2023-06-28T00:12:28-0700,SleepTherapy,"Focus Rain","Sounds Of Rain For Focus",2:39,,QZP7F2160075,,,2021,,,"Zen Sounds Of Nature",651357503852
"Jun 27, 2023","10:30:00 PM",2023-06-27T22:30:00-0700,"06.27.2023 - Jim Causey",Music,120,173567,"Jim Causey","Jun 28, 2023","12:05:49 AM",2023-06-28T00:05:49-0700,"Hollan Holmes","Taken by the Current","Emerald Waters",7:46,,USSP52244016,,,2022,,,"ORCHARD - Spotted Peccary",600028440224
"Jun 27, 2023","10:30:00 PM",2023-06-27T22:30:00-0700,"06.27.2023 - Jim Causey",Music,120,173567,"Jim Causey","Jun 28, 2023","12:02:52 AM",2023-06-28T00:02:52-0700,"robert chamberlain","from another shore","mutable sign",3:18,,USHM82325788,,,2023,,,"Bathysphere Records",198015301486
"Jun 27, 2023","10:30:00 PM",2023-06-27T22:30:00-0700,"06.27.2023 - Jim Causey",Music,120,173567,"Jim Causey","Jun 28, 2023","12:00:17 AM",2023-06-28T00:00:17-0700,"Steve Roach",Threshold,"Mystic Chords & Sacred Spaces (complete edition)",2:20,,USHK90314209,,,2003,,,Projekt,
"Jun 27, 2023","10:30:00 PM",2023-06-27T22:30:00-0700,"06.27.2023 - Jim Causey",Music,120,173567,"Jim Causey","Jun 27, 2023","11:53:43 PM",2023-06-27T23:53:43-0700,"The Conspiracy Tapes",Postscript,"The Conspiracy Tapes",6:41,,QZMEM2340643,,,2023,,,Countermeasure,197876500892
"Jun 27, 2023","10:30:00 PM",2023-06-27T22:30:00-0700,"06.27.2023 - Jim Causey",Music,120,173567,"Jim Causey","Jun 27, 2023","11:51:16 PM",2023-06-27T23:51:16-0700,"Robbie Elizee","Smoking Wet",Cull,2:23,,SE6A92096898,,,2020,,,"Robbie Elizee",0707856679496
"Jun 27, 2023","10:30:00 PM",2023-06-27T22:30:00-0700,"06.27.2023 - Jim Causey",Music,120,173567,"Jim Causey","Jun 27, 2023","11:47:41 PM",2023-06-27T23:47:41-0700,"Jörgen Kjellgren","Invincible Summer","Invincible Summer",3:42,,QZMEQ2040033,,,2020,,,"Past Inside the Present",195755821281
"Jun 27, 2023","10:30:00 PM",2023-06-27T22:30:00-0700,"06.27.2023 - Jim Causey",Music,120,173567,"Jim Causey","Jun 27, 2023","11:43:47 PM",2023-06-27T23:43:47-0700,"Neighborhood Libraries","Postcards for the Backyard","Postcards for the Backyard",4:15,,CAN112201156,,,2022,,,"Nettwerk Music. Group",067003419864
"Jun 27, 2023","10:30:00 PM",2023-06-27T22:30:00-0700,"06.27.2023 - Jim Causey",Music,120,173567,"Jim Causey","Jun 27, 2023","11:34:36 PM",2023-06-27T23:34:36-0700,"Pat Metheny Group","First Circle - Live Version","The Road To You",9:02,,USGF19960102,,,1993,,,"WMG - Nonesuch",075597994124
"Jun 27, 2023","10:30:00 PM",2023-06-27T22:30:00-0700,"06.27.2023 - Jim Causey",Music,120,173567,"Jim Causey","Jun 27, 2023","11:29:30 PM",2023-06-27T23:29:30-0700,Shadowfax,"New Electric India","Pure Shadowfax",5:12,,USWH18301005,,,2006,,,"SME - Windham Hill/Legacy",828768165621
"Jun 27, 2023","10:30:00 PM",2023-06-27T22:30:00-0700,"06.27.2023 - Jim Causey",Music,120,173567,"Jim Causey","Jun 27, 2023","11:24:19 PM",2023-06-27T23:24:19-0700,"Fog Net","Serpentine (Blue)",Headlands,4:57,,USHM22349624,,,2023,,,"Bathysphere Records",198015301479
"Jun 27, 2023","10:30:00 PM",2023-06-27T22:30:00-0700,"06.27.2023 - Jim Causey",Music,120,173567,"Jim Causey","Jun 27, 2023","11:18:38 PM",2023-06-27T23:18:38-0700,"Methods Body",Torches,"Plural Not Possessive",5:40,,QMQQH2310657,,,2023,,,"Beacon Sound",769791984134
"Jun 27, 2023","10:30:00 PM",2023-06-27T22:30:00-0700,"06.27.2023 - Jim Causey",Music,120,173567,"Jim Causey","Jun 27, 2023","11:15:06 PM",2023-06-27T23:15:06-0700,"Style King of the Week","Eerie Blvd.","Style King of the Week",3:32,,USCGJ2395613,,,2023,,,"Style King of the Week",198015870531
"Jun 27, 2023","10:30:00 PM",2023-06-27T22:30:00-0700,"06.27.2023 - Jim Causey",Music,120,173567,"Jim Causey","Jun 27, 2023","11:10:41 PM",2023-06-27T23:10:41-0700,新时代轻音乐团,"My Love",天空仙境,4:35,,FR2X42376697,,,2000,,,Gallery,3617056065685
"Jun 27, 2023","10:30:00 PM",2023-06-27T22:30:00-0700,"06.27.2023 - Jim Causey",Music,120,173567,"Jim Causey","Jun 27, 2023","11:05:32 PM",2023-06-27T23:05:32-0700,"Miami Nights 1984",Ascend,Sentimental,5:17,,QZ8252225281,,,2022,,,"Rosso Corsa Records",741754065944
"Jun 27, 2023","10:30:00 PM",2023-06-27T22:30:00-0700,"06.27.2023 - Jim Causey",Music,120,173567,"Jim Causey","Jun 27, 2023","11:02:15 PM",2023-06-27T23:02:15-0700,"Mt Fog","Blue Summer - Graduation Remix","Blue Summer (Graduation Remix)",3:16,,QZHN32269798,,,2022,,,"Save the Forest for the Trees",
"Jun 27, 2023","10:30:00 PM",2023-06-27T22:30:00-0700,"06.27.2023 - Jim Causey",Music,120,173567,"Jim Causey","Jun 27, 2023","10:57:31 PM",2023-06-27T22:57:31-0700,AeTopus,Transit,Urbus,4:45,,QMX3C2100083,,,2022,,,"12Ton Productions",195269132613
"Jun 27, 2023","10:30:00 PM",2023-06-27T22:30:00-0700,"06.27.2023 - Jim Causey",Music,120,173567,"Jim Causey","Jun 27, 2023","10:53:27 PM",2023-06-27T22:53:27-0700,"Joe Jackson","Steppin' Out","Synth Pop",4:16,,GBAAM8200001,,,2016,,,"Universal Music",602557010626
"Jun 27, 2023","10:30:00 PM",2023-06-27T22:30:00-0700,"06.27.2023 - Jim Causey",Music,120,173567,"Jim Causey","Jun 27, 2023","10:42:57 PM",2023-06-27T22:42:57-0700,"De Lux","New Summers - Jason Bentley Remix","New Summers (Jason Bentley Remix)",5:40,,USD8D2206001,,,2022,,,"MERLIN - Innovative Leisure",810874026057
"Jun 27, 2023","10:30:00 PM",2023-06-27T22:30:00-0700,"06.27.2023 - Jim Causey",Music,120,173567,"Jim Causey","Jun 27, 2023","10:39:37 PM",2023-06-27T22:39:37-0700,"Jan Hammer","Crockett's Theme","Miami Vice: The Complete Collection",3:36,,USCGH1133519,,,2002,,,"Red Gate Records",888174423425
"Jun 27, 2023","10:30:00 PM",2023-06-27T22:30:00-0700,"06.27.2023 - Jim Causey",Music,120,173567,"Jim Causey","Jun 27, 2023","10:34:36 PM",2023-06-27T22:34:36-0700,"Death Cab for Cutie","Northern Lights","Thank You for Today",3:55,,USAT21802834,,,2018,,,"Atlantic Records",075679869951
"Jun 27, 2023","10:30:00 PM",2023-06-27T22:30:00-0700,"06.27.2023 - Jim Causey",Music,120,173567,"Jim Causey","Jun 27, 2023","10:30:17 PM",2023-06-27T22:30:17-0700,"Siren and the Sea",Amazon,"This Time With Feeling",4:23,,USCGH1755948,,,2017,,,"Siren and the Sea",191061080770
"Jun 20, 2023","10:30:00 PM",2023-06-20T22:30:00-0700,"06.20.2023 - Jim Causey",Music,120,173567,"Jim Causey","Jun 21, 2023","12:19:19 AM",2023-06-21T00:19:19-0700,Laraaji,"All Pervading","Celestial Vibration",10:00,,,,,,,,,
"Jun 20, 2023","10:30:00 PM",2023-06-20T22:30:00-0700,"06.20.2023 - Jim Causey",Music,120,173567,"Jim Causey","Jun 21, 2023","12:17:35 AM",2023-06-21T00:17:35-0700,Laraaji,"Koto (Glimpse)",Koto,1:48,,USCW62217910,,,2023,,,"MERLIN - Numero Group",825764117975
"Jun 20, 2023","10:30:00 PM",2023-06-20T22:30:00-0700,"06.20.2023 - Jim Causey",Music,120,173567,"Jim Causey","Jun 21, 2023","12:06:24 AM",2023-06-21T00:06:24-0700,"Robert A.A. Lowe","Dix Voix","Notes Above Land",8:43,,AUAL12000476,,,2021,,,"Ariel Kalma",802307201223
"Jun 20, 2023","10:30:00 PM",2023-06-20T22:30:00-0700,"06.20.2023 - Jim Causey",Music,120,173567,"Jim Causey","Jun 21, 2023","12:00:38 AM",2023-06-21T00:00:38-0700,"Wayne Phoenix","Death is Pure Objectivity","soaring wayne phoenix story the earth",1:50,,UK8261900208,,,2020,,,"Halcyon Veil",5060165485925
"Jun 20, 2023","10:30:00 PM",2023-06-20T22:30:00-0700,"06.20.2023 - Jim Causey",Music,120,173567,"Jim Causey","Jun 20, 2023","11:55:08 PM",2023-06-20T23:55:08-0700,"Wayne Phoenix","Burn False Messages","soaring wayne phoenix story the earth",2:48,,UK8261900205,,,2020,,,"Halcyon Veil",5060165485925
"Jun 20, 2023","10:30:00 PM",2023-06-20T22:30:00-0700,"06.20.2023 - Jim Causey",Music,120,173567,"Jim Causey","Jun 20, 2023","11:48:47 PM",2023-06-20T23:48:47-0700,"Robbie Elizee","Smoking Wet",Cull,2:23,,SE6A92096898,,,2020,,,"Robbie Elizee",0707856679496
"Jun 20, 2023","10:30:00 PM",2023-06-20T22:30:00-0700,"06.20.2023 - Jim Causey",Music,120,173567,"Jim Causey","Jun 20, 2023","11:45:38 PM",2023-06-20T23:45:38-0700,"The Detroit Escalator Co.","Folding Space","Black Buildings",3:15,,GBEWK0100035,,,2002,,,"Peacefrog Records",5060100741406
"Jun 20, 2023","10:30:00 PM",2023-06-20T22:30:00-0700,"06.20.2023 - Jim Causey",Music,120,173567,"Jim Causey","Jun 20, 2023","11:32:35 PM",2023-06-20T23:32:35-0700,"Vic Hennegan","Through the Healing","Time Ritual",6:06,,usdy42280567,,,2022,,,"Vic Hennegan",195269166991
"Jun 20, 2023","10:30:00 PM",2023-06-20T22:30:00-0700,"06.20.2023 - Jim Causey",Music,120,173567,"Jim Causey","Jun 20, 2023","11:27:03 PM",2023-06-20T23:27:03-0700,Colloboh,"Acid Sunrise","Saana Sahel",5:37,,US25X2301286,,,2023,,,"Leaving Records",669158575442
"Jun 20, 2023","10:30:00 PM",2023-06-20T22:30:00-0700,"06.20.2023 - Jim Causey",Music,120,173567,"Jim Causey","Jun 20, 2023","11:21:19 PM",2023-06-20T23:21:19-0700,"Yves Tumor",Limerence,"Mono No Aware",5:29,,DEX261601435,,,2017,,,PAN,880918227580
"Jun 20, 2023","10:30:00 PM",2023-06-20T22:30:00-0700,"06.20.2023 - Jim Causey",Music,120,173567,"Jim Causey","Jun 20, 2023","11:18:54 PM",2023-06-20T23:18:54-0700,"The Detroit Escalator Co.","The Inverted Man (Dreaming)","Black Buildings",2:49,,GBEWK0100044,,,2001,,,"Peacefrog Records",5060100741406
"Jun 20, 2023","10:30:00 PM",2023-06-20T22:30:00-0700,"06.20.2023 - Jim Causey",Music,120,173567,"Jim Causey","Jun 20, 2023","11:14:19 PM",2023-06-20T23:14:19-0700,"Makaya McCraven","Crash Course","Lefto Early Bird Presents the Beauty is Inside",4:30,,GBEQT2100289,,,2022,,,"ORCHARD - BBE Music",196626018595
"Jun 20, 2023","10:30:00 PM",2023-06-20T22:30:00-0700,"06.20.2023 - Jim Causey",Music,120,173567,"Jim Causey","Jun 20, 2023","11:08:00 PM",2023-06-20T23:08:00-0700,"Alice Coltrane",Crescent,"Translinear Light",6:23,,USGR10401246,,,2004,,,Impulse!,75021037823
"Jun 20, 2023","10:30:00 PM",2023-06-20T22:30:00-0700,"06.20.2023 - Jim Causey",Music,120,173567,"Jim Causey","Jun 20, 2023","11:00:50 PM",2023-06-20T23:00:50-0700,"Lester Bowie","Rios Negroes","Selected Recordings I - VIII",7:15,,DEB338220904,,,2002,,,"Universal Music",44001419621
"Jun 20, 2023","10:30:00 PM",2023-06-20T22:30:00-0700,"06.20.2023 - Jim Causey",Music,120,173567,"Jim Causey","Jun 20, 2023","10:58:41 PM",2023-06-20T22:58:41-0700,Laraaji,"Bethlehem (Glimpse)",Bethlehem,5:46,,USCW62291201,,,2022,,,"MERLIN - Numero Group",825764217958
"Jun 20, 2023","10:30:00 PM",2023-06-20T22:30:00-0700,"06.20.2023 - Jim Causey",Music,120,173567,"Jim Causey","Jun 20, 2023","10:57:12 PM",2023-06-20T22:57:12-0700,Laraaji,"Ocean (Glimpse)",Ocean,2:47,,USCW62217903,,,2022,,,"MERLIN - Numero Group",825764117968
"Jun 20, 2023","10:30:00 PM",2023-06-20T22:30:00-0700,"06.20.2023 - Jim Causey",Music,120,173567,"Jim Causey","Jun 20, 2023","10:53:38 PM",2023-06-20T22:53:38-0700,"Dorothy Ashby","Joyful Grass and Grape","The Rubáiyát Of Dorothy Ashby",3:39,,USMC10345797,,,2020,,,"UMG - Geffen",00602508761539
"Jun 20, 2023","10:30:00 PM",2023-06-20T22:30:00-0700,"06.20.2023 - Jim Causey",Music,120,173567,"Jim Causey","Jun 20, 2023","10:47:02 PM",2023-06-20T22:47:02-0700,Kokoroko,"Ewà Inú","Could We Be More",6:41,,GBMEF2101550,,,2022,,,"MERLIN - Brownswood Recordings",5060180325343
"Jun 20, 2023","10:30:00 PM",2023-06-20T22:30:00-0700,"06.20.2023 - Jim Causey",Music,120,173567,"Jim Causey","Jun 20, 2023","10:42:37 PM",2023-06-20T22:42:37-0700,L'Rain,"Two Face","Two Face",4:06,,QMV8L2030910,,,2021,,,"UMG - Mexican Summer",00184923130935
"Jun 20, 2023","10:30:00 PM",2023-06-20T22:30:00-0700,"06.20.2023 - Jim Causey",Music,120,173567,"Jim Causey","Jun 20, 2023","10:36:21 PM",2023-06-20T22:36:21-0700,"Qur'an Shaheed",Thrive,"Lefto Early Bird Presents the Beauty is Inside",5:57,,GBEQT2100288,,,2022,,,"ORCHARD - BBE Music",196626018595
"Jun 20, 2023","10:30:00 PM",2023-06-20T22:30:00-0700,"06.20.2023 - Jim Causey",Music,120,173567,"Jim Causey","Jun 20, 2023","10:34:49 PM",2023-06-20T22:34:49-0700,"Flying Lotus","Between Memories","Black Gold / Between Memories",1:45,,GBBPW2100100,,,2021,,,"Warp Records",0801061348014
"Jun 13, 2023","10:30:00 PM",2023-06-13T22:30:00-0700,"06.13.2023 - Jim Causey",Music,120,173567,"Jim Causey","Jun 14, 2023","12:25:45 AM",2023-06-14T00:25:45-0700,"Robbie Robertson","I Hear You Paint Houses","I Hear You Paint Houses",5:03,,USUG11901784,,,2019,,,"UMG - UME Direct",00602577972911
"Jun 13, 2023","10:30:00 PM",2023-06-13T22:30:00-0700,"06.13.2023 - Jim Causey",Music,120,173567,"Jim Causey","Jun 14, 2023","12:14:14 AM",2023-06-14T00:14:14-0700,"Mister Poison","Lockdown Shadows","Evil Is On My Couch",7:00,,FRX762027608,,,2020,,,"BELIEVE - Finally Nude Records",3616408600499
"Jun 13, 2023","10:30:00 PM",2023-06-13T22:30:00-0700,"06.13.2023 - Jim Causey",Music,120,173567,"Jim Causey","Jun 13, 2023","11:56:26 PM",2023-06-13T23:56:26-0700,"Mark Isham","Raffles In Rio","PURE Windham Hill",4:38,,USWH18301027,,,2008,,,"SME - Windham Hill/Legacy",828768569658
"Jun 13, 2023","10:30:00 PM",2023-06-13T22:30:00-0700,"06.13.2023 - Jim Causey",Music,120,173567,"Jim Causey","Jun 13, 2023","11:51:55 PM",2023-06-13T23:51:55-0700,"Deborah Martin","Reaching the Ambient","Reaching the Ambient",4:23,,USSP52390004,,,2023,,,"Spotted Peccary",600028906621
"Jun 13, 2023","10:30:00 PM",2023-06-13T22:30:00-0700,"06.13.2023 - Jim Causey",Music,120,173567,"Jim Causey","Jun 13, 2023","11:48:59 PM",2023-06-13T23:48:59-0700,"Ann Annie","Hazel Creek","By Morning",3:17,,QZRP42288976,,,2022,,,"ann annie",197273524224
"Jun 13, 2023","10:30:00 PM",2023-06-13T22:30:00-0700,"06.13.2023 - Jim Causey",Music,120,173567,"Jim Causey","Jun 13, 2023","11:47:02 PM",2023-06-13T23:47:02-0700,"Nathan Kawanishi","a name, a place","a name, a place / canvas",1:59,,CAN112201128,,,2023,,,"Nettwerk Music Group",067003427968
"Jun 13, 2023","10:30:00 PM",2023-06-13T22:30:00-0700,"06.13.2023 - Jim Causey",Music,120,173567,"Jim Causey","Jun 13, 2023","11:42:41 PM",2023-06-13T23:42:41-0700,"Fred again..","I Saw You","Secret Life",4:25,,GBXNG2355001,,,2023,,,"MERLIN - Text Records",3663729244796
"Jun 13, 2023","10:30:00 PM",2023-06-13T22:30:00-0700,"06.13.2023 - Jim Causey",Music,120,173567,"Jim Causey","Jun 13, 2023","11:29:06 PM",2023-06-13T23:29:06-0700,AeTopus,"Altum Deep","Deep Variants",13:55,,QMX3C1900075,,,2020,,,"12Ton Productions",888295968492
"Jun 13, 2023","10:30:00 PM",2023-06-13T22:30:00-0700,"06.13.2023 - Jim Causey",Music,120,173567,"Jim Causey","Jun 13, 2023","11:21:59 PM",2023-06-13T23:21:59-0700,"Paul Ellis","Forever Exploring","Music For The Space Between Atoms",3:59,,GX8LE2353553,,,2023,,,"Cyclical Dreams",5063292750560
"Jun 13, 2023","10:30:00 PM",2023-06-13T22:30:00-0700,"06.13.2023 - Jim Causey",Music,120,173567,"Jim Causey","Jun 13, 2023","11:18:46 PM",2023-06-13T23:18:46-0700,"Marc Barreca",Shopping,"Music Works For Industry",2:33,,QZ3GN1600010,,,2017,,,"Freedom To Spend",603786278757
"Jun 13, 2023","10:30:00 PM",2023-06-13T22:30:00-0700,"06.13.2023 - Jim Causey",Music,120,173567,"Jim Causey","Jun 13, 2023","11:12:27 PM",2023-06-13T23:12:27-0700,"Hello Meteor","Photic Glitter","The Lower Path",4:17,,QZK6N2345817,,,2023,,,DISTROKID,197814738943
"Jun 13, 2023","10:30:00 PM",2023-06-13T22:30:00-0700,"06.13.2023 - Jim Causey",Music,120,173567,"Jim Causey","Jun 13, 2023","11:06:45 PM",2023-06-13T23:06:45-0700,"Boards of Canada",Aquarius,"Music Has The Right To Children",5:58,,GBBPW9800021,,,2013,,,"Warp Records",801061005535
"Jun 13, 2023","10:30:00 PM",2023-06-13T22:30:00-0700,"06.13.2023 - Jim Causey",Music,120,173567,"Jim Causey","Jun 13, 2023","11:04:18 PM",2023-06-13T23:04:18-0700,"Nathan Kawanishi",projections,"projections / yours",2:41,,CAN112201132,,,2023,,,"Nettwerk Music Group",067003452861
"Jun 13, 2023","10:30:00 PM",2023-06-13T22:30:00-0700,"06.13.2023 - Jim Causey",Music,120,173567,"Jim Causey","Jun 13, 2023","10:57:07 PM",2023-06-13T22:57:07-0700,"Four Tet","Three Drums","Three Drums",8:15,,GBXNG2323001,,,2023,,,"MERLIN - Text Records",3663729249081
"Jun 13, 2023","10:30:00 PM",2023-06-13T22:30:00-0700,"06.13.2023 - Jim Causey",Music,120,173567,"Jim Causey","Jun 13, 2023","10:52:40 PM",2023-06-13T22:52:40-0700,"Small Black",Collections,Collections,4:50,,US38Y2320802,,,2013,,,"MERLIN - Jagjaguwar",617308053616
"Jun 13, 2023","10:30:00 PM",2023-06-13T22:30:00-0700,"06.13.2023 - Jim Causey",Music,120,173567,"Jim Causey","Jun 13, 2023","10:47:29 PM",2023-06-13T22:47:29-0700,Lemonade,"Ice Water",Diver,4:44,,,,,,,,,
"Jun 13, 2023","10:30:00 PM",2023-06-13T22:30:00-0700,"06.13.2023 - Jim Causey",Music,120,173567,"Jim Causey","Jun 13, 2023","10:43:15 PM",2023-06-13T22:43:15-0700,Ladytron,"The Night","Time's Arrow",4:17,,GBCEJ2200059,,,2023,,,"Cooking Vinyl Limited",711297532647
"Jun 13, 2023","10:30:00 PM",2023-06-13T22:30:00-0700,"06.13.2023 - Jim Causey",Music,120,173567,"Jim Causey","Jun 13, 2023","10:37:31 PM",2023-06-13T22:37:31-0700,"FM Attack","Strange Ways","Strange Ways",6:14,,TCAHC2382173,,,2023,,,"Starfield Music",859774030320
"Jun 13, 2023","10:30:00 PM",2023-06-13T22:30:00-0700,"06.13.2023 - Jim Causey",Music,120,173567,"Jim Causey","Jun 13, 2023","10:30:42 PM",2023-06-13T22:30:42-0700,"Holy Ghost!","Epton on Broadway, Pt. 1","Epton on Broadway",4:26,,QMRSZ1900124,,,2019,,,"WMG - West End Records",4050538477825
"Jun 6, 2023","10:30:00 PM",2023-06-06T22:30:00-0700,"06.06.2023 - Jim Causey",Music,120,173567,"Jim Causey","Jun 7, 2023","12:23:01 AM",2023-06-07T00:23:01-0700,"Erik Wøllo","Illuminated River","The Le Paysage Single",6:24,,USHK92326902,,,2023,,,"MERLIN - Projekt:Archive",617026226927
"Jun 6, 2023","10:30:00 PM",2023-06-06T22:30:00-0700,"06.06.2023 - Jim Causey",Music,120,173567,"Jim Causey","Jun 6, 2023","11:51:33 PM",2023-06-06T23:51:33-0700,Frore,"Luminous and Tangled",Biome,9:13,,USSP52346005,,,2023,,,"Spotted Peccary",600028460123
"Jun 6, 2023","10:30:00 PM",2023-06-06T22:30:00-0700,"06.06.2023 - Jim Causey",Music,120,173567,"Jim Causey","Jun 6, 2023","11:43:24 PM",2023-06-06T23:43:24-0700,"Martin Stürtzer","Orion Constellation","Cosmic Echo",8:22,,USHM22388313,,,2023,,,Synphaera,198025381164
"Jun 6, 2023","10:30:00 PM",2023-06-06T22:30:00-0700,"06.06.2023 - Jim Causey",Music,120,173567,"Jim Causey","Jun 6, 2023","11:38:30 PM",2023-06-06T23:38:30-0700,"Fog Net","Polymer Field",Headlands,5:01,,USHM22349619,,,2023,,,"Bathysphere Records",198015301479
"Jun 6, 2023","10:30:00 PM",2023-06-06T22:30:00-0700,"06.06.2023 - Jim Causey",Music,120,173567,"Jim Causey","Jun 6, 2023","11:26:34 PM",2023-06-06T23:26:34-0700,"FM Attack","Nova Child","The Never Ending",3:27,,TCAFN2198177,,,2021,,,"Starfield Music",859747522982
"Jun 6, 2023","10:30:00 PM",2023-06-06T22:30:00-0700,"06.06.2023 - Jim Causey",Music,120,173567,"Jim Causey","Jun 6, 2023","11:22:51 PM",2023-06-06T23:22:51-0700,Laquinn,ConSiQuinces,"When Apple Cider Turns to Vinegar Hill",4:01,,QZARB1899329,,,2018,,,"781528 Records DK",840093016942
"Jun 6, 2023","10:30:00 PM",2023-06-06T22:30:00-0700,"06.06.2023 - Jim Causey",Music,120,173567,"Jim Causey","Jun 6, 2023","11:17:38 PM",2023-06-06T23:17:38-0700,NAVVI,Clemency,Clemency,5:28,,GBHLW2300285,,,2023,,,"Hush Hush",5056321686480
"Jun 6, 2023","10:30:00 PM",2023-06-06T22:30:00-0700,"06.06.2023 - Jim Causey",Music,120,173567,"Jim Causey","Jun 6, 2023","11:12:27 PM",2023-06-06T23:12:27-0700,"Emma Ruth Rundle",Body,"Engine of Hell",5:27,,USA2P2108323,,,2021,,,"Sargent House",634457055421
"Jun 6, 2023","10:30:00 PM",2023-06-06T22:30:00-0700,"06.06.2023 - Jim Causey",Music,120,173567,"Jim Causey","Jun 6, 2023","11:07:07 PM",2023-06-06T23:07:07-0700,"Brian Eno","Deep Blue Day - From ""Trainspotting""","Brian Eno - Film Music 1976 ~ 2020",3:53,,GBAAA0500105,,,2005,,,"UMG - EMI Catalogue",00724356364752
"Jun 6, 2023","10:30:00 PM",2023-06-06T22:30:00-0700,"06.06.2023 - Jim Causey",Music,120,173567,"Jim Causey","Jun 6, 2023","11:04:27 PM",2023-06-06T23:04:27-0700,"The Handsome Family","Far From Any Road","Singing Bones",2:48,,GBJCP0300005,,,2014,,,"SME - Sony Music CG",886444802093
"Jun 6, 2023","10:30:00 PM",2023-06-06T22:30:00-0700,"06.06.2023 - Jim Causey",Music,120,173567,"Jim Causey","Jun 6, 2023","11:00:52 PM",2023-06-06T23:00:52-0700,"Cowboy Junkies","Pale Sun","Pale Sun Crescent Moon",3:39,,CAR129300061,,,1993,,,"SME - RCA Records Label",888880756121
"Jun 6, 2023","10:30:00 PM",2023-06-06T22:30:00-0700,"06.06.2023 - Jim Causey",Music,120,173567,"Jim Causey","Jun 6, 2023","10:56:40 PM",2023-06-06T22:56:40-0700,"Daft Punk","Horizon (Japan CD)","Random Access Memories (10th Anniversary Edition)",4:24,,USQX91300808,,,2013,,,"SME - Columbia",886444277297
"Jun 6, 2023","10:30:00 PM",2023-06-06T22:30:00-0700,"06.06.2023 - Jim Causey",Music,120,173567,"Jim Causey","Jun 6, 2023","10:53:04 PM",2023-06-06T22:53:04-0700,U2,"In God's Country","The Joshua Tree",2:57,,GBAAN8790007,,,1990,,,"Island Records",42284229821
"Jun 6, 2023","10:30:00 PM",2023-06-06T22:30:00-0700,"06.06.2023 - Jim Causey",Music,120,173567,"Jim Causey","Jun 6, 2023","10:47:37 PM",2023-06-06T22:47:37-0700,"Still Corners","White Sands","White Sands",5:35,,QZCWY2000003,,,2021,,,"Wrecking Light Records",859742368622
"Jun 6, 2023","10:30:00 PM",2023-06-06T22:30:00-0700,"06.06.2023 - Jim Causey",Music,120,173567,"Jim Causey","Jun 6, 2023","10:38:49 PM",2023-06-06T22:38:49-0700,"Tori Amos","Caught a Lite Sneeze","Late 90s",4:25,,USAT29900498,,,2014,,,"Rhino Atlantic",603497903689
"Jun 6, 2023","10:30:00 PM",2023-06-06T22:30:00-0700,"06.06.2023 - Jim Causey",Music,120,173567,"Jim Causey","Jun 6, 2023","10:33:52 PM",2023-06-06T22:33:52-0700,"Jenn Champion","O.M.G. (I'm All Over It) Piano Version","O.M.G. (I'm All Over It) Piano Version",3:43,,USHF31810401,,,2018,,,"WMG - Subpop Record Group",098787935769
"Jun 6, 2023","10:30:00 PM",2023-06-06T22:30:00-0700,"06.06.2023 - Jim Causey",Music,120,173567,"Jim Causey","Jun 6, 2023","10:31:00 PM",2023-06-06T22:31:00-0700,Mree,"All the Stars","All the Stars",2:56,,GX4LG2200424,,,2023,,,"Mree Music",5056588911639
"May 30, 2023","10:30:00 PM",2023-05-30T22:30:00-0700,"05.30.2023 - Jim Causey",Music,120,173567,"Jim Causey","May 31, 2023","12:28:35 AM",2023-05-31T00:28:35-0700,"Bartees Strange","Heavy Heart","Heavy Heart",3:46,,GBAFL2200006,,,2022,,,"MERLIN - 4AD",5059638374491
"May 30, 2023","10:30:00 PM",2023-05-30T22:30:00-0700,"05.30.2023 - Jim Causey",Music,120,173567,"Jim Causey","May 31, 2023","12:18:02 AM",2023-05-31T00:18:02-0700,"Tom Eaton","before obsidian","elements: audio environments - fire",10:00,,USANG2084759,,,2020,,,Riverwide,018736326578
"May 30, 2023","10:30:00 PM",2023-05-30T22:30:00-0700,"05.30.2023 - Jim Causey",Music,120,173567,"Jim Causey","May 30, 2023","11:47:28 PM",2023-05-30T23:47:28-0700,AeTopus,Aerie,Urbus,5:47,,QMX3C2100085,,,2022,,,"12Ton Productions",195269132613
"May 30, 2023","10:30:00 PM",2023-05-30T22:30:00-0700,"05.30.2023 - Jim Causey",Music,120,173567,"Jim Causey","May 30, 2023","11:42:04 PM",2023-05-30T23:42:04-0700,"Siren and the Sea","Probably Hawai'i","Gravity Wave",3:34,,USDY42320919,,,2023,,,"Bathysphere Records",198015967583
"May 30, 2023","10:30:00 PM",2023-05-30T22:30:00-0700,"05.30.2023 - Jim Causey",Music,120,173567,"Jim Causey","May 30, 2023","11:38:41 PM",2023-05-30T23:38:41-0700,Enya,"The Loxian Gate","Dark Sky Island",3:34,,GBAHT1500535,,,2015,,,"WMG - Warner Music UK",825646957767
"May 30, 2023","10:30:00 PM",2023-05-30T22:30:00-0700,"05.30.2023 - Jim Causey",Music,120,173567,"Jim Causey","May 30, 2023","11:34:21 PM",2023-05-30T23:34:21-0700,"Eydís Evensen","Dreaming of Light","The Light",4:15,,USSM12211685,,,2023,,,"SME - XXIM Records",196589078605
"May 30, 2023","10:30:00 PM",2023-05-30T22:30:00-0700,"05.30.2023 - Jim Causey",Music,120,173567,"Jim Causey","May 30, 2023","11:29:10 PM",2023-05-30T23:29:10-0700,"Deborah Martin","Hall of Whispers","Into The Quiet",5:37,,USSP52390006,,,2023,,,"Spotted Peccary",600028906621
"May 30, 2023","10:30:00 PM",2023-05-30T22:30:00-0700,"05.30.2023 - Jim Causey",Music,120,173567,"Jim Causey","May 30, 2023","11:27:10 PM",2023-05-30T23:27:10-0700,"Still Corners","Shifting Dunes","The Last Exit",2:35,,QZCWY2000010,,,2021,,,"Wrecking Light Records",859742368622
"May 30, 2023","10:30:00 PM",2023-05-30T22:30:00-0700,"05.30.2023 - Jim Causey",Music,120,173567,"Jim Causey","May 30, 2023","11:20:21 PM",2023-05-30T23:20:21-0700,"Gotan Project","Vuelvo al sur","La revancha del tango",7:00,,FR99S9900003,,,2014,,,"Ya Basta",3760038140112
"May 30, 2023","10:30:00 PM",2023-05-30T22:30:00-0700,"05.30.2023 - Jim Causey",Music,120,173567,"Jim Causey","May 30, 2023","11:17:37 PM",2023-05-30T23:17:37-0700,"The MIDI Janitor","Vapor King","Bulk Order",2:45,,QZFYZ2330864,,,2023,,,"Staff Meal Recordings",197544737599
"May 30, 2023","10:30:00 PM",2023-05-30T22:30:00-0700,"05.30.2023 - Jim Causey",Music,120,173567,"Jim Causey","May 30, 2023","11:02:01 PM",2023-05-30T23:02:01-0700,Bluetech,"Echoes Of Orion","Spacehop Chronicles 2: Echoes Of Orion",4:29,,QZK6P2320446,,,2023,,,"Over the Moon Music",197802161432
"May 30, 2023","10:30:00 PM",2023-05-30T22:30:00-0700,"05.30.2023 - Jim Causey",Music,120,173567,"Jim Causey","May 30, 2023","10:58:23 PM",2023-05-30T22:58:23-0700,"Style King of the Week","Eerie Blvd.","Style King of the Week",3:32,,USCGJ2395613,,,2023,,,"Style King of the Week",198015870531
"May 30, 2023","10:30:00 PM",2023-05-30T22:30:00-0700,"05.30.2023 - Jim Causey",Music,120,173567,"Jim Causey","May 30, 2023","10:54:50 PM",2023-05-30T22:54:50-0700,LEATHERS,Ultraviolet,Ultraviolet,3:05,,QMBZ92281640,,,2022,,,"ORCHARD - Artoffact Records",196925682893
"May 30, 2023","10:30:00 PM",2023-05-30T22:30:00-0700,"05.30.2023 - Jim Causey",Music,120,173567,"Jim Causey","May 30, 2023","10:50:21 PM",2023-05-30T22:50:21-0700,"FM Attack","Cosmic Voyage","Cosmic Voyage",4:45,,TCAGR2221315,,,2023,,,"MERLIN - Starfield Music",859768547254
"May 30, 2023","10:30:00 PM",2023-05-30T22:30:00-0700,"05.30.2023 - Jim Causey",Music,120,173567,"Jim Causey","May 30, 2023","10:42:05 PM",2023-05-30T22:42:05-0700,"Javito García/Cogo",Resurrection,Resurrection,7:11,,CA5KR0041446,,,2022,,,"Yeiskomp Records",795397183527
"May 30, 2023","10:30:00 PM",2023-05-30T22:30:00-0700,"05.30.2023 - Jim Causey",Music,120,173567,"Jim Causey","May 30, 2023","10:40:30 PM",2023-05-30T22:40:30-0700,"Melody's Echo Chamber","Looking Backward","Looking Backward",3:21,,GBCEL2100456,,,2022,,,"MERLIN - Domino Recording Co",887829126988
"May 30, 2023","10:30:00 PM",2023-05-30T22:30:00-0700,"05.30.2023 - Jim Causey",Music,120,173567,"Jim Causey","May 30, 2023","10:37:43 PM",2023-05-30T22:37:43-0700,Yaeji,"Done (Let’s Get It)","Done (Let's Get It)",2:52,,GBBKS2200188,,,2023,,,"MERLIN - XL Recordings",5059638397964
"May 30, 2023","10:30:00 PM",2023-05-30T22:30:00-0700,"05.30.2023 - Jim Causey",Music,120,173567,"Jim Causey","May 30, 2023","10:33:36 PM",2023-05-30T22:33:36-0700,CHVRCHES,"The Mother We Share","The Bones Of What You Believe (Special Edition)",3:11,,GBZN81300014,,,2019,,,"MERLIN - Glassnote Entertainment Group LLC",0044003170964
